timestamp,rainfall_mm,inflow_litres,usage_litres,tank_level_litres,tank_capacity_litres,temperature_c,overflow_litres,_is_sensor_outlier
2024-06-15 15:00:00,0.0,0.0,1.76,3773.57,5000.0,28.5,0.0,False
2024-07-23 22:00:00,0.0,0.0,1.98,4513.76,5000.0,22.3,0.0,False
2024-06-16 07:00:00,0.0,0.0,38.7,4915.19,5000.0,19.5,0.0,False
2024-06-20 06:00:00,0.0,0.0,30.46,4865.47,5000.0,19.2,0.0,False
2024-09-16 20:00:00,0.0,0.0,50.57,4145.44,5000.0,16.8,0.0,False
2024-10-03 17:00:00,0.0,0.0,1.82,1403.83,5000.0,,0.0,False
2024-08-13 05:00:00,0.0,0.0,2.45,4786.05,5000.0,18.9,0.0,False
2024-07-01 03:00:00,0.0,0.0,1.84,4513.66,5000.0,19.3,0.0,False
2024-07-04 22:00:00,0.0,0.0,,4806.08,5000.0,21.9,0.0,False
2024-09-18 16:00:00,0.0,0.0,2.01,4081.22,5000.0,23.1,0.0,False
2024-08-24 00:00:00,0.0,0.0,2.03,2435.37,5000.0,,0.0,False
2024-04-21 15:00:00,0.0,0.0,2.02,4081.94,5000.0,21.5,0.0,False
2024-08-27 17:00:00,3.67,473.73,2.23,5000.0,5000.0,26.3,325.62,False
2024-04-15 14:00:00,0.0,0.0,2.45,3573.04,5000.0,20.9,0.0,False
2024-06-20 21:00:00,0.0,0.0,43.38,4425.75,5000.0,20.3,0.0,False
2024-04-18 22:00:00,0.0,0.0,1.8,4523.32,5000.0,,0.0,False
2024-09-28 08:00:00,0.0,0.0,31.79,3048.9,5000.0,17.8,0.0,False
2024-04-15 21:00:00,0.0,0.0,45.03,3386.04,5000.0,16.6,0.0,False
2024-09-02 21:00:00,0.0,0.0,37.03,4704.41,5000.0,21.0,0.0,False
2024-06-07 19:00:00,0.0,0.0,41.73,4901.84,5000.0,24.9,0.0,False
2024-07-13 23:00:00,0.0,0.0,2.0,4695.85,5000.0,22.7,0.0,False
2024-08-02 05:00:00,0.0,0.0,2.17,4816.38,5000.0,20.6,0.0,False
2024-10-07 22:00:00,0.0,0.0,1.78,408.07,5000.0,13.8,0.0,False
2024-08-08 05:00:00,0.0,0.0,1.96,4995.75,5000.0,18.4,0.0,False
2024-06-11 08:00:00,0.0,0.0,30.98,4278.54,5000.0,22.3,0.0,False
2024-08-07 22:00:00,1.58,189.46,1.77,5000.0,5000.0,20.4,187.69,False
2024-05-27 00:00:00,1.33,163.96,2.16,4321.83,5000.0,19.0,0.0,False
2024-09-18 14:00:00,0.0,,1.77,4085.38,5000.0,23.9,0.0,False
2024-07-27 06:00:00,0.0,0.0,31.02,4289.19,5000.0,19.5,0.0,False
2024-08-28 09:00:00,0.0,0.0,2.45,4905.66,5000.0,22.5,0.0,False
2024-07-03 22:00:00,0.0,0.0,2.43,4719.16,5000.0,,0.0,False
2024-06-08 19:00:00,0.0,0.0,39.09,4401.41,5000.0,24.5,0.0,False
2024-07-30 05:00:00,0.0,0.0,1.81,4998.19,5000.0,19.4,0.0,False
2024-04-22 12:00:00,0.0,0.0,2.3,3789.2,5000.0,17.9,0.0,False
2024-04-20 14:00:00,0.0,0.0,1.76,4583.83,5000.0,,0.0,False
2024-07-04 07:00:00,0.0,0.0,38.74,4743.15,5000.0,19.9,0.0,False
2024-09-14 02:00:00,0.0,0.0,2.11,4907.88,5000.0,14.8,0.0,False
2024-08-21 14:00:00,0.0,0.0,2.01,,5000.0,27.0,0.0,False
2024-05-25 15:00:00,0.0,0.0,2.1,4642.43,5000.0,28.0,0.0,False
2024-07-17 12:00:00,,0.0,58.91,4868.11,5000.0,27.3,0.0,False
2024-04-20 21:00:00,0.0,,43.24,4389.5,5000.0,16.8,0.0,False
2024-09-04 18:00:00,0.0,0.0,36.01,4032.84,5000.0,23.9,0.0,False
2024-08-12 03:00:00,1.51,187.06,1.84,5000.0,5000.0,16.4,185.22,False
2024-04-10 22:00:00,0.0,0.0,2.07,1948.66,5000.0,12.1,0.0,False
2024-04-11 11:00:00,0.0,0.0,1.78,,5000.0,18.3,0.0,False
2024-07-16 05:00:00,0.0,0.0,1.79,3868.08,5000.0,18.5,0.0,False
2024-04-24 11:00:00,0.0,0.0,62.43,3459.9,5000.0,18.5,0.0,False
2024-05-22 18:00:00,0.0,0.0,44.11,4427.75,5000.0,24.5,0.0,False
2024-10-06 21:00:00,0.0,0.0,48.42,723.22,5000.0,15.6,0.0,False
2024-04-25 04:00:00,0.0,0.0,2.03,4044.87,5000.0,13.2,0.0,False
2024-08-04 12:00:00,0.0,0.0,67.99,4750.06,5000.0,27.7,0.0,False
2024-08-07 01:00:00,0.0,0.0,2.17,4812.86,5000.0,19.7,0.0,False
2024-09-10 04:00:00,0.0,0.0,2.11,4334.27,5000.0,13.4,0.0,False
2024-08-01 02:00:00,0.0,0.0,2.21,4668.96,5000.0,20.4,0.0,False
2024-05-23 12:00:00,0.0,,2.39,4600.18,5000.0,25.1,0.0,False
2024-09-19 20:00:00,0.0,0.0,50.03,3763.31,5000.0,19.1,0.0,False
2024-08-17 12:00:00,0.0,,2.14,4061.06,5000.0,26.0,0.0,False
2024-09-11 07:00:00,0.0,0.0,33.48,4743.66,5000.0,16.6,0.0,False
2024-07-17 09:00:00,1.01,132.05,1.84,5000.0,5000.0,23.4,130.21,False
2024-05-09 23:00:00,0.0,0.0,2.14,,5000.0,14.5,0.0,False
2024-08-02 09:00:00,0.0,0.0,,4716.49,5000.0,22.7,0.0,False
2024-06-16 20:00:00,0.0,0.0,48.29,4715.35,5000.0,22.5,0.0,False
2024-09-07 10:00:00,0.0,0.0,2.03,3283.47,5000.0,21.0,0.0,False
2024-05-05 21:00:00,0.0,0.0,37.85,4512.0,5000.0,17.2,0.0,False
2024-08-05 02:00:00,0.0,0.0,2.21,4515.16,5000.0,18.6,0.0,False
2024-08-28 22:00:00,0.0,0.0,2.36,4544.25,5000.0,19.4,0.0,False
2024-04-28 10:00:00,0.0,0.0,1.95,4233.3,5000.0,19.8,0.0,False
2024-09-18 05:00:00,0.0,0.0,2.29,4385.91,5000.0,13.4,0.0,False
2024-08-27 10:00:00,0.0,0.0,,2945.16,5000.0,21.7,0.0,False
2024-05-09 15:00:00,0.0,0.0,,4725.61,5000.0,23.2,0.0,False
2024-07-16 03:00:00,0.0,0.0,2.43,3872.21,5000.0,19.6,0.0,False
2024-10-02 03:00:00,0.0,0.0,1.79,2029.25,5000.0,10.4,0.0,False
2024-08-05 21:00:00,0.0,0.0,39.45,4377.65,5000.0,23.6,0.0,False
2024-05-23 09:00:00,0.0,0.0,2.0,,5000.0,19.8,0.0,False
2024-09-17 07:00:00,0.0,0.0,30.79,4179.45,5000.0,17.8,0.0,False
2024-10-01 05:00:00,0.0,0.0,2.26,2016.33,5000.0,10.1,0.0,False
2024-08-03 07:00:00,0.0,0.0,38.25,4849.53,5000.0,19.1,0.0,False
2024-09-01 18:00:00,0.0,0.0,51.9,3219.25,5000.0,26.2,0.0,False
2024-08-30 15:00:00,0.0,0.0,2.37,4105.63,5000.0,28.3,0.0,False
2024-08-21 20:00:00,0.0,0.0,47.26,3297.64,5000.0,25.2,0.0,False
2024-10-03 19:00:00,0.0,0.0,39.82,1318.81,5000.0,17.7,0.0,False
2024-08-11 21:00:00,0.0,0.0,,4918.09,5000.0,22.5,0.0,False
2024-04-09 06:00:00,0.0,0.0,31.86,2705.38,5000.0,10.9,0.0,False
2024-08-13 14:00:00,0.0,0.0,1.77,4618.56,5000.0,28.3,0.0,False
2024-10-05 00:00:00,0.0,0.0,2.5,1533.3,5000.0,10.1,0.0,False
2024-06-26 22:00:00,0.0,0.0,2.16,4815.18,5000.0,,0.0,False
2024-04-12 16:00:00,0.0,0.0,2.18,3795.87,5000.0,18.9,0.0,False
2024-08-05 01:00:00,0.0,0.0,1.92,4517.37,5000.0,18.1,0.0,False
2024-09-04 06:00:00,0.0,0.0,37.43,4154.26,5000.0,16.9,0.0,False
2024-07-26 11:00:00,0.0,0.0,49.49,4663.35,5000.0,28.6,0.0,False
2024-08-28 12:00:00,0.0,0.0,64.4,4785.54,5000.0,23.7,0.0,False
2024-07-26 00:00:00,0.0,0.0,2.07,4816.95,5000.0,20.5,0.0,False
2024-07-26 22:00:00,0.0,0.0,2.14,4334.17,5000.0,22.2,0.0,False
2024-09-11 18:00:00,0.0,0.0,45.73,4952.02,5000.0,21.7,0.0,False
2024-06-19 18:00:00,1.02,129.39,46.95,5000.0,5000.0,26.3,75.77,False
2024-09-03 02:00:00,0.0,0.0,2.44,4692.74,5000.0,,0.0,False
2024-08-26 19:00:00,0.0,0.0,38.52,3153.4,5000.0,22.5,0.0,False
2024-07-29 10:00:00,0.0,0.0,2.42,4560.84,5000.0,26.3,0.0,False
2024-07-29 09:00:00,0.0,,2.16,4563.26,5000.0,23.5,0.0,False
2024-09-24 02:00:00,0.0,0.0,1.99,4531.09,5000.0,11.6,0.0,False
2024-08-13 20:00:00,3.79,485.83,48.8,5000.0,5000.0,24.3,437.03,False
2024-06-28 10:00:00,0.0,0.0,1.87,4400.89,5000.0,24.7,0.0,False
2024-07-20 01:00:00,0.0,0.0,1.98,,5000.0,18.6,0.0,False
2024-06-19 20:00:00,0.0,,44.45,4955.55,5000.0,24.6,0.0,False
2024-06-14 21:00:00,0.0,0.0,38.58,3901.74,5000.0,24.3,0.0,False
2024-09-13 10:00:00,0.0,0.0,1.73,4434.35,5000.0,18.9,0.0,False
2024-09-28 22:00:00,0.0,0.0,2.07,2853.78,5000.0,15.1,0.0,False
2024-08-27 20:00:00,0.0,0.0,50.73,4897.27,5000.0,22.7,0.0,False
2024-08-12 13:00:00,0.0,0.0,2.11,4995.64,5000.0,28.4,0.0,False
2024-07-25 19:00:00,0.0,0.0,47.0,4900.57,5000.0,28.5,0.0,False
2024-06-23 08:00:00,0.92,113.98,37.34,5000.0,5000.0,24.8,76.64,False
2024-06-13 13:00:00,0.0,0.0,2.4,4558.4,5000.0,27.7,0.0,False
2024-05-09 20:00:00,0.0,0.0,46.04,4953.96,5000.0,23.7,0.0,False
2024-04-23 22:00:00,0.0,0.0,1.95,3279.82,5000.0,13.6,0.0,False
2024-04-13 03:00:00,,0.0,1.72,3583.81,5000.0,8.9,0.0,False
2024-10-07 09:00:00,0.0,0.0,1.84,591.75,5000.0,16.4,0.0,False
2024-06-20 22:00:00,0.0,0.0,2.23,4423.52,5000.0,21.7,0.0,False
2024-06-30 17:00:00,0.0,0.0,2.41,4700.6,5000.0,28.5,0.0,False
2024-09-13 16:00:00,0.0,,1.7,4996.03,5000.0,22.5,0.0,False
2024-06-09 15:00:00,0.0,0.0,1.87,4881.94,5000.0,24.6,0.0,False
2024-05-18 01:00:00,1.08,135.37,2.27,5000.0,5000.0,15.6,88.35,False
2024-09-14 00:00:00,0.0,0.0,2.28,4912.29,5000.0,17.4,0.0,False
2024-05-14 11:00:00,0.0,0.0,2.5,4056.93,5000.0,21.9,0.0,False
2024-05-30 14:00:00,0.0,0.0,1.98,4643.53,5000.0,27.6,0.0,False
2024-07-19 05:00:00,0.66,86.59,2.22,5000.0,5000.0,19.5,1.23,False
2024-06-10 18:00:00,,0.0,44.22,4536.07,5000.0,26.6,0.0,False
2024-10-05 19:00:00,0.0,0.0,45.68,1313.91,5000.0,16.7,0.0,False
2024-10-03 13:00:00,,0.0,55.12,1411.77,5000.0,22.4,0.0,False
2024-09-16 06:00:00,0.0,0.0,32.94,4381.25,5000.0,14.8,0.0,False
2024-05-16 06:00:00,0.99,128.22,31.89,4986.25,5000.0,14.9,0.0,False
2024-05-21 18:00:00,0.0,0.0,44.87,4736.4,5000.0,22.6,0.0,False
2024-04-24 16:00:00,,,2.5,3332.38,5000.0,21.7,0.0,False
2024-05-05 16:00:00,0.0,0.0,1.82,4687.06,5000.0,20.9,0.0,False
2024-06-09 23:00:00,0.0,0.0,1.86,,5000.0,19.4,0.0,False
2024-07-11 04:00:00,0.0,0.0,2.27,4800.63,5000.0,17.7,0.0,False
2024-05-23 16:00:00,0.0,0.0,2.16,4750.31,5000.0,25.8,0.0,False
2024-08-03 21:00:00,1.37,179.29,42.36,5000.0,5000.0,23.1,134.12,False
2024-09-23 01:00:00,0.0,0.0,2.45,4844.51,5000.0,15.4,0.0,False
2024-10-04 01:00:00,0.0,0.0,1.98,1225.76,5000.0,12.4,0.0,False
2024-05-11 12:00:00,0.0,0.0,2.32,4869.49,5000.0,22.7,0.0,False
2024-09-02 10:00:00,0.0,0.0,2.39,4885.14,5000.0,25.7,0.0,False
2024-07-24 04:00:00,0.0,0.0,2.04,4501.52,5000.0,19.3,0.0,False
2024-08-01 10:00:00,2.95,395.32,1.91,5000.0,5000.0,22.2,138.65,False
2024-09-18 10:00:00,0.0,0.0,1.84,4268.3,5000.0,19.9,0.0,False
2024-05-01 08:00:00,0.0,0.0,37.39,4925.04,5000.0,16.6,0.0,False
2024-07-17 13:00:00,0.0,0.0,55.91,4812.2,5000.0,28.9,0.0,False
2024-06-29 09:00:00,0.0,0.0,2.34,4088.75,5000.0,23.5,0.0,False
2024-05-06 07:00:00,0.0,0.0,39.37,4509.12,5000.0,18.0,0.0,False
2024-07-19 22:00:00,0.0,0.0,1.76,4692.55,5000.0,22.0,0.0,False
2024-05-20 19:00:00,0.0,0.0,39.89,4919.21,5000.0,20.6,0.0,False
2024-08-30 03:00:00,0.0,0.0,2.49,4217.56,5000.0,14.3,0.0,False
2024-07-10 19:00:00,0.0,0.0,51.74,,5000.0,25.7,0.0,False
2024-10-01 14:00:00,0.0,0.0,1.74,1904.15,5000.0,21.1,0.0,False
2024-06-02 16:00:00,0.0,0.0,1.73,4797.81,5000.0,27.0,0.0,False
2024-06-12 21:00:00,,0.0,46.77,4684.26,5000.0,21.6,0.0,False
2024-07-27 21:00:00,0.0,0.0,46.35,4029.99,5000.0,23.0,0.0,False
2024-07-27 04:00:00,0.0,0.0,2.41,4322.45,5000.0,17.1,0.0,False
2024-08-19 07:00:00,0.0,0.0,27.53,3973.74,5000.0,20.5,0.0,False
2024-08-05 20:00:00,0.0,0.0,44.18,4417.1,5000.0,25.7,0.0,False
2024-04-15 12:00:00,0.0,0.0,66.32,,5000.0,19.4,0.0,False
2024-06-19 10:00:00,0.0,0.0,2.2,4858.03,5000.0,25.8,0.0,False
2024-06-16 15:00:00,,0.0,2.31,4863.89,5000.0,27.8,0.0,False
2024-06-06 12:00:00,0.0,0.0,2.3,4741.59,5000.0,25.2,0.0,False
2024-05-31 02:00:00,0.0,0.0,1.73,4446.35,5000.0,16.0,0.0,False
2024-09-27 21:00:00,0.0,0.0,51.29,3163.35,5000.0,18.4,0.0,False
2024-04-28 23:00:00,1.92,256.92,2.35,4548.11,5000.0,13.1,0.0,False
2024-06-29 16:00:00,,248.42,2.2,5000.0,5000.0,28.3,63.97,False
2024-06-19 09:00:00,0.0,0.0,1.97,4860.23,5000.0,21.9,0.0,False
2024-09-01 08:00:00,,0.0,31.47,3290.23,5000.0,,0.0,False
2024-04-14 08:00:00,0.0,0.0,34.91,3262.96,5000.0,15.1,0.0,False
2024-09-27 06:00:00,0.0,0.0,28.62,3600.08,5000.0,12.5,0.0,False
2024-08-10 04:00:00,0.0,0.0,1.94,4998.06,5000.0,18.9,0.0,False
2024-04-11 20:00:00,1.05,9170.499598267368,41.63,4065.47,5000.0,16.3,0.0,True
2024-08-31 03:00:00,0.0,0.0,2.15,3921.15,5000.0,18.1,0.0,False
2024-08-18 09:00:00,0.0,0.0,2.16,4051.7,5000.0,22.5,0.0,False
2024-07-16 06:00:00,0.0,0.0,34.55,3833.53,5000.0,22.1,0.0,False
2024-09-05 12:00:00,0.0,0.0,2.14,3962.67,5000.0,24.6,0.0,False
2024-06-17 08:00:00,0.0,0.0,39.99,4549.61,5000.0,22.5,0.0,False
2024-08-12 22:00:00,0.0,0.0,2.41,,5000.0,21.6,0.0,False
2024-06-10 03:00:00,0.0,0.0,2.12,4687.63,5000.0,19.0,0.0,False
2024-09-04 05:00:00,0.0,0.0,1.75,4191.69,5000.0,17.2,0.0,False
2024-05-14 19:00:00,1.91,247.78,43.48,4756.13,5000.0,22.3,0.0,False
2024-04-12 19:00:00,0.0,0.0,49.81,3692.86,5000.0,17.1,0.0,False
2024-09-06 08:00:00,0.0,0.0,28.64,3654.4,5000.0,17.6,0.0,False
2024-09-16 04:00:00,,0.0,2.24,4416.03,5000.0,15.0,0.0,False
2024-04-25 00:00:00,0.0,0.0,1.98,,5000.0,11.2,0.0,False
2024-05-31 08:00:00,0.0,0.0,36.41,4336.98,5000.0,19.6,0.0,False
2024-07-10 21:00:00,0.0,0.0,38.48,4816.11,5000.0,22.4,0.0,False
2024-09-20 11:00:00,0.0,0.0,,3602.6,5000.0,21.8,0.0,False
2024-07-17 04:00:00,0.0,0.0,2.01,4891.7,5000.0,17.8,0.0,False
2024-05-31 05:00:00,0.0,0.0,2.23,4439.65,5000.0,17.1,0.0,False
2024-05-08 17:00:00,1.98,264.03,2.0,5000.0,5000.0,23.6,247.28,False
2024-07-11 14:00:00,3.49,454.74,1.79,5000.0,5000.0,26.9,452.95,False
2024-09-05 23:00:00,0.0,0.0,1.91,3763.44,5000.0,19.6,0.0,False
2024-04-21 08:00:00,0.0,0.0,28.96,4279.38,5000.0,15.4,0.0,False
2024-07-23 03:00:00,0.0,0.0,2.18,4997.82,5000.0,19.6,0.0,False
2024-07-19 11:00:00,0.0,0.0,1.77,4884.95,5000.0,,0.0,False
2024-06-14 02:00:00,0.0,0.0,2.29,4361.77,5000.0,17.4,0.0,False
2024-08-14 07:00:00,0.0,0.0,29.79,4914.5,5000.0,21.0,0.0,False
2024-06-25 05:00:00,0.0,0.0,1.75,4983.63,5000.0,19.8,0.0,False
2024-04-28 21:00:00,0.0,0.0,38.45,4295.42,5000.0,18.7,0.0,False
2024-08-24 10:00:00,0.0,0.0,2.46,2324.32,5000.0,22.5,0.0,False
2024-05-13 20:00:00,0.0,0.0,41.72,4233.35,5000.0,23.0,0.0,False
2024-08-18 22:00:00,0.0,0.0,1.76,3854.87,5000.0,20.1,0.0,False
2024-05-25 01:00:00,0.0,0.0,2.4,4064.9,5000.0,16.0,0.0,False
2024-09-17 21:00:00,0.0,0.0,40.96,4403.9,5000.0,18.8,0.0,False
2024-05-08 22:00:00,0.0,0.0,2.05,4915.43,5000.0,15.1,0.0,False
2024-10-06 22:00:00,0.0,0.0,2.44,720.78,5000.0,14.5,0.0,False
2024-05-21 15:00:00,0.0,0.0,1.74,4785.52,5000.0,24.9,0.0,False
2024-04-17 12:00:00,,0.0,2.4,4868.2,5000.0,19.0,0.0,False
2024-06-21 05:00:00,0.0,0.0,,4407.85,5000.0,20.7,0.0,False
2024-05-16 07:00:00,0.76,100.46,29.23,5000.0,5000.0,15.7,57.48,False
2024-04-19 09:00:00,0.0,0.0,2.12,4907.32,5000.0,16.8,0.0,False
2024-05-19 04:00:00,0.0,0.0,1.72,4546.24,5000.0,15.9,0.0,False
2024-06-27 22:00:00,0.0,0.0,1.86,4511.13,5000.0,23.1,0.0,False
2024-07-29 00:00:00,0.0,0.0,2.19,4689.77,5000.0,18.8,0.0,False
2024-04-22 07:00:00,0.0,0.0,37.72,3830.84,5000.0,12.1,0.0,False
2024-07-29 12:00:00,0.0,0.0,66.2,4423.72,5000.0,26.3,0.0,False
2024-06-07 06:00:00,0.0,0.0,36.97,4481.46,5000.0,20.0,0.0,False
2024-05-24 06:00:00,0.0,0.0,29.2,4524.97,5000.0,17.1,0.0,False
2024-08-10 01:00:00,1.14,143.61,2.27,,5000.0,16.3,141.34,False
2024-09-22 14:00:00,0.0,0.0,2.0,3271.5,5000.0,25.4,0.0,False
2024-09-02 09:00:00,0.0,0.0,2.03,4887.53,5000.0,20.6,0.0,False
2024-06-16 02:00:00,0.0,0.0,2.05,4995.49,5000.0,18.6,0.0,False
2024-09-12 08:00:00,0.0,0.0,37.14,4704.36,5000.0,18.4,0.0,False
2024-07-31 20:00:00,0.0,0.0,46.69,4730.77,5000.0,26.8,0.0,False
2024-08-29 14:00:00,0.0,0.0,2.35,4410.68,5000.0,24.4,0.0,False
2024-09-01 09:00:00,0.0,0.0,1.77,3288.46,5000.0,20.7,0.0,False
2024-05-22 17:00:00,0.0,0.0,2.23,4471.86,5000.0,22.6,0.0,False
2024-09-08 03:00:00,2.01,275.07,1.99,3757.33,5000.0,17.5,0.0,False
2024-06-15 04:00:00,,0.0,2.44,3886.63,5000.0,18.2,0.0,False
2024-05-05 20:00:00,0.0,0.0,41.18,4549.85,5000.0,22.3,0.0,False
2024-08-08 14:00:00,0.0,0.0,1.87,4886.8,5000.0,26.4,0.0,False
2024-10-07 12:00:00,0.0,0.0,2.4,585.48,5000.0,20.0,0.0,False
2024-08-13 17:00:00,0.0,0.0,1.82,4612.8,5000.0,29.3,0.0,False
2024-08-04 15:00:00,0.0,0.0,2.38,4690.72,5000.0,28.1,0.0,False
2024-05-04 19:00:00,0.0,0.0,43.34,4896.58,5000.0,21.2,0.0,False
2024-08-07 03:00:00,1.26,158.39,1.9,4967.09,5000.0,18.3,0.0,False
2024-08-10 14:00:00,0.0,0.0,2.17,,5000.0,28.0,0.0,False
2024-07-30 03:00:00,2.24,312.69,2.29,5000.0,5000.0,19.3,303.2,False
2024-09-07 03:00:00,0.0,0.0,2.29,3266.41,5000.0,,0.0,False
2024-08-23 07:00:00,0.0,0.0,39.76,2661.02,5000.0,19.7,0.0,False
2024-09-29 08:00:00,0.0,0.0,35.68,2738.12,5000.0,17.3,0.0,False
2024-08-02 12:00:00,0.0,0.0,2.14,4710.4,5000.0,27.2,0.0,False
2024-06-07 00:00:00,0.0,0.0,2.46,4529.82,5000.0,18.4,0.0,False
2024-04-29 01:00:00,3.33,421.85,2.32,5000.0,5000.0,10.5,217.37,False
2024-08-15 00:00:00,0.0,0.0,1.92,4995.66,5000.0,18.3,0.0,False
2024-05-14 17:00:00,2.43,306.58,2.35,4350.12,5000.0,22.2,0.0,False
2024-07-04 09:00:00,1.75,239.53,2.12,5000.0,5000.0,26.5,237.41,False
2024-08-21 01:00:00,0.0,0.0,1.87,3270.8,5000.0,17.3,0.0,False
2024-06-28 13:00:00,0.0,0.0,1.96,4394.74,5000.0,29.3,0.0,False
2024-09-21 05:00:00,0.0,0.0,1.8,3863.21,5000.0,12.1,0.0,False
2024-07-27 17:00:00,0.0,0.0,2.05,4203.88,5000.0,25.8,0.0,False
2024-09-14 14:00:00,1.42,190.3,2.13,4987.98,5000.0,23.9,0.0,False
2024-06-17 09:00:00,0.0,0.0,1.98,4547.63,5000.0,22.6,0.0,False
2024-04-21 02:00:00,0.0,0.0,1.78,4380.26,5000.0,11.7,0.0,False
2024-04-10 02:00:00,0.0,0.0,2.39,2245.59,5000.0,10.5,0.0,False
2024-06-23 11:00:00,0.0,0.0,1154.7913659873361,4943.29,5000.0,25.2,0.0,True
2024-05-31 22:00:00,0.0,0.0,2.1,4863.94,5000.0,19.9,0.0,False
2024-08-29 07:00:00,0.0,0.0,33.74,4458.36,5000.0,19.9,0.0,False
2024-08-18 14:00:00,0.0,0.0,2.07,4041.19,5000.0,26.2,0.0,False
2024-04-21 09:00:00,0.0,0.0,1.7,,5000.0,16.4,0.0,False
2024-04-16 19:00:00,2.89,355.92,48.58,4117.83,5000.0,16.8,0.0,False
2024-10-03 15:00:00,0.0,0.0,,1407.74,5000.0,20.7,0.0,False
2024-05-06 22:00:00,0.0,0.0,2.13,4359.82,5000.0,19.1,0.0,False
2024-04-17 09:00:00,0.0,0.0,1.84,4874.56,5000.0,15.4,0.0,False
2024-05-22 07:00:00,0.0,0.0,37.43,4523.07,5000.0,16.0,0.0,False
2024-05-01 13:00:00,0.0,0.0,1.75,4915.38,5000.0,18.7,0.0,False
2024-05-21 05:00:00,0.0,0.0,2.35,4816.94,5000.0,19.7,0.0,False
2024-09-28 06:00:00,0.0,0.0,29.7,3115.61,5000.0,13.5,0.0,False
2024-07-21 08:00:00,0.0,0.0,,4697.35,5000.0,23.3,0.0,False
2024-05-08 01:00:00,0.0,0.0,2.31,4606.81,5000.0,14.6,0.0,False
2024-04-22 23:00:00,0.0,0.0,1.74,5462.427183860158,5000.0,12.7,0.0,True
2024-05-10 15:00:00,0.0,0.0,2.41,4772.74,5000.0,23.1,0.0,False
2024-04-19 19:00:00,0.0,0.0,45.32,4795.12,5000.0,17.7,0.0,False
2024-08-23 00:00:00,0.0,0.0,2.42,2738.37,5000.0,16.8,0.0,False
2024-05-14 04:00:00,0.0,0.0,1.88,4172.39,5000.0,14.8,0.0,False
2024-04-30 04:00:00,0.0,0.0,2.46,4682.94,5000.0,12.6,0.0,False
2024-06-23 12:00:00,1.61,203.68,49.83,5000.0,5000.0,26.6,97.14,False
2024-07-26 06:00:00,0.0,,32.1,4774.65,5000.0,20.4,0.0,False
2024-10-07 00:00:00,0.0,0.0,2.18,716.4,5000.0,13.2,0.0,False
2024-09-17 16:00:00,1.46,189.91,2.36,4322.94,5000.0,22.9,0.0,False
2024-06-18 13:00:00,0.0,0.0,2.04,4811.2,5000.0,,0.0,False
2024-05-17 11:00:00,0.0,0.0,1.9,4996.38,5000.0,20.3,0.0,False
2024-09-20 18:00:00,,0.0,44.09,3545.92,5000.0,24.8,0.0,False
2024-06-21 20:00:00,0.0,0.0,52.15,4150.6,5000.0,25.4,0.0,False
2024-10-04 02:00:00,0.0,0.0,1.72,1224.04,5000.0,11.3,0.0,False
2024-10-07 10:00:00,0.0,0.0,2.09,589.66,5000.0,18.0,0.0,False
2024-07-18 13:00:00,0.0,0.0,1.74,4989.37,5000.0,30.2,0.0,False
2024-06-02 15:00:00,,0.0,,,5000.0,27.3,0.0,False
2024-06-06 01:00:00,0.0,0.0,1.79,4854.67,5000.0,17.1,0.0,False
2024-06-09 08:00:00,0.0,0.0,27.23,4387.8,5000.0,20.4,0.0,False
2024-09-26 18:00:00,0.0,0.0,36.09,3774.93,5000.0,22.8,0.0,False
2024-06-04 13:00:00,0.0,0.0,,4200.75,5000.0,24.2,0.0,False
2024-06-16 23:00:00,0.0,0.0,1.91,4672.67,5000.0,20.2,0.0,False
2024-06-26 15:00:00,0.94,135.18,1.85,5000.0,5000.0,29.8,133.33,False
2024-05-06 14:00:00,1.03,133.97,2.17,4550.79,5000.0,22.2,0.0,False
2024-05-01 06:00:00,3.09,373.54,27.91,5000.0,5000.0,14.4,340.41,False
2024-08-28 15:00:00,0.0,0.0,2.08,4719.72,5000.0,25.0,0.0,False
2024-06-17 01:00:00,0.0,0.0,2.47,4668.5,5000.0,19.0,0.0,False
2024-07-20 00:00:00,0.0,0.0,2.04,4688.04,5000.0,21.1,0.0,False
2024-04-14 20:00:00,0.0,0.0,40.64,3916.58,5000.0,15.4,0.0,False
2024-05-14 02:00:00,0.0,0.0,1.89,4176.39,5000.0,16.1,0.0,False
2024-07-06 18:00:00,0.0,0.0,38.57,4456.03,5000.0,25.6,0.0,False
2024-04-26 15:00:00,0.0,0.0,,4688.07,5000.0,21.8,0.0,False
2024-09-15 07:00:00,0.0,0.0,37.81,4820.87,5000.0,15.9,0.0,False
2024-04-30 06:00:00,0.0,0.0,28.85,4652.27,5000.0,13.8,0.0,False
2024-06-07 23:00:00,0.0,0.0,2.26,4815.31,5000.0,20.3,0.0,False
2024-09-09 01:00:00,0.0,0.0,2.49,4806.68,5000.0,16.6,0.0,False
2024-05-17 08:00:00,3.87,473.09,39.93,5000.0,5000.0,18.6,433.16,False
2024-09-07 01:00:00,0.0,0.0,1.82,3270.94,5000.0,14.5,0.0,False
2024-09-13 23:00:00,0.0,0.0,2.09,4914.57,5000.0,16.0,0.0,False
2024-06-21 07:00:00,0.0,0.0,33.29,4340.22,5000.0,19.9,0.0,False
2024-05-02 14:00:00,0.0,0.0,2.47,4991.28,5000.0,24.5,0.0,False
2024-05-28 17:00:00,0.79,99.43,1.97,4649.41,5000.0,22.0,0.0,False
2024-09-28 00:00:00,0.0,0.0,1.73,3156.91,5000.0,14.1,0.0,False
2024-07-27 07:00:00,0.0,0.0,30.03,,5000.0,22.0,0.0,False
2024-08-13 18:00:00,3.57,479.07,44.52,5000.0,5000.0,26.6,47.35,False
2024-08-22 05:00:00,0.0,0.0,2.41,3228.48,5000.0,18.6,0.0,False
2024-09-08 14:00:00,2.0,238.21,2.4,,5000.0,25.1,235.81,False
2024-04-27 13:00:00,0.0,0.0,63.99,4542.3,5000.0,21.6,0.0,False
2024-09-24 23:00:00,0.0,0.0,2.3,4055.34,5000.0,13.9,0.0,False
2024-06-30 03:00:00,0.0,0.0,2.12,4833.07,5000.0,18.9,0.0,False
2024-09-04 23:00:00,1.44,,1.92,4089.52,5000.0,20.0,0.0,False
2024-09-06 15:00:00,0.0,0.0,2.1,3471.68,5000.0,26.6,0.0,False
2024-07-12 23:00:00,1.71,215.22,2.2,5000.0,5000.0,19.7,213.02,False
2024-10-06 23:00:00,0.0,0.0,2.2,718.58,5000.0,15.7,0.0,False
2024-05-27 13:00:00,0.0,0.0,56.99,4810.1,5000.0,24.5,0.0,False
2024-06-03 12:00:00,,0.0,1.74,4493.7,5000.0,25.0,0.0,False
2024-04-30 22:00:00,0.0,0.0,1.84,4201.1,5000.0,16.9,0.0,False
2024-05-16 18:00:00,0.0,0.0,50.38,4935.0,5000.0,21.0,0.0,False
2024-08-11 18:00:00,2.82,371.46,49.91,5000.0,5000.0,28.5,137.76,False
2024-04-18 20:00:00,0.0,0.0,41.86,4573.36,5000.0,,0.0,False
2024-07-04 12:00:00,0.0,0.0,2.35,4993.18,5000.0,31.2,0.0,False
2024-04-11 14:00:00,0.0,0.0,,3392.19,5000.0,18.2,0.0,False
2024-09-12 07:00:00,0.0,0.0,34.99,4741.5,5000.0,16.5,0.0,False
2024-08-29 04:00:00,0.0,0.0,2.24,4531.93,5000.0,16.1,0.0,False
2024-06-09 11:00:00,0.0,0.0,2.28,4890.37,5000.0,24.2,0.0,False
2024-07-03 06:00:00,0.0,0.0,37.71,4958.42,5000.0,18.5,0.0,False
2024-04-09 23:00:00,0.0,0.0,2.48,2251.75,5000.0,11.9,0.0,False
2024-08-23 04:00:00,0.0,0.0,2.06,2730.12,5000.0,17.5,0.0,False
2024-06-20 08:00:00,0.0,0.0,37.52,4791.59,5000.0,24.3,0.0,False
2024-07-15 13:00:00,0.0,0.0,2.43,4076.09,5000.0,27.3,0.0,False
2024-08-27 21:00:00,0.0,,41.01,4856.26,5000.0,20.8,0.0,False
2024-07-23 10:00:00,0.0,0.0,2.09,4886.18,5000.0,25.3,0.0,False
2024-09-26 12:00:00,0.0,0.0,2.43,3822.18,5000.0,21.6,0.0,False
2024-07-09 20:00:00,0.0,0.0,40.9,4861.35,5000.0,23.3,0.0,False
2024-09-22 08:00:00,0.0,0.0,27.29,3284.38,5000.0,16.6,0.0,False
2024-07-07 03:00:00,0.0,0.0,2.27,4329.69,5000.0,21.5,0.0,False
2024-08-25 18:00:00,0.0,0.0,41.86,2623.57,5000.0,23.2,0.0,False
2024-06-21 22:00:00,0.0,0.0,2.07,4110.77,5000.0,22.4,0.0,False
2024-05-02 03:00:00,0.0,0.0,2.43,4714.46,5000.0,12.8,0.0,False
2024-09-04 12:00:00,0.0,0.0,2.18,4079.08,5000.0,24.3,0.0,False
2024-06-04 08:00:00,0.0,0.0,32.19,4211.61,5000.0,19.9,0.0,False
2024-05-13 12:00:00,0.0,0.0,1.89,4371.99,5000.0,23.4,0.0,False
2024-07-20 10:00:00,0.0,0.0,1.73,4574.07,5000.0,26.7,0.0,False
2024-07-18 23:00:00,0.0,0.0,2.16,4823.92,5000.0,20.8,0.0,False
2024-10-04 23:00:00,0.0,0.0,2.36,1535.8,5000.0,14.2,0.0,False
2024-05-12 10:00:00,0.0,0.0,2.24,4892.84,5000.0,22.2,0.0,False
2024-08-02 19:00:00,0.0,0.0,46.89,4611.27,5000.0,26.8,0.0,False
2024-07-07 02:00:00,0.0,0.0,2.04,4331.96,5000.0,16.7,0.0,False
2024-05-29 07:00:00,0.0,0.0,29.64,4705.76,5000.0,20.0,0.0,False
2024-09-28 15:00:00,0.0,0.0,2.24,3034.2,5000.0,20.8,0.0,False
2024-06-18 19:00:00,0.0,0.0,47.46,4909.07,5000.0,26.8,0.0,False
2024-08-13 07:00:00,0.0,0.0,,4726.51,5000.0,18.3,0.0,False
2024-08-22 19:00:00,0.0,0.0,49.17,,5000.0,22.3,0.0,False
2024-09-03 17:00:00,0.0,0.0,1.89,4390.65,5000.0,25.8,0.0,False
2024-04-12 05:00:00,0.58,75.17,2.22,,5000.0,11.8,0.0,False
2024-09-20 19:00:00,0.0,0.0,38.27,3507.65,5000.0,23.2,0.0,False
2024-07-19 15:00:00,0.0,0.0,2.44,4875.91,5000.0,30.3,0.0,False
2024-09-05 01:00:00,0.0,0.0,1.89,4085.47,5000.0,15.9,0.0,False
2024-06-05 08:00:00,0.0,,36.07,3883.65,5000.0,20.1,0.0,False
2024-09-13 07:00:00,0.0,0.0,,4466.66,5000.0,16.1,0.0,False
2024-06-21 11:00:00,0.0,0.0,,4300.74,5000.0,26.0,0.0,False
2024-07-25 08:00:00,0.0,0.0,39.55,4880.51,5000.0,21.7,0.0,False
2024-08-22 23:00:00,,0.0,2.44,2740.79,5000.0,19.0,0.0,False
2024-06-06 03:00:00,0.0,0.0,1.85,4850.64,5000.0,17.5,0.0,False
2024-09-17 19:00:00,0.0,0.0,51.87,,5000.0,22.0,0.0,False
2024-10-04 06:00:00,0.0,0.0,30.34,1187.1,5000.0,13.1,0.0,False
2024-08-27 11:00:00,0.0,0.0,2.01,2943.15,5000.0,22.7,0.0,False
2024-07-27 05:00:00,0.0,0.0,2.24,4320.21,5000.0,18.5,0.0,False
2024-07-31 13:00:00,0.0,0.0,2.31,4881.22,5000.0,31.0,0.0,False
2024-09-21 10:00:00,0.0,0.0,1.85,3766.89,5000.0,18.9,0.0,False
2024-05-15 01:00:00,0.0,0.0,2.2,4651.23,5000.0,15.0,0.0,False
2024-07-31 21:00:00,0.0,0.0,51.41,4679.36,5000.0,22.2,0.0,False
2024-05-12 01:00:00,0.55,66.5,2.41,4958.55,5000.0,13.8,0.0,False
2024-10-07 13:00:00,0.0,0.0,2.15,583.33,5000.0,20.4,0.0,False
2024-10-06 09:00:00,0.0,0.0,2.04,1104.17,5000.0,16.0,0.0,False
2024-09-05 05:00:00,0.0,0.0,2.12,4076.57,5000.0,15.6,0.0,False
2024-05-08 10:00:00,0.0,0.0,1.91,4998.09,5000.0,20.8,0.0,False
2024-09-11 14:00:00,3.45,448.15,1.76,5000.0,5000.0,23.2,446.39,False
2024-05-10 17:00:00,0.0,0.0,1.78,4768.82,5000.0,24.8,0.0,False
2024-09-20 09:00:00,,0.0,1.94,3607.25,5000.0,19.6,0.0,False
2024-06-05 21:00:00,0.0,,45.79,4862.73,5000.0,21.5,0.0,False
2024-05-12 07:00:00,0.0,0.0,31.02,4928.22,5000.0,17.2,0.0,False
2024-05-31 13:00:00,3.89,,1.81,5000.0,5000.0,24.7,527.63,False
2024-08-25 11:00:00,0.0,0.0,67.45,2791.25,5000.0,23.4,0.0,False
2024-05-28 13:00:00,0.0,0.0,1.7,4489.21,5000.0,25.2,0.0,False
2024-08-06 22:00:00,0.0,0.0,2.46,4818.56,5000.0,21.6,0.0,False
2024-07-11 13:00:00,8.05,1035.49,48.58,5000.0,5000.0,29.2,862.6,False
2024-09-02 04:00:00,0.0,0.0,2.45,4990.84,5000.0,14.8,0.0,False
2024-08-07 02:00:00,0.0,0.0,2.26,4810.6,5000.0,19.2,0.0,False
2024-06-13 08:00:00,0.0,0.0,31.99,4569.52,5000.0,21.1,0.0,False
2024-09-30 00:00:00,0.0,0.0,1.86,2536.18,5000.0,12.9,0.0,False
2024-06-13 14:00:00,,0.0,2.32,4556.08,5000.0,27.9,0.0,False
2024-05-10 01:00:00,0.0,0.0,2.42,4895.0,5000.0,14.1,0.0,False
2024-09-24 05:00:00,0.0,0.0,1.96,4525.2,5000.0,10.4,0.0,False
2024-04-11 16:00:00,1.38,157.36,2.18,3545.39,5000.0,19.7,0.0,False
2024-06-25 19:00:00,0.0,0.0,38.89,4912.43,5000.0,27.4,0.0,False
2024-06-10 10:00:00,0.0,0.0,2.07,4594.59,5000.0,25.6,0.0,False
2024-09-18 01:00:00,0.0,0.0,2.42,4394.44,5000.0,12.6,0.0,False
2024-05-07 21:00:00,0.0,0.0,46.02,4615.31,5000.0,16.5,0.0,False
2024-04-20 09:00:00,0.0,0.0,2.07,4593.33,5000.0,16.4,0.0,False
2024-08-27 14:00:00,4.31,517.02,,3907.11,5000.0,25.3,0.0,False
2024-08-03 20:00:00,1.08,4457.934412722226,49.53,4997.19,5000.0,27.3,0.0,True
2024-07-29 22:00:00,,0.0,1.94,4181.5,5000.0,23.7,0.0,False
2024-07-06 12:00:00,0.0,0.0,1.8,4505.01,5000.0,28.6,0.0,False
2024-04-13 10:00:00,0.0,0.0,2.42,3478.66,5000.0,13.8,0.0,False
2024-05-11 04:00:00,0.0,0.0,1.75,4985.77,5000.0,14.8,0.0,False
2024-05-11 09:00:00,0.0,0.0,2.37,4875.75,5000.0,19.1,0.0,False
2024-04-29 10:00:00,0.0,0.0,2.01,,5000.0,19.4,0.0,False
2024-08-31 23:00:00,0.0,0.0,2.24,3411.77,5000.0,17.2,0.0,False
2024-06-10 04:00:00,0.0,0.0,2.24,4685.39,5000.0,18.3,0.0,False
2024-09-14 15:00:00,1.38,188.4,1.97,5000.0,5000.0,23.7,174.41,False
2024-05-04 09:00:00,0.0,0.0,1.7,4435.37,5000.0,17.3,0.0,False
2024-04-18 08:00:00,0.0,0.0,28.0,4898.32,5000.0,12.8,0.0,False
2024-08-10 08:00:00,0.0,0.0,34.05,4890.25,5000.0,21.7,0.0,False
2024-07-30 09:00:00,0.0,0.0,2.42,4895.99,5000.0,24.4,0.0,False
2024-05-14 08:00:00,,0.0,36.47,4063.7,5000.0,18.7,0.0,False
2024-04-28 19:00:00,0.0,0.0,47.95,,5000.0,19.8,0.0,False
2024-05-31 11:00:00,2.24,285.64,2.19,5000.0,5000.0,23.8,103.4,False
2024-07-23 10:00:00,0.0,0.0,2.09,4886.18,5000.0,25.3,0.0,False
2024-05-25 08:00:00,0.0,0.0,37.17,4656.86,5000.0,18.8,0.0,False
2024-08-23 23:00:00,0.0,0.0,2.16,2437.4,5000.0,20.1,0.0,False
2024-09-30 06:00:00,0.0,0.0,33.57,2491.71,5000.0,14.2,0.0,False
2024-09-05 19:00:00,0.0,0.0,49.71,3864.51,5000.0,24.7,0.0,False
2024-05-23 15:00:00,1.25,158.51,1.8,,5000.0,27.1,0.0,False
2024-04-26 04:00:00,0.0,,2.39,4801.38,5000.0,14.2,0.0,False
2024-05-05 17:00:00,0.0,0.0,1.72,4685.34,5000.0,22.3,0.0,False
2024-08-17 16:00:00,0.0,0.0,1.8,4052.68,5000.0,28.6,0.0,False
2024-07-04 08:00:00,2.41,322.86,34.86,5000.0,5000.0,22.1,31.15,False
2024-07-14 07:00:00,0.0,0.0,30.91,4617.29,5000.0,22.1,0.0,False
2024-04-24 13:00:00,0.0,0.0,56.1,3338.8,5000.0,20.5,0.0,False
2024-06-17 17:00:00,0.0,0.0,1.83,4375.92,5000.0,26.2,0.0,False
2024-09-24 18:00:00,0.0,0.0,44.65,4201.11,5000.0,21.1,0.0,False
2024-05-06 10:00:00,0.0,0.0,2.09,4470.61,5000.0,19.9,0.0,False
2024-06-14 13:00:00,,0.0,49.05,4075.94,5000.0,27.1,0.0,False
2024-09-16 18:00:00,0.0,0.0,41.22,4245.47,5000.0,22.4,0.0,False
2024-09-16 08:00:00,0.0,0.0,38.29,4305.54,5000.0,16.4,0.0,False
2024-06-03 18:00:00,0.0,0.0,36.33,4446.58,5000.0,26.6,0.0,False
2024-05-15 16:00:00,0.0,0.0,2.11,4997.89,5000.0,24.1,0.0,False
2024-05-12 17:00:00,0.0,0.0,2.0,4692.96,5000.0,,0.0,False
2024-08-12 17:00:00,0.0,0.0,2.03,4987.08,5000.0,25.7,0.0,False
2024-08-04 19:00:00,0.0,0.0,36.17,4612.36,5000.0,23.5,0.0,False
2024-05-07 22:00:00,0.0,0.0,,4613.6,5000.0,15.0,0.0,False
2024-10-07 16:00:00,,0.0,2.02,577.53,5000.0,21.9,0.0,False
2024-07-18 22:00:00,0.0,0.0,2.46,4826.08,5000.0,23.6,0.0,False
2024-07-08 11:00:00,0.0,0.0,54.29,4637.96,5000.0,24.3,0.0,False
2024-08-09 09:00:00,3.08,406.34,1.85,5000.0,5000.0,24.0,201.85,False
2024-05-17 01:00:00,0.0,0.0,2.15,,5000.0,16.9,0.0,False
2024-08-04 10:00:00,0.0,0.0,1.93,4885.01,5000.0,25.1,0.0,False
2024-08-25 23:00:00,0.0,0.0,2.47,2480.68,5000.0,16.7,0.0,False
2024-10-07 11:00:00,0.0,0.0,1.78,587.88,5000.0,20.3,0.0,False
2024-09-08 07:00:00,0.0,0.0,31.83,3908.54,5000.0,15.8,0.0,False
2024-07-05 22:00:00,0.0,0.0,2.23,4631.56,5000.0,21.9,0.0,False
2024-07-05 10:00:00,0.76,96.77,2.19,5000.0,5000.0,24.8,92.14,False
2024-05-03 06:00:00,0.0,0.0,33.19,4962.9,5000.0,15.5,0.0,False
2024-08-06 10:00:00,0.0,0.0,1.89,4258.71,5000.0,25.3,0.0,False
2024-04-21 22:00:00,0.0,0.0,1.81,3911.12,5000.0,,0.0,False
2024-04-19 04:00:00,1.73,219.96,1.84,5000.0,5000.0,11.1,218.12,False
2024-05-24 02:00:00,0.0,0.0,1.71,4559.92,5000.0,15.6,0.0,False
2024-06-20 16:00:00,0.0,,2.25,4600.95,5000.0,27.4,0.0,False
2024-08-04 05:00:00,0.0,0.0,2.43,4995.22,5000.0,20.4,0.0,False
2024-06-16 11:00:00,0.0,0.0,2.19,4872.5,5000.0,24.1,0.0,False
2024-07-09 04:00:00,0.0,0.0,1.88,4993.86,5000.0,18.5,0.0,False
2024-04-17 07:00:00,0.0,0.0,39.7,4907.44,5000.0,14.7,0.0,False
2024-10-04 11:00:00,0.97,126.69,1.79,1734.94,5000.0,20.6,0.0,False
2024-06-25 08:00:00,1.78,219.24,33.0,5000.0,5000.0,24.9,100.62,False
2024-09-11 21:00:00,0.0,0.0,41.57,4822.98,5000.0,17.6,0.0,False
2024-06-08 06:00:00,0.0,0.0,30.99,4771.65,5000.0,18.3,0.0,False
2024-07-30 10:00:00,0.0,0.0,1.74,4894.25,5000.0,25.2,0.0,False
2024-04-28 18:00:00,0.0,0.0,44.99,4423.48,5000.0,17.5,0.0,False
2024-09-06 09:00:00,0.0,0.0,1.91,3652.49,5000.0,19.7,0.0,False
2024-08-07 16:00:00,0.0,0.0,2.33,4939.09,5000.0,29.9,0.0,False
2024-06-11 14:00:00,1.24,146.08,2.08,4570.61,5000.0,25.3,0.0,False
2024-09-26 08:00:00,0.0,0.0,36.3,3642.14,5000.0,15.4,0.0,False
2024-07-31 19:00:00,,0.0,52.36,4777.46,5000.0,24.9,0.0,False
2024-06-02 08:00:00,9.62,1233.67,31.71,5000.0,5000.0,21.4,689.86,False
2024-08-03 16:00:00,0.0,0.0,2.22,4993.78,5000.0,29.6,0.0,False
2024-09-17 08:00:00,0.0,0.0,28.84,4150.61,5000.0,17.5,0.0,False
2024-09-30 23:00:00,0.0,0.0,2.22,2028.58,5000.0,14.5,0.0,False
2024-07-07 05:00:00,0.0,,1.87,4325.59,5000.0,20.1,0.0,False
2024-10-06 19:00:00,0.0,0.0,50.36,808.42,5000.0,19.6,0.0,False
2024-08-31 17:00:00,0.0,0.0,2.37,3603.88,5000.0,26.0,0.0,False
2024-07-21 11:00:00,0.0,0.0,2.18,4691.1,5000.0,26.7,0.0,False
2024-08-12 23:00:00,0.0,0.0,1.75,4798.79,5000.0,22.1,0.0,False
2024-06-16 16:00:00,0.0,0.0,2.48,4861.41,5000.0,30.6,0.0,False
2024-07-10 16:00:00,0.0,0.0,2.35,4997.65,5000.0,29.9,0.0,False
2024-08-11 16:00:00,1.47,183.11,2.35,4557.5,5000.0,28.0,0.0,False
2024-04-11 15:00:00,0.0,,1.98,3390.21,5000.0,19.6,0.0,False
2024-08-07 20:00:00,2.76,337.19,51.95,5000.0,5000.0,24.2,285.24,False
2024-07-14 06:00:00,0.0,0.0,34.48,4648.2,5000.0,20.6,0.0,False
2024-07-06 20:00:00,0.0,0.0,40.29,4379.83,5000.0,27.3,0.0,False
2024-09-11 10:00:00,0.0,0.0,1.92,4705.28,5000.0,21.5,0.0,False
2024-05-22 14:00:00,0.0,0.0,2.3,4477.9,5000.0,25.2,0.0,False
2024-07-27 16:00:00,0.0,0.0,1.8,4205.93,5000.0,30.9,0.0,False
2024-04-16 18:00:00,,606.93,45.8,3810.49,5000.0,18.6,0.0,False
2024-08-21 21:00:00,0.0,0.0,52.1,3245.54,5000.0,22.2,0.0,False
2024-09-05 16:00:00,0.0,0.0,2.47,3954.24,5000.0,23.4,0.0,False
2024-04-12 15:00:00,0.0,0.0,2.09,3798.05,5000.0,19.9,0.0,False
2024-06-03 07:00:00,0.0,0.0,28.62,,5000.0,20.2,0.0,False
2024-06-02 01:00:00,0.0,0.0,1.95,,5000.0,19.7,0.0,False
2024-07-09 03:00:00,0.0,0.0,2.25,4995.74,5000.0,18.2,0.0,False
2024-06-17 13:00:00,0.0,0.0,57.43,4383.17,5000.0,29.4,0.0,False
2024-09-22 07:00:00,0.0,0.0,36.76,3311.67,5000.0,14.5,0.0,False
2024-06-18 08:00:00,0.0,,30.33,4821.12,5000.0,21.8,0.0,False
2024-06-20 01:00:00,0.0,0.0,2.04,4904.5,5000.0,21.4,0.0,False
2024-07-23 00:00:00,0.0,0.0,1.89,4998.11,5000.0,18.7,0.0,False
2024-09-14 21:00:00,0.0,0.0,47.87,4913.57,5000.0,19.1,0.0,False
2024-08-28 10:00:00,0.0,0.0,2.39,4903.27,5000.0,22.1,0.0,False
2024-05-26 01:00:00,0.0,0.0,2.41,4467.57,5000.0,17.0,0.0,False
2024-08-18 16:00:00,0.0,0.0,1.97,4037.44,5000.0,28.7,0.0,False
2024-05-18 07:00:00,0.0,0.0,29.18,4934.29,5000.0,16.6,0.0,False
2024-04-27 23:00:00,0.0,0.0,2.32,4355.17,5000.0,13.6,0.0,False
2024-10-05 01:00:00,0.0,0.0,2.32,1530.98,5000.0,12.4,0.0,False
2024-07-19 18:00:00,0.0,0.0,44.71,4826.89,5000.0,28.0,0.0,False
2024-06-10 11:00:00,0.0,0.0,1.81,4592.78,5000.0,26.6,0.0,False
2024-08-28 04:00:00,4.69,627.52,1.94,5000.0,5000.0,17.6,625.58,False
2024-09-17 01:00:00,0.0,0.0,2.17,4086.79,5000.0,14.1,0.0,False
2024-09-16 19:00:00,0.0,0.0,49.46,4196.01,5000.0,20.8,0.0,False
2024-09-20 14:00:00,0.0,0.0,2.28,3596.39,5000.0,26.2,0.0,False
2024-06-06 15:00:00,0.0,0.0,1.97,4735.58,5000.0,25.7,0.0,False
2024-09-29 18:00:00,0.0,0.0,40.98,2678.55,5000.0,19.5,0.0,False
2024-06-01 11:00:00,0.0,0.0,2.18,4750.1,5000.0,26.0,0.0,False
2024-09-07 23:00:00,0.0,0.0,1.91,3076.34,5000.0,16.0,0.0,False
2024-05-15 12:00:00,1.77,224.37,64.53,4986.18,5000.0,22.8,0.0,False
2024-06-03 21:00:00,0.0,0.0,39.42,4327.54,5000.0,20.9,0.0,False
2024-08-06 07:00:00,0.0,0.0,32.48,4298.22,5000.0,20.0,0.0,False
2024-04-25 16:00:00,0.0,0.0,2.31,4987.22,5000.0,22.2,0.0,False
2024-05-07 14:00:00,0.0,0.0,2.05,4798.19,5000.0,24.7,0.0,False
2024-08-27 06:00:00,0.0,0.0,35.82,3007.38,5000.0,17.1,0.0,False
2024-04-22 09:00:00,0.0,0.0,1.75,3795.75,5000.0,,0.0,False
2024-06-14 17:00:00,0.0,0.0,2.49,4067.65,5000.0,25.4,0.0,False
2024-04-29 13:00:00,,0.0,1.7,4889.36,5000.0,21.2,0.0,False
2024-08-30 02:00:00,0.0,0.0,2.14,4220.05,5000.0,,0.0,False
2024-09-01 22:00:00,5.53,673.65,2.41,5000.0,5000.0,22.3,374.81,False
2024-06-15 03:00:00,0.0,0.0,1.9,3889.07,5000.0,18.5,0.0,False
2024-05-22 13:00:00,0.0,0.0,1.88,4480.2,5000.0,25.4,0.0,False
2024-04-27 11:00:00,0.0,0.0,62.07,4669.56,5000.0,19.7,0.0,False
2024-08-23 17:00:00,0.0,0.0,2.48,2611.2,5000.0,24.8,0.0,False
2024-05-25 23:00:00,0.0,0.0,2.16,4472.33,5000.0,18.1,0.0,False
2024-05-29 16:00:00,1.65,212.02,2.32,5000.0,5000.0,27.6,209.7,False
2024-07-24 14:00:00,,0.0,1.83,4987.96,5000.0,25.3,0.0,False
2024-09-29 04:00:00,0.0,0.0,1.91,2842.73,5000.0,10.8,0.0,False
2024-07-14 23:00:00,0.0,0.0,2.43,4193.77,5000.0,,0.0,False
2024-05-30 03:00:00,0.0,0.0,1.73,4940.66,5000.0,16.1,0.0,False
2024-07-03 05:00:00,0.0,0.0,1.72,,5000.0,17.5,0.0,False
2024-08-12 09:00:00,2.25,284.25,2.2,5000.0,5000.0,23.4,192.02,False
2024-06-20 04:00:00,0.0,0.0,1.81,4898.31,5000.0,17.1,0.0,False
2024-05-17 10:00:00,,0.0,1.72,4998.28,5000.0,19.2,0.0,False
2024-07-01 12:00:00,0.0,0.0,2.22,4812.85,5000.0,26.8,0.0,False
2024-05-23 20:00:00,,0.0,46.71,4620.97,5000.0,21.0,0.0,False
2024-09-30 17:00:00,0.0,0.0,1.98,2220.65,5000.0,22.7,0.0,False
2024-09-25 00:00:00,0.0,0.0,1.92,4053.42,5000.0,16.4,0.0,False
2024-06-11 15:00:00,2.28,303.61,2.28,4871.94,5000.0,29.2,0.0,False
2024-06-28 03:00:00,0.0,0.0,2.03,4499.87,5000.0,17.6,0.0,False
2024-08-09 03:00:00,0.0,0.0,1.73,4898.57,5000.0,18.6,0.0,False
2024-04-23 20:00:00,0.0,,48.89,,5000.0,16.0,0.0,False
2024-09-23 11:00:00,0.0,0.0,1.83,4729.43,5000.0,21.3,0.0,False
2024-09-16 22:00:00,0.0,0.0,1.96,4093.41,5000.0,18.2,0.0,False
2024-05-23 00:00:00,0.0,0.0,1.73,4286.09,5000.0,18.1,0.0,False
2024-06-07 15:00:00,0.0,0.0,2.21,4997.79,5000.0,27.3,0.0,False
2024-04-24 19:00:00,1.22,169.78,40.43,3421.0,5000.0,17.3,0.0,False
2024-07-26 19:00:00,0.0,0.0,42.14,4435.0,5000.0,27.1,0.0,False
2024-09-29 16:00:00,0.0,0.0,2.15,2722.01,5000.0,22.6,0.0,False
2024-05-10 16:00:00,0.0,0.0,2.14,4770.6,5000.0,24.6,0.0,False
2024-04-30 17:00:00,0.0,0.0,2.16,4385.79,5000.0,23.1,0.0,False
2024-07-11 20:00:00,0.0,0.0,,4862.75,5000.0,26.7,0.0,False
2024-06-18 09:00:00,,0.0,1.91,4819.21,5000.0,23.3,0.0,False
2024-09-26 07:00:00,0.0,0.0,32.22,3678.44,5000.0,14.3,0.0,False
2024-04-22 06:00:00,0.0,0.0,,3868.56,5000.0,13.5,0.0,False
2024-07-18 09:00:00,0.0,0.0,2.42,4997.58,5000.0,25.0,0.0,False
2024-06-08 17:00:00,0.0,0.0,1.8,4492.6,5000.0,26.5,0.0,False
2024-06-14 10:00:00,,0.0,1.97,4251.58,5000.0,24.0,0.0,False
2024-07-17 17:00:00,2.91,347.2,2.44,5000.0,5000.0,28.5,344.76,False
2024-09-09 06:00:00,0.0,0.0,30.53,4767.7,5000.0,16.5,0.0,False
2024-06-17 16:00:00,,0.0,1.92,4377.75,5000.0,29.2,0.0,False
2024-08-01 09:00:00,1.53,189.54,2.12,4745.24,5000.0,24.2,0.0,False
2024-09-29 02:00:00,0.0,0.0,1.72,2846.41,5000.0,10.7,0.0,False
2024-04-23 21:00:00,0.0,0.0,45.02,3281.77,5000.0,15.0,0.0,False
2024-09-25 01:00:00,0.0,0.0,2.48,4050.94,5000.0,14.3,0.0,False
2024-07-11 15:00:00,0.0,0.0,2.48,4997.52,5000.0,30.1,0.0,False
2024-05-25 16:00:00,0.0,0.0,2.05,4640.38,5000.0,24.7,0.0,False
2024-06-01 04:00:00,0.0,0.0,2.02,4851.76,5000.0,15.8,0.0,False
2024-06-14 07:00:00,0.0,0.0,32.94,4283.2,5000.0,20.4,0.0,False
2024-06-16 18:00:00,0.0,0.0,49.49,4809.45,5000.0,25.3,0.0,False
2024-10-01 04:00:00,0.0,0.0,1.72,2018.59,5000.0,13.1,0.0,False
2024-04-20 22:00:00,0.0,0.0,2.0,4387.5,5000.0,14.4,0.0,False
2024-07-30 16:00:00,,0.0,1.79,4881.15,5000.0,27.5,0.0,False
2024-07-24 11:00:00,0.0,0.0,2.33,4993.42,5000.0,26.9,0.0,False
2024-09-17 10:00:00,0.0,0.0,2.33,4146.41,5000.0,21.1,0.0,False
2024-07-10 04:00:00,,0.0,2.31,4799.87,5000.0,18.2,0.0,False
2024-07-18 18:00:00,0.0,0.0,40.14,4941.1,5000.0,26.5,0.0,False
2024-05-07 12:00:00,2.79,,2.2,4802.12,5000.0,19.7,0.0,False
2024-06-21 02:00:00,0.0,0.0,1.88,4414.69,5000.0,17.6,0.0,False
2024-07-27 00:00:00,0.0,0.0,2372.6633088355297,4330.1,5000.0,22.2,0.0,True
2024-09-19 01:00:00,0.0,0.0,2.18,4031.62,5000.0,14.1,0.0,False
2024-06-01 15:00:00,0.0,0.0,2.26,4741.99,5000.0,25.0,0.0,False
2024-07-08 20:00:00,0.0,0.0,51.79,,5000.0,26.2,0.0,False
2024-09-12 03:00:00,0.0,0.0,2.24,4810.0,5000.0,13.7,0.0,False
2024-06-25 13:00:00,0.77,98.83,1.96,5000.0,5000.0,27.9,96.87,False
2024-07-30 02:00:00,,,1.96,4992.8,5000.0,17.5,0.0,False
2024-10-01 21:00:00,0.0,0.0,41.58,2042.22,5000.0,17.8,0.0,False
2024-05-23 10:00:00,0.0,0.0,2.16,4604.92,5000.0,23.1,0.0,False
2024-06-03 12:00:00,,0.0,1.74,4493.7,5000.0,25.0,0.0,False
2024-08-17 10:00:00,0.0,0.0,2.22,,5000.0,23.2,0.0,False
2024-06-22 06:00:00,2.23,288.77,31.19,4847.61,5000.0,16.4,0.0,False
2024-07-21 01:00:00,0.0,0.0,2.11,4807.46,5000.0,19.6,0.0,False
2024-06-12 00:00:00,0.0,0.0,1.9,4685.66,5000.0,19.0,0.0,False
2024-08-01 04:00:00,0.0,0.0,2.49,4664.36,5000.0,17.3,0.0,False
2024-09-04 07:00:00,0.0,0.0,36.27,4117.99,5000.0,17.4,0.0,False
2024-06-02 13:00:00,0.0,0.0,61.35,4803.59,5000.0,26.7,0.0,False
2024-09-05 11:00:00,0.0,0.0,1.83,3964.81,5000.0,23.4,0.0,False
2024-06-23 02:00:00,1.66,213.89,2.38,5000.0,5000.0,16.5,211.51,False
2024-04-27 06:00:00,,0.0,37.8,4796.15,5000.0,14.2,0.0,False
2024-08-08 11:00:00,0.0,0.0,1.92,4892.71,5000.0,25.3,0.0,False
2024-06-15 20:00:00,1.3,147.56,50.41,4090.63,5000.0,24.6,0.0,False
2024-09-19 14:00:00,0.0,0.0,2.41,3901.08,5000.0,23.9,0.0,False
2024-05-12 22:00:00,0.0,0.0,2.24,,5000.0,17.2,0.0,False
2024-05-09 14:00:00,0.0,,1.87,4727.87,5000.0,22.3,0.0,False
2024-06-08 02:00:00,0.0,0.0,2.48,4808.69,5000.0,15.7,0.0,False
2024-05-16 09:00:00,,81.88,1.9,5000.0,5000.0,18.5,79.98,False
2024-07-21 15:00:00,2.14,278.67,2.4,5000.0,5000.0,27.8,244.08,False
2024-09-28 04:00:00,0.0,0.0,2.08,3147.64,5000.0,12.0,0.0,False
2024-10-01 17:00:00,0.71,90.87,2.06,1988.8,5000.0,23.8,0.0,False
2024-04-13 23:00:00,0.0,0.0,2.48,3278.58,5000.0,11.8,0.0,False
2024-07-16 15:00:00,2.87,366.26,1.76,4506.05,5000.0,28.0,0.0,False
2024-08-23 13:00:00,0.0,0.0,1.97,2620.4,5000.0,23.4,0.0,False
2024-06-05 16:00:00,3.1,387.44,2.25,4479.17,5000.0,26.5,0.0,False
2024-07-25 01:00:00,0.26,30.68,1.72,4873.45,5000.0,18.6,0.0,False
2024-07-18 19:00:00,0.0,0.0,37.89,4903.21,5000.0,26.9,0.0,False
2024-05-31 19:00:00,0.0,0.0,38.2,4961.8,5000.0,21.9,0.0,False
2024-05-08 11:00:00,0.0,0.0,2.27,4995.82,5000.0,18.9,0.0,False
2024-09-22 18:00:00,0.0,0.0,38.07,3227.33,5000.0,22.8,0.0,False
2024-10-06 07:00:00,0.0,0.0,38.72,1138.43,5000.0,11.4,0.0,False
2024-08-01 00:00:00,0.0,0.0,2.32,4673.16,5000.0,19.8,0.0,False
2024-06-26 21:00:00,0.0,0.0,36.26,4817.34,5000.0,21.1,0.0,False
2024-05-12 00:00:00,0.8,104.32,1.75,4894.46,5000.0,13.2,0.0,False
2024-08-25 07:00:00,0.67,91.21,27.87,,5000.0,19.4,0.0,False
2024-08-12 18:00:00,0.0,0.0,40.52,4946.56,5000.0,26.7,0.0,False
2024-09-15 20:00:00,0.0,0.0,49.11,4483.21,5000.0,16.9,0.0,False
2024-06-16 06:00:00,0.0,0.0,35.09,4953.89,5000.0,18.3,0.0,False
2024-05-29 08:00:00,0.0,0.0,29.54,4676.22,5000.0,19.7,0.0,False
2024-06-25 21:00:00,0.0,0.0,38.36,4829.03,5000.0,22.7,0.0,False
2024-08-26 02:00:00,3.29,425.86,2.28,2899.95,5000.0,16.0,0.0,False
2024-08-29 11:00:00,0.0,0.0,1.74,4417.86,5000.0,23.8,0.0,False
2024-04-18 03:00:00,0.0,0.0,1.92,4993.57,5000.0,9.9,0.0,False
2024-09-02 06:00:00,0.0,0.0,36.98,4952.02,5000.0,14.8,0.0,False
2024-09-20 01:00:00,0.0,0.0,2.02,3709.98,5000.0,13.3,0.0,False
2024-04-30 08:00:00,0.0,0.0,,4577.0,5000.0,15.6,0.0,False
2024-09-01 16:00:00,0.0,,2.33,3273.04,5000.0,,0.0,False
2024-05-21 12:00:00,0.0,0.0,56.36,4848.17,5000.0,21.6,0.0,False
2024-04-25 14:00:00,0.0,0.0,2.05,4991.51,5000.0,21.7,0.0,False
2024-06-22 05:00:00,1.96,251.8,,4590.03,5000.0,19.9,0.0,False
2024-05-27 01:00:00,0.76,98.09,1.77,4418.15,5000.0,17.4,0.0,False
2024-08-20 14:00:00,0.0,0.0,2.14,3447.29,5000.0,28.0,0.0,False
2024-08-15 22:00:00,0.0,0.0,1.9,4678.52,5000.0,22.5,0.0,False
2024-04-17 11:00:00,0.0,0.0,2.08,4870.6,5000.0,18.9,0.0,False
2024-05-09 17:00:00,0.89,111.59,2.41,4992.96,5000.0,22.1,0.0,False
2024-06-21 10:00:00,0.0,0.0,2.41,,5000.0,25.0,0.0,False
2024-05-27 07:00:00,2.41,290.5,36.53,5000.0,5000.0,20.0,253.97,False
2024-08-04 00:00:00,0.0,0.0,1.77,4993.89,5000.0,21.3,0.0,False
2024-06-11 10:00:00,1.05,131.5,2.09,4406.02,5000.0,25.5,0.0,False
2024-04-12 10:00:00,0.0,0.0,1.86,3975.29,5000.0,15.5,0.0,False
2024-09-30 01:00:00,0.0,0.0,2.06,2534.12,5000.0,12.1,0.0,False
2024-09-02 17:00:00,0.0,0.0,,4870.79,5000.0,25.6,0.0,False
2024-05-28 21:00:00,0.58,75.85,35.79,4790.96,5000.0,20.5,0.0,False
2024-07-28 22:00:00,0.0,0.0,2.36,4694.31,5000.0,20.5,0.0,False
2024-04-18 00:00:00,3.57,431.3,2.42,5000.0,5000.0,11.0,428.88,False
2024-09-27 15:00:00,0.0,0.0,2.01,3368.39,5000.0,22.4,0.0,False
2024-07-06 08:00:00,0.0,0.0,39.74,4512.73,5000.0,23.0,0.0,False
2024-05-06 20:00:00,0.0,,45.35,4405.63,5000.0,20.4,0.0,False
2024-07-19 12:00:00,0.0,0.0,1.84,4883.11,5000.0,27.0,0.0,False
2024-08-26 06:00:00,0.0,0.0,39.68,3315.61,5000.0,18.5,0.0,False
2024-08-27 01:00:00,0.0,0.0,2.46,,5000.0,16.3,0.0,False
2024-05-22 20:00:00,0.0,0.0,49.6,4333.39,5000.0,21.7,0.0,False
2024-05-09 06:00:00,0.0,0.0,38.87,,5000.0,13.4,0.0,False
2024-07-10 02:00:00,0.0,0.0,2.04,4804.45,5000.0,19.4,0.0,False
2024-08-11 13:00:00,0.0,0.0,2.04,4380.98,5000.0,28.3,0.0,False
2024-06-23 14:00:00,3.17,412.63,1.78,5000.0,5000.0,27.3,410.85,False
2024-09-19 16:00:00,0.0,0.0,1.9,3896.71,5000.0,24.1,0.0,False
2024-06-05 22:00:00,0.0,0.0,1.88,4860.85,5000.0,20.3,0.0,False
2024-05-26 11:00:00,0.0,,1.81,4350.66,5000.0,23.1,0.0,False
2024-07-04 23:00:00,0.0,0.0,1.72,4804.36,5000.0,21.8,0.0,False
2024-07-15 01:00:00,0.0,0.0,1.74,4189.76,5000.0,18.3,0.0,False
2024-07-07 19:00:00,0.0,0.0,48.41,4896.33,5000.0,26.1,0.0,False
2024-08-13 19:00:00,4.29,551.62,35.94,5000.0,5000.0,,515.68,False
2024-08-12 19:00:00,0.0,0.0,50.89,4895.67,5000.0,25.5,0.0,False
2024-06-22 17:00:00,2.08,272.67,1.8,5000.0,5000.0,28.2,268.84,False
2024-09-10 15:00:00,0.0,0.0,2.49,4997.51,5000.0,24.4,0.0,False
2024-07-21 07:00:00,0.0,0.0,29.91,4734.34,5000.0,21.0,0.0,False
2024-06-05 09:00:00,0.0,0.0,,3881.27,5000.0,23.3,0.0,False
2024-06-30 19:00:00,0.0,0.0,46.68,4612.35,5000.0,25.9,0.0,False
2024-06-29 21:00:00,,0.0,37.78,4845.97,5000.0,22.0,0.0,False
2024-07-22 13:00:00,0.0,0.0,2.43,4714.77,5000.0,29.4,0.0,False
2024-05-21 06:00:00,,0.0,27.68,4789.26,5000.0,16.1,0.0,False
2024-06-13 01:00:00,,0.0,2.23,4675.91,5000.0,18.8,0.0,False
2024-08-20 15:00:00,0.0,0.0,1.74,3445.55,5000.0,28.7,0.0,False
2024-07-22 01:00:00,0.0,0.0,1.83,4826.7,5000.0,17.6,0.0,False
2024-05-15 10:00:00,,0.0,2.11,4891.36,5000.0,18.8,0.0,False
2024-05-03 22:00:00,0.0,0.0,2.46,4550.44,5000.0,18.0,0.0,False
2024-06-13 10:00:00,0.0,0.0,2.43,,5000.0,25.7,0.0,False
2024-08-19 12:00:00,0.0,0.0,55.2,3821.28,5000.0,26.3,0.0,False
2024-04-29 07:00:00,0.0,0.0,39.49,4928.56,5000.0,14.5,0.0,False
2024-05-25 22:00:00,0.0,0.0,1.81,4474.49,5000.0,17.6,0.0,False
2024-08-18 18:00:00,0.0,0.0,40.14,3995.55,5000.0,27.1,0.0,False
2024-06-16 10:00:00,0.0,0.0,2.22,4874.69,5000.0,24.1,0.0,False
2024-08-20 21:00:00,0.0,0.0,41.38,3278.92,5000.0,22.3,0.0,False
2024-06-12 11:00:00,0.0,0.0,2.04,4886.64,5000.0,24.9,0.0,False
2024-08-08 06:00:00,0.0,0.0,38.42,4957.33,5000.0,20.0,0.0,False
2024-05-19 21:00:00,0.0,0.0,37.46,4471.92,5000.0,,0.0,False
2024-07-03 23:00:00,0.91,115.24,2.11,4832.29,5000.0,19.6,0.0,False
2024-04-30 03:00:00,,0.0,1.86,4685.4,5000.0,13.0,0.0,False
2024-09-16 05:00:00,0.0,0.0,1.84,4414.19,5000.0,13.2,0.0,False
2024-07-22 14:00:00,0.0,0.0,2.4,4712.37,5000.0,27.4,0.0,False
2024-09-04 15:00:00,0.0,0.0,1705.2523547682545,4072.7,5000.0,25.3,0.0,True
2024-09-03 09:00:00,0.0,0.0,2.1,4582.42,5000.0,23.1,0.0,False
2024-07-25 12:00:00,0.0,0.0,2.18,4871.58,5000.0,26.9,0.0,False
2024-06-20 18:00:00,0.0,0.0,,4556.12,5000.0,25.5,0.0,False
2024-04-14 04:00:00,0.77,99.9,2.35,3368.26,5000.0,9.6,0.0,False
2024-07-02 18:00:00,0.0,0.0,37.31,4578.22,5000.0,27.6,0.0,False
2024-07-19 17:00:00,0.0,0.0,2.37,4871.6,5000.0,29.8,0.0,False
2024-07-27 13:00:00,0.0,0.0,2.41,4212.09,5000.0,28.7,0.0,False
2024-05-01 01:00:00,0.0,0.0,1.75,4195.28,5000.0,14.8,0.0,False
2024-06-06 13:00:00,0.0,0.0,2.0,4739.59,5000.0,27.0,0.0,False
2024-07-31 09:00:00,0.0,0.0,1.88,4889.25,5000.0,23.9,0.0,False
2024-06-23 13:00:00,2.24,285.47,48.64,5000.0,5000.0,27.7,236.83,False
2024-08-24 20:00:00,0.0,0.0,46.93,2166.9,5000.0,,0.0,False
2024-08-15 01:00:00,0.0,0.0,1.72,4993.94,5000.0,17.0,0.0,False
2024-08-05 07:00:00,0.0,0.0,36.05,4433.41,5000.0,20.7,0.0,False
2024-06-26 23:00:00,0.0,0.0,2.15,4813.03,5000.0,21.8,0.0,False
2024-10-02 15:00:00,-0.47697745593070173,0.0,1.94,1905.78,5000.0,21.6,0.0,True
2024-09-09 13:00:00,0.0,0.0,62.9,4540.74,5000.0,25.8,0.0,False
2024-07-13 07:00:00,0.0,0.0,36.36,4919.09,5000.0,19.9,0.0,False
2024-04-23 15:00:00,0.0,0.0,1.94,3456.82,5000.0,20.3,0.0,False
2024-04-26 19:00:00,0.0,0.0,42.7,4594.8,5000.0,,0.0,False
2024-09-23 02:00:00,0.0,0.0,1.81,4842.7,5000.0,13.9,0.0,False
2024-08-10 16:00:00,0.0,0.0,2.47,4707.19,5000.0,29.9,0.0,False
2024-09-29 03:00:00,0.0,,1.77,2844.64,5000.0,11.8,0.0,False
2024-04-21 06:00:00,0.0,0.0,33.35,4341.2,5000.0,12.8,0.0,False
2024-06-13 15:00:00,0.0,0.0,1.73,4554.35,5000.0,28.0,0.0,False
2024-08-27 02:00:00,0.0,0.0,2.07,3049.19,5000.0,,0.0,False
2024-08-26 08:00:00,0.0,0.0,30.62,3248.5,5000.0,20.1,0.0,False
2024-06-28 20:00:00,,0.0,47.14,4247.89,5000.0,24.4,0.0,False
2024-06-09 10:00:00,,0.0,1.86,,5000.0,21.8,0.0,False
2024-05-14 05:00:00,0.0,0.0,1.73,4170.66,5000.0,13.3,0.0,False
2024-08-07 11:00:00,4.34,533.52,61.63,5000.0,5000.0,25.6,471.89,False
2024-08-18 21:00:00,0.0,0.0,50.13,3856.63,5000.0,23.2,0.0,False
2024-07-16 19:00:00,3.59,468.32,,5000.0,5000.0,25.7,421.54,False
2024-04-09 04:00:00,0.0,0.0,2.2,2739.06,5000.0,7.5,0.0,False
2024-09-05 22:00:00,0.0,0.0,2.3,3765.35,5000.0,19.3,0.0,False
2024-04-17 10:00:00,0.0,0.0,1.88,4872.68,5000.0,15.5,0.0,False
2024-07-13 19:00:00,,0.0,52.31,4779.93,5000.0,24.8,0.0,False
2024-07-07 07:00:00,0.0,0.0,33.98,4260.52,5000.0,22.0,0.0,False
2024-04-13 22:00:00,0.0,0.0,1.83,3281.06,5000.0,15.7,0.0,False
2024-06-02 17:00:00,0.0,0.0,2.33,4795.48,5000.0,26.1,0.0,False
2024-06-01 05:00:00,0.0,0.0,1.93,,5000.0,16.3,0.0,False
2024-06-03 05:00:00,0.0,0.0,2.44,4599.08,5000.0,16.9,0.0,False
2024-04-30 21:00:00,0.0,0.0,44.61,4202.94,5000.0,15.9,0.0,False
2024-04-17 21:00:00,4.28,535.25,51.31,5000.0,5000.0,14.4,349.21,False
2024-04-17 18:00:00,0.0,0.0,46.14,4951.49,5000.0,19.4,0.0,False
2024-05-16 17:00:00,0.0,0.0,1.78,4985.38,5000.0,24.6,0.0,False
2024-06-01 23:00:00,0.0,0.0,1.79,4568.34,5000.0,17.2,0.0,False
2024-04-21 14:00:00,0.0,,2.02,4083.96,5000.0,20.1,0.0,False
2024-05-15 14:00:00,1.3,171.57,1.75,5000.0,5000.0,25.7,169.82,False
2024-09-13 20:00:00,0.0,0.0,44.63,4955.37,5000.0,21.1,0.0,False
2024-08-05 08:00:00,,0.0,27.87,4405.54,5000.0,25.0,0.0,False
2024-07-23 23:00:00,0.0,0.0,2.07,4511.69,5000.0,20.0,0.0,False
2024-08-31 00:00:00,0.0,0.0,2.48,3927.51,5000.0,18.6,0.0,False
2024-06-26 16:00:00,0.0,0.0,1.8,4998.2,5000.0,30.2,0.0,False
2024-06-15 22:00:00,1.41,174.76,2.06,4505.87,5000.0,21.8,0.0,False
2024-09-09 20:00:00,0.0,0.0,38.99,4395.99,5000.0,21.3,0.0,False
2024-08-16 23:00:00,0.0,0.0,2.25,4185.31,5000.0,19.8,0.0,False
2024-07-28 16:00:00,0.0,,1.82,3902.33,5000.0,29.5,0.0,False
2024-07-23 05:00:00,0.0,0.0,2.13,4993.23,5000.0,18.0,0.0,False
2024-05-26 06:00:00,0.0,0.0,31.45,4428.05,5000.0,17.6,0.0,False
2024-07-23 04:00:00,0.0,0.0,2.46,4995.36,5000.0,19.9,0.0,False
2024-08-02 00:00:00,0.42,52.15,1.73,4742.47,5000.0,19.5,0.0,False
2024-05-20 00:00:00,0.0,0.0,1.91,4465.97,5000.0,19.5,0.0,False
2024-05-22 05:00:00,0.0,,,-470.8562163469889,5000.0,15.2,0.0,True
2024-06-27 11:00:00,0.0,0.0,2.21,4691.87,5000.0,24.3,0.0,False
2024-07-21 04:00:00,0.0,0.0,2.47,4801.15,5000.0,20.1,0.0,False
2024-07-18 00:00:00,0.0,0.0,1.87,4951.27,5000.0,18.8,0.0,False
2024-09-15 00:00:00,0.0,0.0,2.26,4907.14,5000.0,15.2,0.0,False
2024-04-15 11:00:00,0.0,0.0,57.88,3699.75,5000.0,16.8,0.0,False
2024-09-26 22:00:00,0.0,0.0,2.02,3643.41,5000.0,17.2,0.0,False
2024-07-05 20:00:00,0.0,0.0,50.6,4685.06,5000.0,26.6,0.0,False
2024-06-22 22:00:00,1.92,247.83,2.3,5000.0,5000.0,21.0,245.53,False
2024-09-15 17:00:00,0.0,,2.23,4617.5,5000.0,23.4,0.0,False
2024-08-23 19:00:00,0.0,0.0,45.9,2518.38,5000.0,23.2,0.0,False
2024-05-17 03:00:00,0.0,0.0,2.41,4795.49,5000.0,15.1,0.0,False
2024-07-22 03:00:00,0.0,0.0,2.44,4822.08,5000.0,19.9,0.0,False
2024-09-24 00:00:00,0.0,0.0,,4535.23,5000.0,11.9,0.0,False
2024-05-11 06:00:00,0.0,0.0,34.06,4949.4,5000.0,15.8,0.0,False
2024-06-25 01:00:00,0.0,0.0,,4991.58,5000.0,19.3,0.0,False
2024-08-13 22:00:00,0.0,0.0,2.37,4997.63,5000.0,21.0,0.0,False
2024-04-17 22:00:00,2.65,305.36,1.96,5000.0,5000.0,14.9,303.4,False
2024-04-14 17:00:00,2.46,314.22,1.99,4041.71,5000.0,19.6,0.0,False
2024-09-07 02:00:00,0.0,0.0,2.24,,5000.0,14.6,0.0,False
2024-05-28 12:00:00,0.0,0.0,2.39,4490.91,5000.0,26.1,0.0,False
2024-07-26 13:00:00,0.0,0.0,70.37,4536.92,5000.0,29.9,0.0,False
2024-04-29 14:00:00,0.0,0.0,2.45,4886.91,5000.0,23.7,0.0,False
2024-04-16 00:00:00,0.0,0.0,2.36,3379.22,5000.0,12.6,0.0,False
2024-09-16 12:00:00,0.0,0.0,2.47,4297.17,5000.0,23.3,0.0,False
2024-05-19 05:00:00,1.71,215.37,2.32,4759.29,5000.0,15.6,0.0,False
2024-08-29 16:00:00,0.0,0.0,2.12,4406.7,5000.0,26.4,0.0,False
2024-07-18 03:00:00,0.0,0.0,2.23,4944.64,5000.0,20.2,0.0,False
2024-05-14 06:00:00,0.0,0.0,36.26,4134.4,5000.0,16.7,0.0,False
2024-06-18 14:00:00,1.93,238.26,1.71,5000.0,5000.0,27.7,47.75,False
2024-05-18 11:00:00,0.0,0.0,52.47,4848.23,5000.0,23.1,0.0,False
2024-06-02 12:00:00,0.0,0.0,67.56,4864.94,5000.0,24.4,0.0,False
2024-06-11 04:00:00,0.0,0.0,2.25,4384.48,5000.0,16.4,0.0,False
2024-08-22 16:00:00,0.0,0.0,2.0,2939.31,5000.0,25.2,0.0,False
2024-04-16 02:00:00,0.0,0.0,2.15,3374.68,5000.0,9.0,0.0,False
2024-08-29 12:00:00,0.0,,2.42,4415.44,5000.0,24.1,0.0,False
2024-07-27 12:00:00,,0.0,2.38,4214.5,5000.0,27.4,0.0,False
2024-06-10 07:00:00,0.0,0.0,27.49,4627.34,5000.0,20.7,0.0,False
2024-05-15 06:00:00,0.0,0.0,32.5,4967.5,5000.0,18.1,0.0,False
2024-06-24 14:00:00,0.0,0.0,2.36,4989.03,5000.0,27.1,0.0,False
2024-08-02 20:00:00,3.31,414.47,43.01,4982.73,5000.0,,0.0,False
2024-04-18 15:00:00,0.0,0.0,2.45,4713.67,5000.0,20.0,0.0,False
2024-08-23 11:00:00,0.0,0.0,2.0,2624.39,5000.0,24.7,0.0,False
2024-07-14 03:00:00,0.0,0.0,2.2,4687.15,5000.0,18.3,0.0,False
2024-05-19 09:00:00,0.0,,1.75,4656.92,5000.0,21.3,0.0,False
2024-06-04 23:00:00,0.0,0.0,2.22,3996.81,5000.0,19.7,0.0,False
2024-09-07 07:00:00,0.0,0.0,30.32,3200.65,5000.0,16.7,0.0,False
2024-07-21 23:00:00,0.0,0.0,1.85,4831.02,5000.0,20.3,0.0,False
2024-08-23 14:00:00,0.0,0.0,2.21,2618.19,5000.0,27.6,0.0,False
2024-05-20 02:00:00,0.0,0.0,2.34,4461.45,5000.0,15.6,0.0,False
2024-07-18 11:00:00,0.0,0.0,1.93,4993.51,5000.0,26.4,0.0,False
2024-06-08 16:00:00,0.0,0.0,1.92,4494.4,5000.0,25.6,0.0,False
2024-07-10 08:00:00,0.0,0.0,31.54,4691.97,5000.0,24.3,0.0,False
2024-08-30 20:00:00,0.0,0.0,37.52,,5000.0,22.8,0.0,False
2024-05-15 02:00:00,0.0,0.0,2.12,4649.11,5000.0,16.0,0.0,False
2024-05-05 03:00:00,0.0,0.0,1.97,4806.9,5000.0,11.7,0.0,False
2024-08-29 09:00:00,0.0,0.0,1.81,4421.32,5000.0,22.7,0.0,False
2024-07-20 12:00:00,0.0,0.0,54.4,4466.11,5000.0,27.9,0.0,False
2024-07-06 06:00:00,0.0,0.0,33.73,4583.4,5000.0,19.0,0.0,False
2024-08-03 06:00:00,0.0,0.0,29.71,4887.78,5000.0,21.8,0.0,False
2024-08-14 18:00:00,0.0,0.0,37.97,4817.66,5000.0,25.4,0.0,False
2024-04-15 19:00:00,0.0,0.0,41.82,3483.48,5000.0,,0.0,False
2024-10-03 16:00:00,0.0,0.0,2.09,1405.65,5000.0,18.9,0.0,False
2024-08-25 05:00:00,0.0,0.0,1.76,2758.27,5000.0,15.5,0.0,False
2024-05-30 04:00:00,0.0,0.0,1.7,4938.96,5000.0,17.9,0.0,False
2024-06-08 11:00:00,0.0,0.0,,4629.65,5000.0,23.7,0.0,False
2024-10-02 01:00:00,0.0,0.0,2.43,2033.11,5000.0,13.2,0.0,False
2024-10-07 02:00:00,0.0,0.0,2.38,712.28,5000.0,11.7,0.0,False
2024-08-22 13:00:00,0.0,0.0,49.22,2945.77,5000.0,25.9,0.0,False
2024-08-18 04:00:00,0.0,,2.48,4149.5,5000.0,16.5,0.0,False
2024-04-24 18:00:00,0.0,0.0,38.79,3291.65,5000.0,22.2,0.0,False
2024-05-24 09:00:00,0.0,0.0,2.46,4448.05,5000.0,22.0,0.0,False
2024-08-30 06:00:00,0.0,0.0,31.48,4181.97,5000.0,18.7,0.0,False
2024-09-24 15:00:00,0.0,0.0,2.44,4250.23,5000.0,23.8,0.0,False
2024-05-25 18:00:00,0.0,0.0,49.96,4588.28,5000.0,26.3,0.0,False
2024-08-10 20:00:00,0.0,0.0,51.58,4565.76,5000.0,24.1,0.0,False
2024-08-11 15:00:00,0.0,0.0,2.02,4376.74,5000.0,29.7,0.0,False
2024-05-23 17:00:00,0.0,0.0,1.83,4748.48,5000.0,24.8,0.0,False
2024-08-15 15:00:00,0.0,0.0,2.27,4857.95,5000.0,27.7,0.0,False
2024-08-12 16:00:00,0.0,0.0,2.45,4989.11,5000.0,27.7,0.0,False
2024-09-02 23:00:00,0.0,0.0,2.41,4699.54,5000.0,17.4,0.0,False
2024-08-19 05:00:00,0.0,0.0,2.28,4037.42,5000.0,20.3,0.0,False
2024-07-08 03:00:00,0.0,0.0,2.32,4795.11,5000.0,19.0,0.0,False
2024-06-29 14:00:00,2.26,299.68,2.19,4581.5,5000.0,28.8,0.0,False
2024-06-05 18:00:00,1.9,231.23,44.63,5000.0,5000.0,26.2,107.61,False
2024-07-22 02:00:00,0.0,0.0,2.18,4824.52,5000.0,21.2,0.0,False
2024-07-28 21:00:00,0.0,0.0,50.92,4696.67,5000.0,21.9,0.0,False
2024-08-06 11:00:00,0.0,0.0,2.4,4256.31,5000.0,26.3,0.0,False
2024-08-03 05:00:00,0.0,0.0,2.05,4917.49,5000.0,20.2,0.0,False
2024-06-13 09:00:00,0.0,0.0,2.17,4567.35,5000.0,23.7,0.0,False
2024-08-31 12:00:00,0.0,0.0,70.85,3678.95,5000.0,27.1,0.0,False
2024-09-22 09:00:00,,0.0,1.98,3282.4,5000.0,19.9,0.0,False
2024-06-05 15:00:00,3.23,403.35,1.82,4093.98,5000.0,26.9,0.0,False
2024-05-03 01:00:00,1.19,157.59,2.02,4979.13,5000.0,13.2,0.0,False
2024-08-14 03:00:00,0.0,0.0,2.42,4986.24,5000.0,17.9,0.0,False
2024-07-13 01:00:00,1.3,173.02,2.33,5000.0,5000.0,18.3,170.69,False
2024-09-28 02:00:00,0.0,0.0,2.39,3152.15,5000.0,13.8,0.0,False
2024-06-11 09:00:00,0.0,0.0,1.93,4276.61,5000.0,23.7,0.0,False
2024-07-07 23:00:00,0.0,0.0,1.96,4804.04,5000.0,20.9,0.0,False
2024-08-28 23:00:00,0.0,0.0,1.79,,5000.0,19.6,0.0,False
2024-06-08 05:00:00,0.0,,1.86,4802.64,5000.0,19.3,0.0,False
2024-06-19 03:00:00,0.0,0.0,2.26,4961.56,5000.0,18.2,0.0,False
2024-09-28 14:00:00,0.0,0.0,2.23,3036.44,5000.0,23.4,0.0,False
2024-06-28 21:00:00,,0.0,45.23,4202.66,5000.0,25.4,0.0,False
2024-05-27 19:00:00,0.0,0.0,39.02,4718.19,5000.0,23.4,0.0,False
2024-08-27 07:00:00,0.0,0.0,30.75,2976.63,5000.0,18.8,0.0,False
2024-05-27 15:00:00,0.0,,2.13,4806.22,5000.0,28.3,0.0,False
2024-08-28 02:00:00,6.06,714.72,2.43,5000.0,5000.0,18.1,712.29,False
2024-05-24 22:00:00,0.0,0.0,1.8,4071.52,5000.0,18.0,0.0,False
2024-09-25 09:00:00,0.0,0.0,2.45,3946.93,5000.0,17.6,0.0,False
2024-07-15 07:00:00,,0.0,27.9,4118.83,5000.0,22.2,0.0,False
2024-05-14 09:00:00,0.0,0.0,1.77,4061.93,5000.0,19.7,0.0,False
2024-05-13 11:00:00,0.0,0.0,2.09,4373.88,5000.0,22.1,0.0,False
2024-06-24 16:00:00,0.0,0.0,1.98,4985.04,5000.0,29.0,0.0,False
2024-04-30 00:00:00,,0.0,2.29,4691.39,5000.0,14.5,0.0,False
2024-08-05 06:00:00,0.0,0.0,39.72,4469.46,5000.0,20.2,0.0,False
2024-06-09 07:00:00,0.0,0.0,29.86,,5000.0,21.0,0.0,False
2024-07-26 12:00:00,0.0,0.0,56.06,4607.29,5000.0,28.0,0.0,False
2024-09-02 13:00:00,0.0,0.0,2.24,4879.13,5000.0,25.9,0.0,False
2024-06-02 00:00:00,0.0,0.0,2.09,4566.25,5000.0,17.5,0.0,False
2024-09-16 14:00:00,0.0,0.0,2.28,4292.99,5000.0,22.1,0.0,False
2024-09-19 22:00:00,0.0,0.0,1.75,3715.85,5000.0,17.5,0.0,False
2024-07-15 09:00:00,0.0,0.0,2.2,4085.33,5000.0,25.8,0.0,False
2024-08-02 16:00:00,0.0,0.0,,4702.2,5000.0,28.8,0.0,False
2024-06-09 03:00:00,0.0,0.0,1.82,4304.78,5000.0,17.7,0.0,False
2024-06-12 16:00:00,0.0,0.0,2.39,4875.99,5000.0,29.6,0.0,False
2024-08-20 13:00:00,,0.0,2.04,3449.43,5000.0,25.8,0.0,False
2024-08-02 23:00:00,0.0,0.0,1.89,4930.01,5000.0,21.3,0.0,False
2024-07-20 02:00:00,0.0,0.0,1.99,4684.07,5000.0,21.4,0.0,False
2024-04-17 05:00:00,0.0,0.0,1.87,4986.07,5000.0,11.8,0.0,False
2024-05-28 22:00:00,0.0,0.0,2.13,4788.83,5000.0,19.4,0.0,False
2024-07-09 11:00:00,0.0,0.0,2.5,4995.57,5000.0,26.2,0.0,False
2024-10-03 03:00:00,0.0,0.0,1.78,1711.81,5000.0,10.2,0.0,False
2024-09-28 18:00:00,0.0,0.0,,2980.66,5000.0,21.4,0.0,False
2024-08-23 05:00:00,0.0,0.0,,2728.26,5000.0,17.1,0.0,False
2024-05-29 04:00:00,0.0,0.0,1.96,4776.75,5000.0,16.0,0.0,False
2024-05-04 11:00:00,3.3,421.24,2.14,5000.0,5000.0,20.0,123.56,False
2024-08-15 11:00:00,0.0,0.0,1.99,4866.12,5000.0,24.2,0.0,False
2024-04-19 23:00:00,0.0,0.0,2.24,4698.01,5000.0,12.9,0.0,False
2024-07-18 17:00:00,0.0,0.0,2.08,4981.24,5000.0,28.2,0.0,False
2024-05-20 07:00:00,0.0,0.0,27.32,4394.32,5000.0,19.8,0.0,False
2024-07-29 15:00:00,0.0,0.0,2.42,4369.4,5000.0,,0.0,False
2024-08-08 10:00:00,0.0,0.0,1.79,4894.63,5000.0,,0.0,False
2024-07-09 16:00:00,0.0,0.0,2.06,4985.17,5000.0,27.5,0.0,False
2024-04-20 23:00:00,0.0,0.0,1.73,4385.77,5000.0,13.1,0.0,False
2024-04-23 06:00:00,0.0,0.0,37.76,3542.4,5000.0,12.8,0.0,False
2024-05-18 12:00:00,0.0,0.0,64.69,4783.54,5000.0,26.0,0.0,False
2024-07-30 18:00:00,0.0,0.0,44.05,4835.4,5000.0,25.2,0.0,False
2024-09-13 08:00:00,0.0,0.0,,4437.81,5000.0,17.0,0.0,False
2024-09-28 20:00:00,,0.0,36.21,2897.19,5000.0,19.4,0.0,False
2024-08-19 19:00:00,0.0,0.0,41.3,3671.13,5000.0,22.6,0.0,False
2024-07-16 01:00:00,0.0,0.0,1.81,3877.09,5000.0,20.6,0.0,False
2024-07-02 12:00:00,0.0,0.0,56.77,4692.72,5000.0,26.3,0.0,False
2024-08-03 14:00:00,0.0,0.0,2.18,4997.82,5000.0,30.9,0.0,False
2024-05-07 15:00:00,0.0,0.0,2.37,4795.82,5000.0,22.9,0.0,False
2024-07-27 03:00:00,0.0,0.0,1.71,4324.86,5000.0,19.4,0.0,False
2024-07-08 12:00:00,5.8,748.33,61.49,5000.0,5000.0,,324.8,False
2024-09-19 13:00:00,0.0,0.0,1.85,3903.49,5000.0,23.3,0.0,False
2024-06-06 17:00:00,0.0,0.0,2.27,4731.49,5000.0,27.2,0.0,False
2024-07-17 08:00:00,0.93,127.34,31.19,5000.0,5000.0,21.6,81.15,False
2024-04-10 17:00:00,0.0,0.0,1.76,2130.22,5000.0,18.0,0.0,False
2024-09-10 23:00:00,0.0,0.0,2.22,4819.28,5000.0,16.4,0.0,False
2024-07-08 04:00:00,0.0,0.0,2.24,4792.87,5000.0,18.1,0.0,False
2024-08-08 07:00:00,0.0,0.0,30.64,4926.69,5000.0,20.5,0.0,False
2024-05-30 17:00:00,0.0,0.0,2.04,4636.75,5000.0,27.3,0.0,False
2024-06-27 03:00:00,0.0,0.0,,4804.43,5000.0,17.4,0.0,True
2024-09-05 09:00:00,0.0,0.0,2.15,3969.08,5000.0,19.6,0.0,False
2024-04-10 14:00:00,0.0,0.0,1.72,2136.38,5000.0,19.8,0.0,False
2024-05-08 16:00:00,0.0,0.0,2.33,4985.25,5000.0,23.5,0.0,False
2024-04-23 18:00:00,0.0,0.0,39.06,3413.27,5000.0,20.2,0.0,False
2024-08-17 07:00:00,0.0,0.0,31.1,,5000.0,18.8,0.0,False
2024-07-06 19:00:00,0.0,0.0,35.91,4420.12,5000.0,28.5,0.0,False
2024-08-05 11:00:00,0.0,0.0,2.46,4399.54,5000.0,25.4,0.0,False
2024-10-04 18:00:00,0.0,0.0,52.13,1669.66,5000.0,17.7,0.0,False
2024-05-04 01:00:00,0.0,0.0,2.37,,5000.0,14.1,0.0,False
2024-07-26 02:00:00,0.0,0.0,1.85,4813.27,5000.0,20.1,0.0,False
2024-04-17 13:00:00,1.72,217.63,2.1,5000.0,5000.0,19.0,83.73,False
2024-04-11 10:00:00,0.0,0.0,2.44,3400.32,5000.0,16.3,0.0,False
2024-08-29 19:00:00,0.0,0.0,37.64,4319.69,5000.0,22.8,0.0,False
2024-05-30 01:00:00,0.0,0.0,1.78,4944.45,5000.0,16.9,0.0,False
2024-06-18 06:00:00,1.56,189.11,32.47,4889.55,5000.0,20.4,0.0,False
2024-07-14 22:00:00,0.0,0.0,2.06,4196.2,5000.0,23.1,0.0,False
2024-06-09 17:00:00,0.0,0.0,2.31,4877.92,5000.0,26.5,0.0,False
2024-05-28 03:00:00,0.0,0.0,2.18,4605.61,5000.0,16.7,0.0,False
2024-06-10 13:00:00,,0.0,2.05,4588.7,5000.0,25.8,0.0,False
2024-04-25 23:00:00,0.0,0.0,2.23,4811.75,5000.0,12.0,0.0,False
2024-09-27 02:00:00,0.0,0.0,2.42,3634.58,5000.0,14.1,0.0,False
2024-08-08 22:00:00,0.0,0.0,1.86,4909.04,5000.0,22.3,0.0,False
2024-08-02 08:00:00,0.0,0.0,28.63,4718.65,5000.0,22.5,0.0,False
2024-04-09 01:00:00,0.0,0.0,2.2,2745.49,5000.0,9.2,0.0,False
2024-07-02 05:00:00,0.0,0.0,2.47,4914.89,5000.0,20.2,0.0,False
2024-09-25 15:00:00,0.0,,1.9,3933.5,5000.0,24.1,0.0,False
2024-08-20 22:00:00,0.0,0.0,2.18,3276.74,5000.0,21.4,0.0,False
2024-04-25 11:00:00,0.0,0.0,1.82,4998.18,5000.0,18.9,0.0,False
2024-07-06 05:00:00,0.0,0.0,1.96,4617.13,5000.0,18.4,0.0,False
2024-08-28 06:00:00,0.0,0.0,27.67,4970.29,5000.0,17.7,0.0,False
2024-08-16 13:00:00,0.0,0.0,67.54,4388.42,5000.0,29.6,0.0,False
2024-05-17 09:00:00,3.45,450.03,2.39,5000.0,5000.0,21.6,447.64,False
2024-09-08 21:00:00,0.0,0.0,42.6,4814.98,5000.0,19.0,0.0,False
2024-05-09 07:00:00,0.0,0.0,37.43,4923.7,5000.0,14.2,0.0,False
2024-05-14 12:00:00,0.0,0.0,2.07,4054.86,5000.0,23.9,0.0,False
2024-07-30 00:00:00,0.0,,2.28,4176.97,5000.0,19.4,0.0,False
2024-10-01 13:00:00,0.0,0.0,2.24,1905.89,5000.0,22.3,0.0,False
2024-06-24 11:00:00,0.0,0.0,2.21,4995.84,5000.0,26.8,0.0,False
2024-04-21 19:00:00,0.0,0.0,37.51,4001.17,5000.0,16.7,0.0,False
2024-07-22 07:00:00,0.0,0.0,28.92,4752.21,5000.0,23.1,0.0,False
2024-08-22 21:00:00,0.0,0.0,49.98,2745.02,5000.0,22.3,0.0,False
2024-09-20 23:00:00,,71.08,1.73,3763.21,5000.0,15.0,0.0,False
2024-04-29 05:00:00,0.0,0.0,2.07,4995.65,5000.0,14.1,0.0,False
2024-09-14 09:00:00,0.0,0.0,2.12,4808.12,5000.0,18.6,0.0,False
2024-09-22 19:00:00,0.0,0.0,51.85,3175.48,5000.0,18.8,0.0,False
2024-07-09 10:00:00,0.0,0.0,1.93,4998.07,5000.0,26.9,0.0,False
2024-05-04 18:00:00,0.0,0.0,46.97,4939.92,5000.0,21.5,0.0,False
2024-06-30 18:00:00,0.0,0.0,41.57,4659.03,5000.0,26.8,0.0,False
2024-09-14 08:00:00,0.0,0.0,30.06,4810.24,5000.0,17.0,0.0,False
2024-07-22 11:00:00,0.0,0.0,1.99,4719.08,5000.0,27.0,0.0,False
2024-07-22 15:00:00,0.0,0.0,2.36,4710.01,5000.0,27.5,0.0,False
2024-06-27 18:00:00,0.0,0.0,45.8,4632.16,5000.0,27.9,0.0,False
2024-10-01 01:00:00,0.0,0.0,2.29,2024.52,5000.0,12.7,0.0,False
2024-05-11 15:00:00,0.0,0.0,2.25,4862.61,5000.0,,0.0,False
2024-07-24 00:00:00,0.0,0.0,2.01,4509.68,5000.0,18.1,0.0,False
2024-05-29 18:00:00,0.0,0.0,51.13,4948.87,5000.0,24.1,0.0,False
2024-05-30 13:00:00,0.0,0.0,58.94,4645.51,5000.0,26.7,0.0,False
2024-07-31 05:00:00,0.0,0.0,2.01,4996.24,5000.0,18.5,0.0,False
2024-06-25 22:00:00,0.0,0.0,2.03,4827.0,5000.0,24.1,0.0,False
2024-05-25 05:00:00,0.0,0.0,2.04,4754.3,5000.0,15.6,0.0,False
2024-05-03 18:00:00,0.0,0.0,40.43,4683.86,5000.0,23.1,0.0,False
2024-08-18 06:00:00,0.0,0.0,29.89,4117.12,5000.0,18.3,0.0,False
2024-07-15 03:00:00,0.0,0.0,2.36,4184.99,5000.0,16.6,0.0,False
2024-08-03 08:00:00,1.29,160.26,27.93,4981.86,5000.0,20.5,0.0,False
2024-06-25 17:00:00,1.18,139.99,2.14,5000.0,5000.0,28.9,137.85,False
2024-10-05 10:00:00,0.0,0.0,1.99,1416.27,5000.0,18.2,0.0,False
2024-05-18 21:00:00,0.0,0.0,,4561.23,5000.0,20.6,0.0,False
2024-08-07 21:00:00,2.1,258.88,47.22,5000.0,5000.0,23.6,211.66,False
2024-05-01 16:00:00,0.0,0.0,2.25,4908.8,5000.0,24.7,0.0,False
2024-05-05 01:00:00,0.0,0.0,2.4,4810.81,5000.0,11.8,0.0,False
2024-05-12 12:00:00,0.0,0.0,52.0,4771.97,5000.0,21.8,0.0,False
2024-05-03 10:00:00,0.0,0.0,1.84,4898.58,5000.0,17.1,0.0,False
2024-08-05 17:00:00,0.0,0.0,2.27,4550.45,5000.0,26.5,0.0,False
2024-07-09 02:00:00,0.0,0.0,2.01,4997.99,5000.0,20.2,0.0,False
2024-04-26 07:00:00,0.0,0.0,28.09,4740.1,5000.0,11.9,0.0,False
2024-07-16 14:00:00,3.3,382.59,2.25,4141.55,5000.0,27.8,0.0,False
2024-09-01 04:00:00,0.0,0.0,1.77,3401.5,5000.0,15.9,0.0,False
2024-08-21 06:00:00,0.0,0.0,34.55,3227.89,5000.0,18.9,0.0,False
2024-07-26 09:00:00,0.0,0.0,1.77,4714.85,5000.0,23.1,0.0,False
2024-09-14 06:00:00,0.0,0.0,28.81,4872.15,5000.0,15.9,0.0,False
2024-08-19 14:00:00,0.0,0.0,2.46,3764.44,5000.0,26.1,0.0,False
2024-06-28 17:00:00,0.0,0.0,1.73,4386.8,5000.0,26.9,0.0,False
2024-05-28 01:00:00,0.0,0.0,1.8,4609.78,5000.0,16.8,0.0,False
2024-09-16 11:00:00,0.0,0.0,1.83,4299.64,5000.0,22.3,0.0,False
2024-10-04 19:00:00,0.0,0.0,41.21,1628.45,5000.0,19.9,0.0,False
2024-04-23 11:00:00,0.0,0.0,2.28,3465.36,5000.0,18.4,0.0,False
2024-09-06 14:00:00,0.0,0.0,1.97,3473.78,5000.0,24.8,0.0,False
2024-06-05 04:00:00,0.0,0.0,2.12,,5000.0,17.5,0.0,False
2024-05-06 19:00:00,0.0,,,4450.98,5000.0,21.7,0.0,False
2024-07-19 10:00:00,0.0,0.0,1.85,4886.72,5000.0,26.8,0.0,False
2024-07-24 12:00:00,0.0,0.0,1.91,4991.51,5000.0,29.7,0.0,False
2024-05-26 09:00:00,0.0,0.0,1.88,4354.4,5000.0,19.8,0.0,False
2024-09-24 21:00:00,0.0,0.0,49.59,4059.82,5000.0,18.1,0.0,False
2024-05-08 02:00:00,,0.0,1.75,4605.06,5000.0,13.0,0.0,False
2024-09-24 16:00:00,0.0,0.0,2.27,4247.96,5000.0,22.9,0.0,False
2024-06-04 16:00:00,0.0,0.0,2.28,4194.09,5000.0,27.7,0.0,False
2024-04-14 19:00:00,0.0,0.0,44.15,3957.22,5000.0,17.2,0.0,False
2024-05-26 19:00:00,0.0,,,4250.54,5000.0,,0.0,False
2024-09-02 16:00:00,0.0,0.0,2.45,4872.56,5000.0,25.9,0.0,False
2024-04-27 22:00:00,0.0,0.0,1.89,4357.49,5000.0,16.2,0.0,False
2024-08-11 14:00:00,0.0,0.0,2.22,4378.76,5000.0,30.6,0.0,False
2024-09-30 19:00:00,0.0,0.0,51.8,2118.7,5000.0,18.9,0.0,False
2024-09-18 19:00:00,0.0,0.0,47.98,3984.88,5000.0,21.5,0.0,False
2024-07-27 23:00:00,0.0,0.0,2.48,4025.09,5000.0,21.3,0.0,False
2024-06-27 19:00:00,0.0,0.0,37.04,4595.12,5000.0,26.2,0.0,False
2024-06-04 06:00:00,0.0,,37.05,4274.44,5000.0,17.6,0.0,False
2024-09-10 08:00:00,0.0,0.0,28.58,4240.96,5000.0,18.0,0.0,False
2024-08-05 00:00:00,0.0,0.0,1.9,4519.29,5000.0,19.7,0.0,False
2024-05-12 05:00:00,0.0,0.0,1.96,4998.04,5000.0,14.1,0.0,False
2024-06-07 11:00:00,0.0,0.0,2.45,4411.51,5000.0,25.3,0.0,False
2024-05-21 07:00:00,1.88,241.76,30.58,5000.0,5000.0,16.8,0.44,False
2024-08-10 11:00:00,0.0,0.0,51.86,4834.18,5000.0,,0.0,False
2024-06-05 05:00:00,0.0,,1.83,3984.51,5000.0,,0.0,False
2024-04-18 17:00:00,0.0,0.0,2.03,4709.84,5000.0,20.7,0.0,False
2024-09-15 14:00:00,0.0,0.0,2.18,4623.43,5000.0,21.2,0.0,False
2024-09-04 11:00:00,0.0,0.0,2.41,4081.26,5000.0,22.3,0.0,False
2024-04-13 07:00:00,0.0,0.0,33.92,3518.01,5000.0,12.0,0.0,False
2024-04-12 21:00:00,0.0,,46.28,3596.11,5000.0,14.3,0.0,False
2024-08-20 12:00:00,0.0,0.0,1.91,3451.47,5000.0,28.0,0.0,False
2024-06-14 08:00:00,0.0,0.0,27.77,4255.43,5000.0,22.0,0.0,False
2024-06-13 19:00:00,0.0,0.0,45.37,,5000.0,24.5,0.0,False
2024-09-23 00:00:00,0.0,0.0,2.05,4846.96,5000.0,15.0,0.0,False
2024-05-30 21:00:00,0.0,0.0,52.34,4456.38,5000.0,22.4,0.0,False
2024-10-07 03:00:00,0.0,0.0,1.74,710.54,5000.0,10.3,0.0,False
2024-05-25 03:00:00,3.18,390.43,1.93,4450.97,5000.0,15.3,0.0,False
2024-05-04 07:00:00,0.0,0.0,34.97,4469.0,5000.0,16.3,0.0,False
2024-09-10 19:00:00,0.0,0.0,42.07,4910.63,5000.0,24.2,0.0,False
2024-06-07 10:00:00,0.0,0.0,1.96,4413.96,5000.0,24.1,0.0,False
2024-08-08 08:00:00,0.0,0.0,28.09,4898.6,5000.0,22.9,0.0,False
2024-10-01 23:00:00,0.0,0.0,2.48,2037.62,5000.0,15.4,0.0,False
2024-06-20 15:00:00,0.0,0.0,2.05,4603.2,5000.0,29.8,0.0,False
2024-05-22 12:00:00,0.0,0.0,2.48,4482.08,5000.0,25.7,0.0,False
2024-04-14 23:00:00,0.0,0.0,2.1,3870.95,5000.0,11.1,0.0,False
2024-05-14 10:00:00,0.0,0.0,2.5,4059.43,5000.0,21.0,0.0,False
2024-05-15 03:00:00,0.0,0.0,2.43,4646.68,5000.0,15.5,0.0,False
2024-08-19 18:00:00,0.0,0.0,45.48,3712.43,5000.0,27.5,0.0,False
2024-05-05 18:00:00,0.0,0.0,44.12,4641.22,5000.0,23.2,0.0,False
2024-09-22 22:00:00,4.41,597.27,1.87,4850.72,5000.0,,0.0,False
2024-05-06 12:00:00,0.0,0.0,58.18,4349.99,5000.0,,0.0,False
2024-04-30 05:00:00,,0.0,1.82,4681.12,5000.0,12.6,0.0,False
2024-10-05 23:00:00,0.0,0.0,2.36,1223.92,5000.0,13.5,0.0,False
2024-09-04 02:00:00,0.0,0.0,2.32,4198.26,5000.0,15.3,0.0,False
2024-08-12 14:00:00,0.0,0.0,2.18,,5000.0,,0.0,False
2024-09-18 18:00:00,0.0,0.0,46.59,4032.86,5000.0,24.2,0.0,False
2024-08-12 07:00:00,0.0,0.0,30.13,4939.92,5000.0,19.8,0.0,False
2024-07-24 07:00:00,3.56,460.33,38.93,4886.85,5000.0,21.2,0.0,False
2024-06-15 11:00:00,0.0,0.0,1.92,3781.98,5000.0,26.7,0.0,False
2024-09-06 12:00:00,0.0,0.0,55.61,3546.41,5000.0,23.6,0.0,False
2024-08-15 21:00:00,0.0,0.0,42.64,4680.42,5000.0,24.3,0.0,False
2024-10-06 01:00:00,0.0,0.0,1.97,1220.06,5000.0,11.0,0.0,False
2024-09-07 20:00:00,0.0,0.0,51.67,3124.48,5000.0,,0.0,False
2024-04-11 07:00:00,2.0,239.22,31.46,3439.91,5000.0,12.7,0.0,False
2024-10-05 06:00:00,0.0,,34.84,1487.72,5000.0,14.6,0.0,False
2024-09-26 03:00:00,0.0,0.0,1.94,3751.05,5000.0,12.5,0.0,False
2024-06-17 12:00:00,0.0,,50.58,4440.6,5000.0,25.1,0.0,False
2024-05-20 09:00:00,0.0,0.0,1.94,4355.62,5000.0,20.7,0.0,False
2024-05-29 14:00:00,2.04,264.36,2.19,4928.66,5000.0,25.8,0.0,False
2024-06-07 08:00:00,0.0,0.0,30.7,4418.02,5000.0,21.9,0.0,False
2024-07-19 16:00:00,0.0,0.0,1.94,4873.97,5000.0,30.1,0.0,False
2024-09-27 16:00:00,0.0,0.0,1.77,3366.62,5000.0,23.6,0.0,False
2024-09-30 14:00:00,0.0,0.0,2.19,,5000.0,21.6,0.0,False
2024-04-10 08:00:00,0.0,0.0,33.43,2147.54,5000.0,9.3,0.0,False
2024-09-04 13:00:00,0.0,0.0,2.12,4076.96,5000.0,24.9,0.0,False
2024-06-23 06:00:00,0.0,0.0,27.39,4966.01,5000.0,19.7,0.0,False
2024-10-06 20:00:00,0.0,0.0,36.78,771.64,5000.0,19.1,0.0,False
2024-08-17 22:00:00,0.0,0.0,1.88,,5000.0,20.7,0.0,False
2024-04-21 04:00:00,0.0,0.0,1.78,4376.33,5000.0,11.0,0.0,False
2024-07-11 09:00:00,0.0,,2.14,4997.86,5000.0,23.6,0.0,False
2024-05-30 12:00:00,0.0,0.0,62.19,4704.45,5000.0,24.5,0.0,False
2024-04-12 00:00:00,0.0,0.0,2.31,4013.02,5000.0,13.2,0.0,False
2024-05-07 05:00:00,0.0,0.0,2.18,,5000.0,13.9,0.0,False
2024-06-06 04:00:00,0.0,0.0,2.38,4848.26,5000.0,17.7,0.0,False
2024-05-04 23:00:00,0.0,0.0,1.84,4815.44,5000.0,14.7,0.0,False
2024-08-20 16:00:00,0.0,0.0,2.32,3443.23,5000.0,,0.0,False
2024-08-14 15:00:00,0.0,0.0,2.39,4859.34,5000.0,28.0,0.0,False
2024-05-26 20:00:00,0.0,0.0,36.85,4213.69,5000.0,23.5,0.0,False
2024-08-12 12:00:00,0.0,0.0,2.25,4997.75,5000.0,26.6,0.0,False
2024-08-27 15:00:00,3.24,363.8,,4269.11,5000.0,26.1,0.0,False
2024-09-03 22:00:00,0.0,0.0,1.72,4206.92,5000.0,19.0,0.0,False
2024-09-06 07:00:00,,0.0,39.35,3683.04,5000.0,16.7,0.0,False
2024-07-24 18:00:00,0.0,0.0,48.51,4932.77,5000.0,,0.0,False
2024-09-11 05:00:00,0.0,0.0,1.87,4806.73,5000.0,15.1,0.0,False
2024-07-26 01:00:00,0.0,0.0,1.83,4815.12,5000.0,18.5,0.0,False
2024-05-22 15:00:00,0.0,0.0,,4475.92,5000.0,26.4,0.0,False
2024-08-25 01:00:00,0.0,0.0,1.99,2116.23,5000.0,17.0,0.0,False
2024-08-23 02:00:00,0.0,0.0,2.2,2734.05,5000.0,16.8,0.0,False
2024-04-22 21:00:00,0.0,0.0,50.58,3597.64,5000.0,17.1,0.0,False
2024-05-18 23:00:00,0.0,0.0,1.77,4557.09,5000.0,17.0,0.0,False
2024-10-06 02:00:00,0.0,0.0,2.26,1217.8,5000.0,,0.0,False
2024-04-12 17:00:00,,,2.05,3793.82,5000.0,21.8,0.0,False
2024-07-12 11:00:00,0.0,0.0,2.41,4880.04,5000.0,25.4,0.0,False
2024-09-08 00:00:00,0.0,0.0,2.2,3074.14,5000.0,14.6,0.0,False
2024-06-25 16:00:00,1.27,162.48,2.21,5000.0,5000.0,28.4,158.1,False
2024-09-24 11:00:00,0.0,0.0,49.74,4359.88,5000.0,19.2,0.0,False
2024-06-02 19:00:00,0.0,0.0,37.23,4719.74,5000.0,22.3,0.0,False
2024-09-25 17:00:00,0.0,0.0,1.72,3929.69,5000.0,22.2,0.0,False
2024-08-15 05:00:00,0.0,0.0,2.35,4984.87,5000.0,17.7,0.0,False
2024-08-13 04:00:00,0.0,0.0,1.78,4788.5,5000.0,17.4,0.0,False
2024-07-29 11:00:00,0.0,0.0,70.92,4489.92,5000.0,27.4,0.0,False
2024-09-28 11:00:00,0.0,0.0,1.98,3042.5,5000.0,21.4,0.0,False
2024-04-10 18:00:00,0.0,0.0,41.03,,5000.0,17.9,0.0,False
2024-08-31 20:00:00,0.0,0.0,38.87,3464.08,5000.0,23.4,0.0,False
2024-06-29 06:00:00,0.0,0.0,28.01,4158.93,5000.0,21.9,0.0,False
2024-09-20 03:00:00,0.0,0.0,2.22,3705.74,5000.0,13.4,0.0,False
2024-07-05 14:00:00,0.0,0.0,1.87,4827.03,5000.0,28.0,0.0,False
2024-08-08 03:00:00,1.42,180.56,2.28,5000.0,5000.0,19.1,178.28,False
2024-09-22 05:00:00,0.0,0.0,2.3,3380.88,5000.0,13.2,0.0,False
2024-07-22 10:00:00,0.0,0.0,1.77,4721.07,5000.0,26.5,0.0,False
2024-09-29 07:00:00,0.0,0.0,32.63,2773.8,5000.0,14.1,0.0,False
2024-04-09 10:00:00,0.0,0.0,2.39,2629.38,5000.0,13.9,0.0,False
2024-05-23 22:00:00,0.0,0.0,,4568.59,5000.0,17.2,0.0,False
2024-09-05 02:00:00,0.0,0.0,2.46,4083.01,5000.0,17.6,0.0,False
2024-07-01 19:00:00,0.0,0.0,44.0,4710.74,5000.0,26.5,0.0,False
2024-07-07 01:00:00,0.0,0.0,2.46,4334.0,5000.0,18.1,0.0,False
2024-07-24 09:00:00,0.0,0.0,2.32,4997.68,5000.0,24.7,0.0,False
2024-10-01 19:00:00,0.67,79.5,37.6,2125.31,5000.0,18.2,0.0,False
2024-05-10 14:00:00,0.0,0.0,2.32,4775.15,5000.0,24.4,0.0,False
2024-06-15 12:00:00,0.0,0.0,2.39,3779.59,5000.0,25.8,0.0,False
2024-07-13 02:00:00,0.0,0.0,2.23,4997.77,5000.0,19.1,0.0,False
2024-08-04 01:00:00,0.0,0.0,2.05,4991.84,5000.0,18.1,0.0,False
2024-06-03 02:00:00,0.0,0.0,2.04,4605.94,5000.0,17.2,0.0,False
2024-08-11 03:00:00,0.0,0.0,1.99,4505.96,5000.0,16.9,0.0,False
2024-08-15 10:00:00,0.0,0.0,2.24,4868.11,5000.0,24.3,0.0,False
2024-09-09 02:00:00,0.0,0.0,2.23,4804.45,5000.0,15.3,0.0,False
2024-08-16 21:00:00,0.0,0.0,52.13,4189.7,5000.0,24.8,0.0,False
2024-07-02 07:00:00,0.0,0.0,35.29,4850.87,5000.0,22.2,0.0,False
2024-04-09 05:00:00,0.0,0.0,,2737.24,5000.0,8.4,0.0,False
2024-09-25 22:00:00,0.0,0.0,2.26,3761.44,5000.0,16.8,0.0,False
2024-05-21 13:00:00,0.0,,58.84,4789.33,5000.0,24.9,0.0,False
2024-05-11 17:00:00,0.0,0.0,1.86,4858.97,5000.0,22.4,0.0,False
2024-08-11 17:00:00,,260.87,2.16,4816.21,5000.0,26.3,0.0,False
2024-05-20 22:00:00,0.0,0.0,1.89,4832.15,5000.0,18.8,0.0,False
2024-07-03 07:00:00,0.0,0.0,29.72,4928.7,5000.0,20.8,0.0,False
2024-10-06 10:00:00,0.0,0.0,2.49,1101.68,5000.0,16.5,0.0,False
2024-09-03 15:00:00,0.0,0.0,1.72,4394.47,5000.0,26.8,0.0,False
2024-04-29 19:00:00,0.0,0.0,45.8,4782.79,5000.0,20.5,0.0,False
2024-05-10 07:00:00,0.0,0.0,31.97,4816.43,5000.0,15.6,0.0,False
2024-06-24 10:00:00,0.0,0.0,1.95,4998.05,5000.0,25.9,0.0,False
2024-07-01 15:00:00,0.0,0.0,2.15,4806.01,5000.0,28.7,0.0,False
2024-10-01 07:00:00,0.0,0.0,35.2,1947.58,5000.0,,0.0,False
2024-08-01 20:00:00,0.0,0.0,44.05,4650.67,5000.0,26.2,0.0,False
2024-05-14 18:00:00,2.1,,49.34,4551.83,5000.0,21.8,0.0,False
2024-08-27 13:00:00,3.57,453.19,2.07,3392.39,5000.0,25.8,0.0,False
2024-06-10 06:00:00,0.0,0.0,28.23,4654.83,5000.0,19.1,0.0,False
2024-06-03 13:00:00,-1.1270742443820876,0.0,2.26,4491.44,5000.0,23.3,0.0,True
2024-08-18 00:00:00,0.0,0.0,2.49,4157.67,5000.0,18.0,0.0,False
2024-05-08 18:00:00,1.25,156.69,,5000.0,5000.0,20.7,110.53,False
2024-08-19 23:00:00,0.0,0.0,2.16,3576.71,5000.0,19.1,0.0,False
2024-05-03 23:00:00,0.0,0.0,2.35,4548.09,5000.0,14.5,0.0,False
2024-09-08 05:00:00,0.0,0.0,1.7,3978.43,5000.0,17.9,0.0,False
2024-10-01 00:00:00,0.0,0.0,1.77,2026.81,5000.0,14.2,0.0,False
2024-09-09 23:00:00,0.0,0.0,1.74,4345.16,5000.0,18.6,0.0,False
2024-08-01 17:00:00,0.0,0.0,2.38,4780.54,5000.0,26.3,0.0,False
2024-10-02 19:00:00,0.0,0.0,38.39,1827.19,5000.0,18.9,0.0,False
2024-06-12 07:00:00,0.0,0.0,34.48,4921.42,5000.0,18.7,0.0,False
2024-07-16 21:00:00,0.0,0.0,,4905.81,5000.0,24.7,0.0,False
2024-08-11 07:00:00,0.0,0.0,38.38,4430.82,5000.0,19.8,0.0,False
2024-07-08 14:00:00,3.31,423.15,1.92,5000.0,5000.0,30.2,421.23,False
2024-08-24 22:00:00,0.0,0.0,1.75,2123.19,5000.0,19.5,0.0,False
2024-05-24 17:00:00,,0.0,1.79,4248.41,5000.0,26.3,0.0,False
2024-09-19 05:00:00,0.0,0.0,,4022.6,5000.0,15.4,0.0,False
2024-07-28 03:00:00,0.0,0.0,1.99,4016.66,5000.0,17.1,0.0,False
2024-05-28 16:00:00,0.53,68.72,2.25,4551.95,5000.0,25.1,0.0,False
2024-08-09 02:00:00,0.0,0.0,2.19,4900.3,5000.0,18.1,0.0,False
2024-08-22 18:00:00,0.0,0.0,46.18,2891.1,5000.0,23.9,0.0,False
2024-08-23 16:00:00,0.0,0.0,2.04,2613.68,5000.0,27.5,0.0,False
2024-05-04 13:00:00,0.0,0.0,2.18,,5000.0,22.3,0.0,False
2024-05-04 00:00:00,0.0,0.0,1.97,4546.12,5000.0,12.5,0.0,False
2024-08-15 17:00:00,0.0,0.0,2.2,4853.79,5000.0,25.8,0.0,False
2024-07-22 18:00:00,3.53,489.78,36.51,5000.0,5000.0,27.4,453.27,False
2024-06-28 19:00:00,0.0,0.0,45.17,4295.03,5000.0,27.2,0.0,False
2024-05-04 16:00:00,0.0,0.0,2.48,4989.09,5000.0,24.6,0.0,False
2024-08-09 21:00:00,0.0,0.0,51.63,4795.32,5000.0,20.6,0.0,False
2024-07-16 12:00:00,0.0,0.0,2.22,3763.7,5000.0,26.8,0.0,False
2024-04-19 06:00:00,0.0,0.0,29.66,4970.34,5000.0,11.3,0.0,False
2024-05-05 13:00:00,0.0,0.0,1.82,4693.14,5000.0,20.1,0.0,False
2024-09-01 12:00:00,0.0,0.0,2.22,3281.95,5000.0,24.2,0.0,False
2024-07-26 04:00:00,,0.0,2.32,4809.07,5000.0,18.9,0.0,False
2024-07-19 06:00:00,0.0,0.0,33.33,4966.67,5000.0,20.5,0.0,False
2024-08-07 00:00:00,0.0,0.0,1.81,4815.03,5000.0,20.1,0.0,False
2024-07-20 15:00:00,2.73,360.58,2.29,5000.0,5000.0,28.1,358.29,False
2024-09-20 20:00:00,0.61,69.54,36.5,3540.69,5000.0,21.4,0.0,False
2024-05-07 16:00:00,0.0,,2.18,4793.64,5000.0,23.9,0.0,False
2024-07-26 16:00:00,0.0,0.0,1.8,4530.65,5000.0,30.9,0.0,False
2024-05-29 13:00:00,0.0,0.0,2.21,4666.49,5000.0,24.7,0.0,False
2024-05-27 11:00:00,0.0,0.0,62.29,4937.71,5000.0,21.9,0.0,False
2024-06-30 14:00:00,0.0,0.0,2.23,4707.6,5000.0,27.4,0.0,False
2024-04-12 03:00:00,0.0,0.0,,4007.4,5000.0,8.8,0.0,False
2024-06-12 23:00:00,0.0,0.0,2.49,4680.05,5000.0,20.5,0.0,False
2024-08-26 18:00:00,0.0,0.0,37.48,3191.92,5000.0,27.0,0.0,False
2024-05-02 10:00:00,1.07,142.98,1.89,5000.0,5000.0,20.2,141.09,False
2024-05-28 15:00:00,0.0,0.0,1.99,4485.48,5000.0,,0.0,False
2024-07-09 15:00:00,0.0,0.0,1.94,4987.23,5000.0,28.8,0.0,False
2024-06-04 19:00:00,0.0,0.0,52.35,4088.35,5000.0,25.3,0.0,False
2024-05-03 15:00:00,0.0,0.0,1.9,4728.57,5000.0,23.4,0.0,False
2024-06-23 20:00:00,0.0,0.0,35.98,4871.23,5000.0,23.7,0.0,False
2024-04-19 18:00:00,0.0,0.0,50.73,4840.44,5000.0,18.5,0.0,False
2024-04-23 10:00:00,0.0,0.0,2.16,3467.64,5000.0,16.5,0.0,False
2024-06-05 00:00:00,0.0,0.0,1.92,3994.89,5000.0,,0.0,False
2024-09-26 11:00:00,0.0,0.0,2.49,3824.61,5000.0,20.3,0.0,False
2024-08-24 07:00:00,0.0,0.0,28.96,2364.75,5000.0,19.1,0.0,False
2024-06-17 04:00:00,0.0,0.0,1.9,4662.1,5000.0,18.2,0.0,False
2024-09-05 15:00:00,,0.0,1.99,3956.71,5000.0,26.8,0.0,False
2024-04-14 13:00:00,0.0,0.0,1.82,3253.8,5000.0,,0.0,False
2024-05-15 23:00:00,0.0,0.0,1.86,4803.94,5000.0,,0.0,False
2024-09-02 02:00:00,0.0,0.0,2.04,4995.63,5000.0,17.1,0.0,False
2024-07-21 21:00:00,0.0,0.0,44.04,4835.17,5000.0,23.9,0.0,False
2024-04-18 06:00:00,0.0,0.0,33.27,4956.3,5000.0,11.9,0.0,False
2024-04-11 19:00:00,,108.75,43.62,3964.53,5000.0,15.7,0.0,False
2024-06-28 16:00:00,0.0,0.0,2.11,4388.53,5000.0,28.5,0.0,False
2024-08-17 18:00:00,0.49,62.39,37.81,4075.23,5000.0,25.3,0.0,False
2024-08-17 13:00:00,0.0,0.0,2.3,4058.76,5000.0,26.2,0.0,False
2024-09-17 02:00:00,0.0,0.0,2.08,4084.71,5000.0,13.6,0.0,False
2024-08-03 10:00:00,1.27,152.11,2.39,5000.0,5000.0,24.8,149.72,False
2024-06-06 10:00:00,0.0,0.0,2.11,4745.97,5000.0,24.8,0.0,False
2024-09-13 18:00:00,0.0,0.0,38.98,4955.33,5000.0,25.3,0.0,False
2024-05-18 18:00:00,0.0,0.0,43.97,4676.08,5000.0,23.6,0.0,False
2024-08-03 01:00:00,0.0,0.0,,4926.35,5000.0,19.7,0.0,False
2024-05-09 03:00:00,,0.0,1.99,4904.95,5000.0,14.0,0.0,False
2024-08-25 17:00:00,0.0,0.0,2.15,2665.43,5000.0,24.7,0.0,False
2024-10-02 12:00:00,0.0,0.0,2.19,1911.35,5000.0,22.6,0.0,False
2024-07-20 20:00:00,0.0,0.0,52.5,4864.18,5000.0,25.8,0.0,False
2024-04-14 12:00:00,0.0,0.0,1.94,3255.62,5000.0,20.1,0.0,False
2024-09-17 11:00:00,0.0,0.0,2.14,4144.27,5000.0,20.7,0.0,False
2024-05-17 14:00:00,0.0,0.0,2.17,4990.12,5000.0,24.4,0.0,False
2024-08-16 18:00:00,0.0,0.0,51.34,4328.77,5000.0,24.3,0.0,False
2024-04-10 03:00:00,0.0,,1.89,2243.7,5000.0,10.0,0.0,False
2024-07-21 06:00:00,0.0,0.0,34.74,,5000.0,19.0,0.0,False
2024-05-29 01:00:00,0.0,0.0,2.21,4782.9,5000.0,18.5,0.0,False
2024-06-26 06:00:00,0.0,0.0,32.63,,5000.0,,0.0,False
2024-05-26 16:00:00,0.0,0.0,2.35,4340.58,5000.0,26.1,0.0,False
2024-06-26 11:00:00,1.96,224.98,50.86,4882.32,5000.0,25.3,0.0,False
2024-05-29 06:00:00,0.0,0.0,39.45,4735.4,5000.0,18.7,0.0,False
2024-04-26 22:00:00,0.0,0.0,2.22,4501.31,5000.0,12.2,0.0,False
2024-08-18 20:00:00,0.0,0.0,36.45,3906.76,5000.0,22.8,0.0,False
2024-09-24 20:00:00,0.0,0.0,46.43,4109.41,5000.0,19.8,0.0,False
2024-07-07 13:00:00,,282.91,2.46,5000.0,5000.0,27.8,280.45,False
2024-08-31 04:00:00,0.0,0.0,2.24,3918.91,5000.0,15.9,0.0,False
2024-09-23 23:00:00,0.0,0.0,2.0,,5000.0,16.8,0.0,False
2024-08-06 15:00:00,2.39,312.26,2.34,5000.0,5000.0,28.5,309.92,False
2024-04-15 18:00:00,0.0,0.0,41.47,3525.3,5000.0,18.5,0.0,False
2024-07-08 16:00:00,3.48,463.08,2.21,5000.0,5000.0,29.1,460.87,False
2024-06-05 02:00:00,,0.0,1.86,3990.56,5000.0,16.6,0.0,False
2024-08-30 07:00:00,0.0,0.0,28.7,4153.27,5000.0,18.4,0.0,False
2024-08-22 03:00:00,0.0,0.0,2.13,3232.65,5000.0,17.4,0.0,False
2024-06-07 12:00:00,2.55,318.97,2.11,4728.37,5000.0,24.8,0.0,False
2024-06-25 07:00:00,0.0,0.0,33.66,4914.38,5000.0,18.7,0.0,False
2024-08-19 17:00:00,0.0,0.0,2.45,,5000.0,26.4,0.0,False
2024-10-07 18:00:00,0.0,0.0,47.52,527.62,5000.0,20.1,0.0,False
2024-09-14 01:00:00,0.0,0.0,2.3,4909.99,5000.0,17.0,0.0,False
2024-09-12 09:00:00,0.0,0.0,2.39,,5000.0,,0.0,False
2024-05-15 22:00:00,0.0,0.0,1.94,4805.8,5000.0,19.6,0.0,False
2024-08-30 17:00:00,0.0,0.0,2.04,4101.56,5000.0,26.9,0.0,False
2024-08-18 07:00:00,0.0,0.0,35.08,4082.04,5000.0,20.9,0.0,False
2024-08-24 16:00:00,0.0,0.0,2.41,2311.31,5000.0,25.9,0.0,False
2024-07-03 14:00:00,0.0,0.0,1.95,4878.05,5000.0,29.2,0.0,False
2024-09-02 22:00:00,0.0,0.0,2.46,4701.95,5000.0,18.8,0.0,False
2024-05-31 14:00:00,3.94,502.75,1.86,5000.0,5000.0,25.8,500.89,False
2024-09-01 14:00:00,0.0,0.0,1.97,3277.51,5000.0,26.9,0.0,False
2024-08-14 20:00:00,0.72,100.72,39.6,4933.96,5000.0,23.5,0.0,False
2024-09-21 11:00:00,0.0,0.0,69.0,3697.89,5000.0,21.2,0.0,False
2024-07-17 15:00:00,0.0,0.0,1.73,4808.73,5000.0,29.5,0.0,False
2024-06-14 12:00:00,0.0,0.0,55.35,,5000.0,28.7,0.0,False
2024-06-17 21:00:00,0.0,0.0,39.41,4200.79,5000.0,23.5,0.0,False
2024-07-19 23:00:00,0.0,0.0,2.47,4690.08,5000.0,23.1,0.0,False
2024-05-04 05:00:00,0.0,0.0,2.3,4534.98,5000.0,14.4,0.0,False
2024-07-01 07:00:00,0.0,0.0,39.68,4438.49,5000.0,21.6,0.0,False
2024-08-02 10:00:00,,0.0,1.83,4714.66,5000.0,24.8,0.0,False
2024-06-10 08:00:00,0.0,0.0,28.66,4598.68,5000.0,22.1,0.0,False
2024-04-18 10:00:00,0.0,0.0,1.96,4894.66,5000.0,16.0,0.0,False
2024-07-05 03:00:00,0.77,97.61,,5000.0,5000.0,19.0,95.13,False
2024-05-28 08:00:00,0.0,0.0,32.47,4499.43,5000.0,20.6,0.0,False
2024-06-24 23:00:00,0.0,0.0,2.14,4995.84,5000.0,20.0,0.0,False
2024-05-14 07:00:00,0.0,0.0,34.23,4100.17,5000.0,16.6,0.0,False
2024-08-07 04:00:00,0.0,0.0,2.14,4964.95,5000.0,18.6,0.0,False
2024-09-23 21:00:00,0.0,0.0,46.09,4541.4,5000.0,18.8,0.0,False
2024-07-01 18:00:00,0.0,0.0,47.6,4754.74,5000.0,27.6,0.0,False
2024-05-23 23:00:00,0.0,0.0,2.39,4566.2,5000.0,19.1,0.0,False
2024-06-22 20:00:00,0.0,0.0,36.28,4921.48,5000.0,,0.0,False
2024-05-01 04:00:00,1.49,,1.78,4732.57,5000.0,13.0,0.0,False
2024-04-10 05:00:00,0.0,0.0,2.27,2239.44,5000.0,11.2,0.0,False
2024-08-28 20:00:00,0.0,0.0,39.27,4593.82,5000.0,22.7,0.0,False
2024-05-12 15:00:00,0.0,0.0,2.23,4697.39,5000.0,23.4,0.0,False
2024-06-21 18:00:00,0.0,0.0,39.63,4248.92,5000.0,27.7,0.0,False
2024-04-18 19:00:00,0.0,0.0,48.02,4615.22,5000.0,19.1,0.0,False
2024-09-07 16:00:00,0.0,0.0,2.2,3270.2,5000.0,27.4,0.0,False
2024-08-15 23:00:00,0.0,0.0,2.09,4676.43,5000.0,17.9,0.0,False
2024-09-22 11:00:00,0.0,0.0,2.08,3278.27,5000.0,23.5,0.0,False
2024-04-25 09:00:00,3.36,445.64,1.73,5000.0,5000.0,19.8,154.96,False
2024-06-01 17:00:00,0.0,0.0,,4738.08,5000.0,,0.0,False
2024-07-03 18:00:00,0.0,0.0,35.79,4836.14,5000.0,29.4,0.0,False
2024-05-13 09:00:00,0.0,0.0,2.19,4377.78,5000.0,18.8,0.0,False
2024-05-09 18:00:00,1.67,226.3,46.74,5000.0,5000.0,22.4,172.52,False
2024-05-20 11:00:00,0.0,0.0,1.84,4351.63,5000.0,20.9,0.0,False
2024-06-22 14:00:00,2.61,343.13,2.01,5000.0,5000.0,27.7,341.12,False
2024-07-13 16:00:00,0.0,0.0,1.72,4873.12,5000.0,29.4,0.0,False
2024-05-02 09:00:00,1.94,250.28,2.23,5000.0,5000.0,16.2,248.05,False
2024-07-28 06:00:00,0.0,0.0,38.75,3973.72,5000.0,19.9,0.0,False
2024-07-21 12:00:00,0.0,0.0,2.23,,5000.0,28.4,0.0,False
2024-06-27 12:00:00,0.0,0.0,2.49,4689.38,5000.0,27.7,0.0,False
2024-10-04 12:00:00,0.0,0.0,1.71,1733.23,5000.0,17.4,0.0,False
2024-09-18 00:00:00,0.0,0.0,2.32,4396.86,5000.0,12.5,0.0,False
2024-08-31 14:00:00,0.0,0.0,2.1,3610.26,5000.0,27.3,0.0,False
2024-07-04 05:00:00,0.0,0.0,2.29,4818.6,5000.0,17.6,0.0,False
2024-08-11 06:00:00,0.0,0.0,32.46,4469.2,5000.0,18.8,0.0,False
2024-08-09 22:00:00,0.69,88.53,1.92,,5000.0,23.7,0.0,False
2024-05-06 00:00:00,0.23,29.9,2.38,4595.66,5000.0,14.8,0.0,False
2024-07-31 07:00:00,0.0,0.0,36.16,4928.82,5000.0,21.4,0.0,False
2024-06-29 19:00:00,0.0,0.0,39.23,4922.04,5000.0,27.5,0.0,False
2024-09-18 23:00:00,0.0,0.0,1.81,4035.62,5000.0,15.6,0.0,False
2024-07-07 10:00:00,2.01,251.97,1.88,4471.14,5000.0,,0.0,False
2024-06-06 09:00:00,0.0,0.0,2.47,4748.08,5000.0,,0.0,False
2024-07-04 17:00:00,0.0,0.0,2.48,4983.38,5000.0,26.6,0.0,False
2024-06-17 03:00:00,0.0,0.0,2.11,4664.0,5000.0,17.6,0.0,False
2024-05-12 20:00:00,0.0,0.0,48.93,4549.78,5000.0,20.4,0.0,False
2024-08-04 22:00:00,0.0,0.0,1.98,4523.64,5000.0,22.3,0.0,False
2024-07-21 18:00:00,,0.0,37.47,,5000.0,27.7,0.0,False
2024-07-07 04:00:00,0.0,0.0,2.23,4327.46,5000.0,19.5,0.0,False
2024-07-19 13:00:00,0.0,0.0,2.33,4880.78,5000.0,29.2,0.0,False
2024-05-17 13:00:00,0.0,0.0,2.36,4992.29,5000.0,25.2,0.0,False
2024-07-13 00:00:00,1.63,198.32,2.11,5000.0,5000.0,20.2,196.21,False
2024-09-29 20:00:00,0.0,0.0,43.77,2590.34,5000.0,17.4,0.0,False
2024-08-17 11:00:00,0.0,0.0,1.89,4063.2,5000.0,24.5,0.0,False
2024-04-28 02:00:00,0.0,0.0,2.06,4349.49,5000.0,11.6,0.0,False
2024-08-11 04:00:00,0.0,0.0,2.49,4503.47,5000.0,19.5,0.0,False
2024-08-19 21:00:00,0.0,0.0,47.89,3580.87,5000.0,21.3,0.0,False
2024-07-28 08:00:00,0.0,0.0,27.43,3918.73,5000.0,22.4,0.0,False
2024-10-06 05:00:00,0.0,0.0,1.87,1211.25,5000.0,13.0,0.0,False
2024-09-01 05:00:00,0.0,0.0,2.36,3399.14,5000.0,17.0,0.0,False
2024-09-01 17:00:00,0.0,0.0,1.89,3271.15,5000.0,26.8,0.0,False
2024-09-06 05:00:00,0.0,0.0,,3751.02,5000.0,16.1,0.0,False
2024-07-08 13:00:00,4.28,551.94,49.87,5000.0,5000.0,28.0,502.07,False
2024-07-29 03:00:00,0.0,,2.26,4683.16,5000.0,18.9,0.0,False
2024-08-21 05:00:00,0.0,0.0,2.12,3262.44,5000.0,16.4,0.0,False
2024-04-14 21:00:00,0.0,0.0,41.47,3875.11,5000.0,13.5,0.0,False
2024-05-15 11:00:00,0.0,0.0,65.02,4826.34,5000.0,22.1,0.0,False
2024-04-11 09:00:00,0.0,0.0,1.85,3402.76,5000.0,12.4,0.0,False
2024-07-11 21:00:00,0.0,0.0,41.69,,5000.0,23.7,0.0,False
2024-08-28 19:00:00,0.0,0.0,45.52,4633.09,5000.0,22.7,0.0,False
2024-06-04 07:00:00,0.0,0.0,30.64,4243.8,5000.0,18.5,0.0,False
2024-07-06 17:00:00,0.0,0.0,2.03,4494.6,5000.0,27.0,0.0,False
2024-04-13 00:00:00,0.0,0.0,2.05,3589.66,5000.0,,0.0,False
2024-10-03 06:00:00,0.0,0.0,36.85,1670.45,5000.0,12.3,0.0,False
2024-06-06 02:00:00,0.0,0.0,2.18,4852.49,5000.0,18.4,0.0,False
2024-09-29 06:00:00,0.0,0.0,33.94,2806.43,5000.0,13.7,0.0,False
2024-05-13 17:00:00,0.0,0.0,2.45,4361.31,5000.0,23.0,0.0,False
2024-09-18 09:00:00,0.0,0.0,2.47,,5000.0,20.7,0.0,False
2024-07-19 08:00:00,0.0,0.0,38.68,4890.93,5000.0,23.4,0.0,False
2024-05-13 22:00:00,0.0,0.0,1.98,4185.32,5000.0,18.7,0.0,False
2024-10-06 17:00:00,0.0,0.0,2.38,909.73,5000.0,22.0,0.0,False
2024-09-23 15:00:00,0.0,0.0,2.48,4720.95,5000.0,20.9,0.0,False
2024-08-13 08:00:00,0.0,0.0,36.05,4690.46,5000.0,21.1,0.0,False
2024-05-29 17:00:00,1.15,140.02,1.96,5000.0,5000.0,24.0,138.06,False
2024-07-28 14:00:00,0.0,0.0,2.14,3906.15,5000.0,28.9,0.0,False
2024-07-30 12:00:00,0.0,0.0,2.11,4889.77,5000.0,27.6,0.0,False
2024-04-09 09:00:00,0.0,0.0,1.85,2631.77,5000.0,13.6,0.0,False
2024-05-08 03:00:00,0.0,0.0,1.94,4603.12,5000.0,15.9,0.0,False
2024-06-22 18:00:00,,194.45,42.82,5000.0,5000.0,25.5,151.63,False
2024-07-10 17:00:00,0.0,0.0,2.3,4995.35,5000.0,28.9,0.0,False
2024-09-12 17:00:00,0.96,123.25,1.96,4713.02,5000.0,24.2,0.0,False
2024-08-12 04:00:00,1.53,196.39,2.2,5000.0,5000.0,16.2,194.19,False
2024-05-09 12:00:00,0.0,0.0,60.5,4781.16,5000.0,22.3,0.0,False
2024-07-28 01:00:00,0.0,0.0,2.46,4020.41,5000.0,19.0,0.0,False
2024-07-26 10:00:00,0.0,0.0,2.01,,5000.0,25.5,0.0,False
2024-08-11 05:00:00,0.0,0.0,1.81,4501.66,5000.0,16.8,0.0,False
2024-06-23 03:00:00,0.0,0.0,2.34,4997.66,5000.0,17.6,0.0,False
2024-09-28 12:00:00,0.0,0.0,1.87,3040.63,5000.0,20.2,0.0,False
2024-09-13 17:00:00,0.0,0.0,1.72,4994.31,5000.0,23.8,0.0,False
2024-08-21 13:00:00,0.0,0.0,1.98,3441.92,5000.0,25.5,0.0,False
2024-09-28 05:00:00,0.0,0.0,2.33,3145.31,5000.0,12.9,0.0,False
2024-08-17 17:00:00,0.0,0.0,2.03,4050.65,5000.0,27.0,0.0,False
2024-06-21 13:00:00,0.0,0.0,1.92,4296.75,5000.0,28.9,0.0,False
2024-04-18 14:00:00,0.0,0.0,2.49,4716.12,5000.0,20.7,0.0,False
2024-09-20 21:00:00,0.77,97.3,45.75,3592.24,5000.0,17.6,0.0,False
2024-05-16 12:00:00,0.0,0.0,2.24,4995.43,5000.0,24.3,0.0,False
2024-07-23 08:00:00,0.0,0.0,28.65,4890.49,5000.0,21.4,0.0,False
2024-07-14 17:00:00,0.0,0.0,2.11,4375.51,5000.0,26.3,0.0,False
2024-09-13 03:00:00,0.0,0.0,2.14,4536.4,5000.0,15.4,0.0,False
2024-06-02 23:00:00,0.0,0.0,2.0,4612.21,5000.0,18.7,0.0,False
2024-04-24 06:00:00,0.0,0.0,39.89,3587.09,5000.0,12.7,0.0,False
2024-05-10 03:00:00,0.0,0.0,2.16,4891.01,5000.0,13.4,0.0,False
2024-10-02 14:00:00,0.0,0.0,1.83,1907.72,5000.0,22.8,0.0,False
2024-07-23 13:00:00,0.0,0.0,69.11,4706.24,5000.0,27.7,0.0,False
2024-06-02 02:00:00,0.0,0.0,2.06,4562.24,5000.0,19.2,0.0,False
2024-06-13 23:00:00,0.0,0.0,2.3,4367.96,5000.0,22.4,0.0,False
2024-05-24 05:00:00,0.0,0.0,1.75,4554.17,5000.0,16.3,0.0,False
2024-09-25 18:00:00,0.0,0.0,35.85,3893.84,5000.0,22.9,0.0,False
2024-06-23 10:00:00,0.97,123.82,2.18,5000.0,5000.0,26.0,121.64,False
2024-04-25 03:00:00,0.0,0.0,2.43,4046.9,5000.0,11.9,0.0,False
2024-06-09 12:00:00,0.0,0.0,2.47,4887.9,5000.0,27.1,0.0,False
2024-06-16 05:00:00,0.0,0.0,2.1,4988.98,5000.0,19.1,0.0,False
2024-05-27 02:00:00,0.8,107.11,1.78,4523.48,5000.0,17.1,0.0,False
2024-10-03 04:00:00,0.0,0.0,2.02,1709.79,5000.0,9.6,0.0,False
2024-04-24 21:00:00,0.0,0.0,39.92,3599.46,5000.0,16.3,0.0,False
2024-05-23 01:00:00,0.0,0.0,2.0,4284.09,5000.0,16.5,0.0,False
2024-05-22 02:00:00,0.0,0.0,2.26,4601.79,5000.0,16.1,0.0,False
2024-06-11 22:00:00,0.0,0.0,2.14,4689.94,5000.0,21.6,0.0,False
2024-04-23 19:00:00,0.0,0.0,37.59,3375.68,5000.0,18.8,0.0,False
2024-04-16 07:00:00,0.0,0.0,32.97,3298.09,5000.0,13.5,0.0,False
2024-06-02 21:00:00,0.0,0.0,51.89,4616.4,5000.0,21.4,0.0,False
2024-07-29 05:00:00,0.0,0.0,2.18,4678.96,5000.0,20.5,0.0,False
2024-08-20 23:00:00,0.0,0.0,2.17,3274.57,5000.0,19.9,0.0,False
2024-08-19 00:00:00,0.0,0.0,2.06,3850.69,5000.0,19.2,0.0,False
2024-09-02 08:00:00,0.0,,31.32,4889.56,5000.0,18.6,0.0,False
2024-08-01 01:00:00,0.0,0.0,1.99,4671.17,5000.0,17.5,0.0,False
2024-04-25 02:00:00,0.0,0.0,1.73,4049.33,5000.0,10.6,0.0,False
2024-06-12 02:00:00,,153.67,2.46,5000.0,5000.0,18.9,19.72,False
2024-05-18 08:00:00,0.0,0.0,29.32,4904.97,5000.0,19.3,0.0,False
2024-05-14 03:00:00,0.0,0.0,2.12,4174.27,5000.0,14.4,0.0,False
2024-06-13 03:00:00,0.0,0.0,1.83,,5000.0,17.8,0.0,False
2024-04-23 08:00:00,0.0,0.0,32.09,,5000.0,13.5,0.0,False
2024-05-18 10:00:00,0.0,0.0,2.19,4900.7,5000.0,22.0,0.0,False
2024-09-27 00:00:00,0.0,0.0,2.07,3638.93,5000.0,15.1,0.0,False
2024-06-18 23:00:00,0.0,0.0,2.16,4820.71,5000.0,20.2,0.0,False
2024-07-30 01:00:00,3.2,404.97,2.38,4579.56,5000.0,18.3,0.0,False
2024-07-01 05:00:00,0.0,0.0,2.43,4509.32,5000.0,18.9,0.0,False
2024-06-03 09:00:00,0.0,0.0,1.9,4499.66,5000.0,21.7,0.0,False
2024-08-06 01:00:00,0.0,0.0,2.38,4368.55,5000.0,,0.0,False
2024-06-26 05:00:00,0.0,0.0,2.46,4811.37,5000.0,17.6,0.0,False
2024-04-15 04:00:00,0.0,0.0,1.98,,5000.0,7.7,0.0,False
2024-06-19 01:00:00,0.0,0.0,1.91,4816.47,5000.0,19.7,0.0,False
2024-10-04 04:00:00,,0.0,2.2,1219.47,5000.0,9.6,0.0,False
2024-09-04 10:00:00,,0.0,2.02,4083.67,5000.0,22.0,0.0,False
2024-06-21 06:00:00,0.0,0.0,,-497.9031475219805,5000.0,18.8,0.0,True
2024-08-03 09:00:00,1.08,,2.02,5000.0,5000.0,23.1,115.12,False
2024-06-05 23:00:00,0.0,0.0,2.0,4858.85,5000.0,17.9,0.0,False
2024-10-07 04:00:00,0.0,,1.95,708.59,5000.0,12.3,0.0,False
2024-08-21 15:00:00,0.0,0.0,2.14,3437.77,5000.0,27.1,0.0,False
2024-06-15 01:00:00,0.0,0.0,2.29,3893.38,5000.0,18.5,0.0,False
2024-09-14 19:00:00,2.34,295.35,46.79,5000.0,5000.0,22.4,248.56,False
2024-09-13 14:00:00,4.03,492.9,2.33,5000.0,5000.0,24.8,490.57,False
2024-08-09 18:00:00,0.0,0.0,46.59,,5000.0,27.6,0.0,False
2024-09-22 00:00:00,,0.0,2.05,,5000.0,15.8,0.0,False
2024-07-22 09:00:00,0.0,0.0,2.05,4722.84,5000.0,25.4,0.0,False
2024-06-24 12:00:00,0.0,0.0,2.37,4993.47,5000.0,27.3,0.0,False
2024-06-08 14:00:00,0.0,0.0,1.84,4498.72,5000.0,26.3,0.0,False
2024-09-15 10:00:00,0.0,0.0,1.92,4788.1,5000.0,20.2,0.0,False
2024-05-02 11:00:00,0.0,8359.492659574482,1.96,4998.04,5000.0,18.6,0.0,True
2024-09-06 01:00:00,0.0,0.0,1.73,3759.5,5000.0,17.0,0.0,False
2024-07-15 14:00:00,0.0,0.0,1.72,4074.37,5000.0,29.7,0.0,False
2024-06-30 06:00:00,0.0,0.0,33.31,4795.55,5000.0,20.7,0.0,False
2024-06-18 20:00:00,0.0,0.0,47.08,,5000.0,21.3,0.0,False
2024-05-10 22:00:00,0.0,0.0,1.8,4998.2,5000.0,17.2,0.0,False
2024-08-20 06:00:00,0.0,0.0,34.99,3528.85,5000.0,20.8,0.0,False
2024-06-12 05:00:00,0.0,0.0,,4995.79,5000.0,19.5,0.0,False
2024-06-28 02:00:00,0.0,0.0,2.27,4501.9,5000.0,18.3,0.0,False
2024-06-30 16:00:00,0.0,0.0,2.3,4703.01,5000.0,,0.0,False
2024-04-30 13:00:00,0.0,0.0,56.48,4393.84,5000.0,22.8,0.0,False
2024-05-19 01:00:00,0.0,0.0,2.17,4552.45,5000.0,17.0,0.0,False
2024-09-23 10:00:00,0.0,0.0,2.06,4731.26,5000.0,19.4,0.0,False
2024-09-25 13:00:00,0.0,0.0,2.21,3937.8,5000.0,23.1,0.0,False
2024-05-18 04:00:00,0.0,0.0,2.21,4994.13,5000.0,14.5,0.0,False
2024-09-06 04:00:00,0.0,0.0,2.29,3752.9,5000.0,14.6,0.0,False
2024-07-16 13:00:00,0.0,0.0,2.49,3761.21,5000.0,30.8,0.0,False
2024-05-19 22:00:00,0.0,0.0,2.12,4469.8,5000.0,17.6,0.0,False
2024-07-18 12:00:00,0.0,0.0,2.4,4991.11,5000.0,27.4,0.0,False
2024-08-28 17:00:00,0.0,0.0,2.21,,5000.0,26.9,0.0,False
2024-07-04 13:00:00,0.0,0.0,1.74,4991.44,5000.0,27.1,0.0,False
2024-05-13 14:00:00,0.0,0.0,1.76,4368.49,5000.0,23.0,0.0,False
2024-09-08 02:00:00,1.47,183.44,2.17,3484.25,5000.0,13.5,0.0,False
2024-04-26 20:00:00,0.0,0.0,41.81,4552.99,5000.0,17.8,0.0,False
2024-07-15 15:00:00,0.0,0.0,1.89,4072.48,5000.0,28.4,0.0,False
2024-08-15 07:00:00,0.0,0.0,34.73,4912.19,5000.0,18.9,0.0,False
2024-08-30 16:00:00,0.0,0.0,2.03,4103.6,5000.0,26.2,0.0,False
2024-06-02 07:00:00,0.0,0.0,30.09,4487.9,5000.0,19.4,0.0,False
2024-08-08 16:00:00,0.92,123.06,2.14,,5000.0,27.1,5.46,False
2024-09-15 23:00:00,0.0,0.0,1.76,4427.06,5000.0,16.0,0.0,False
2024-09-04 19:00:00,0.0,0.0,48.76,3984.08,5000.0,,0.0,False
2024-06-15 13:00:00,0.0,0.0,1.89,3777.7,5000.0,24.6,0.0,False
2024-04-10 06:00:00,0.0,0.0,29.23,2210.21,5000.0,9.8,0.0,False
2024-07-29 07:00:00,0.0,0.0,39.8,4599.18,5000.0,21.7,0.0,False
2024-09-29 01:00:00,0.0,0.0,1.87,2848.13,5000.0,14.8,0.0,False
2024-09-24 03:00:00,0.0,0.0,1.83,4529.26,5000.0,13.6,0.0,False
2024-04-15 20:00:00,0.0,0.0,52.41,3431.07,5000.0,20.3,0.0,False
2024-05-11 13:00:00,0.0,0.0,2.14,4867.35,5000.0,21.0,0.0,False
2024-06-13 11:00:00,0.0,0.0,1.96,4562.96,5000.0,25.9,0.0,False
2024-08-12 01:00:00,0.0,0.0,2.15,4910.05,5000.0,19.5,0.0,False
2024-08-11 00:00:00,0.0,0.0,2.2,4512.42,5000.0,18.1,0.0,False
2024-06-18 15:00:00,1.31,173.17,2.43,5000.0,5000.0,26.6,170.74,False
2024-08-10 00:00:00,1.17,161.7,1.96,5000.0,5000.0,21.0,132.16,False
2024-07-09 09:00:00,4.52,594.4,2.39,5000.0,5000.0,24.4,592.01,False
2024-09-11 17:00:00,0.0,0.0,2.25,4997.75,5000.0,25.1,0.0,False
2024-05-05 02:00:00,0.0,0.0,1.94,-521.6341695414983,5000.0,14.4,0.0,True
2024-06-24 19:00:00,2.55,309.48,52.12,5000.0,5000.0,26.0,257.36,False
2024-07-02 01:00:00,0.64,88.81,2.27,4740.33,5000.0,18.7,0.0,False
2024-06-28 15:00:00,0.0,0.0,1.98,4390.64,5000.0,30.0,0.0,False
2024-07-16 23:00:00,0.0,0.0,2.06,4901.62,5000.0,20.0,0.0,False
2024-09-26 05:00:00,,0.0,2.38,3746.19,5000.0,14.6,0.0,False
2024-10-07 06:00:00,0.0,0.0,39.36,666.79,5000.0,10.4,0.0,False
2024-05-30 22:00:00,0.0,0.0,2.27,4454.11,5000.0,20.8,0.0,False
2024-04-26 23:00:00,0.0,0.0,1.76,4499.55,5000.0,15.1,0.0,False
2024-09-17 23:00:00,0.0,0.0,2.33,4399.18,5000.0,16.4,0.0,False
2024-05-06 15:00:00,0.0,0.0,1.71,4549.08,5000.0,23.3,0.0,False
2024-04-12 06:00:00,0.0,0.0,36.18,4041.85,5000.0,10.8,0.0,False
2024-09-12 10:00:00,0.0,0.0,1.9,4700.07,5000.0,20.7,0.0,False
2024-04-21 03:00:00,0.0,0.0,2.15,4378.11,5000.0,10.3,0.0,False
2024-06-22 23:00:00,2.29,293.22,2.16,5000.0,5000.0,20.5,291.06,False
2024-09-21 19:00:00,0.0,0.0,,3483.76,5000.0,19.9,0.0,False
2024-04-30 20:00:00,0.0,0.0,51.35,4247.55,5000.0,18.5,0.0,False
2024-06-11 05:00:00,0.0,0.0,2.07,4382.41,5000.0,18.5,0.0,False
2024-05-27 09:00:00,,483.31,1.79,5000.0,5000.0,21.1,481.52,False
2024-05-26 22:00:00,0.0,,1.85,4161.76,5000.0,18.7,0.0,False
2024-09-17 12:00:00,0.0,0.0,1.72,4142.55,5000.0,21.9,0.0,False
2024-07-08 09:00:00,0.0,0.0,1.71,4694.22,5000.0,24.3,0.0,False
2024-06-29 05:00:00,0.0,0.0,1.79,4186.94,5000.0,18.5,0.0,False
2024-05-15 20:00:00,0.0,0.0,44.5,4856.78,5000.0,22.1,0.0,False
2024-04-15 22:00:00,0.0,0.0,2.25,3383.79,5000.0,13.2,0.0,False
2024-06-16 04:00:00,0.0,,2.16,4991.08,5000.0,19.5,0.0,False
2024-08-20 01:00:00,0.0,0.0,1.86,3572.58,5000.0,19.5,0.0,False
2024-06-30 00:00:00,0.0,0.0,2.18,4839.64,5000.0,21.5,0.0,False
2024-05-26 02:00:00,0.0,0.0,2.21,,5000.0,15.5,0.0,False
2024-05-23 03:00:00,1.07,132.47,2.09,4567.77,5000.0,,0.0,False
2024-05-01 18:00:00,0.0,0.0,39.22,4867.78,5000.0,23.2,0.0,False
2024-07-10 14:00:00,,801.46,2.5,5000.0,5000.0,28.1,798.96,False
2024-07-03 03:00:00,2.49,320.94,,5000.0,5000.0,19.4,318.48,False
2024-06-12 13:00:00,0.0,0.0,1.98,4882.76,5000.0,27.0,0.0,False
2024-07-10 20:00:00,0.0,0.0,38.94,4854.59,5000.0,25.5,0.0,False
2024-09-20 00:00:00,0.0,0.0,1.77,3712.0,5000.0,15.7,0.0,False
2024-05-27 08:00:00,,617.12,28.05,5000.0,5000.0,17.0,589.07,False
2024-06-14 05:00:00,0.0,,1.94,4355.74,5000.0,18.2,0.0,False
2024-09-08 13:00:00,2.39,301.21,1.73,5000.0,5000.0,24.3,299.48,False
2024-05-26 04:00:00,0.0,0.0,1.82,4461.52,5000.0,13.9,0.0,False
2024-08-27 04:00:00,0.0,0.0,2.25,3045.23,5000.0,15.2,0.0,False
2024-04-24 23:00:00,1.85,253.47,2.21,4055.06,5000.0,13.1,0.0,False
2024-04-11 05:00:00,2.83,,1.83,3013.65,5000.0,9.0,0.0,False
2024-06-18 00:00:00,0.0,0.0,2.27,4195.02,5000.0,19.0,0.0,False
2024-05-23 02:00:00,1.27,155.76,2.46,4437.39,5000.0,15.2,0.0,False
2024-06-08 01:00:00,0.0,0.0,1.74,4811.17,5000.0,17.3,0.0,False
2024-07-29 04:00:00,0.0,0.0,2.02,4681.14,5000.0,17.8,0.0,False
2024-06-11 03:00:00,0.0,0.0,,4386.73,5000.0,18.9,0.0,False
2024-08-26 16:00:00,0.0,0.0,2.01,,5000.0,25.8,0.0,False
2024-06-11 19:00:00,0.0,0.0,,4779.97,5000.0,23.6,0.0,False
2024-09-03 03:00:00,0.0,0.0,2.22,4690.52,5000.0,17.7,0.0,False
2024-07-15 02:00:00,0.0,0.0,2.41,4187.35,5000.0,,0.0,False
2024-07-21 03:00:00,0.0,0.0,1.71,4803.62,5000.0,20.5,0.0,False
2024-05-15 07:00:00,0.0,0.0,34.95,4932.55,5000.0,17.8,0.0,False
2024-05-20 05:00:00,0.0,0.0,1.93,4454.8,5000.0,14.6,0.0,False
2024-08-10 02:00:00,0.68,82.95,1.75,5000.0,5000.0,18.5,81.2,False
2024-08-14 01:00:00,0.0,0.0,2.06,4990.68,5000.0,18.3,0.0,False
2024-09-23 12:00:00,0.0,0.0,1.94,4727.49,5000.0,23.6,0.0,False
2024-05-31 21:00:00,0.0,,52.33,-287.7882840400546,5000.0,,0.0,True
2024-07-04 21:00:00,0.0,0.0,51.95,4808.09,5000.0,25.2,0.0,False
2024-09-27 12:00:00,0.0,0.0,54.49,3430.66,5000.0,20.0,0.0,False
2024-06-10 01:00:00,0.0,0.0,2.25,4691.72,5000.0,,0.0,False
2024-05-11 07:00:00,0.0,0.0,32.51,4916.89,5000.0,16.7,0.0,False
2024-05-10 21:00:00,1.58,204.0,40.59,5000.0,5000.0,19.3,85.7,False
2024-08-27 03:00:00,0.0,0.0,1.71,3047.48,5000.0,16.8,0.0,False
2024-09-11 04:00:00,0.0,0.0,1.98,4808.6,5000.0,13.8,0.0,False
2024-09-21 17:00:00,0.0,0.0,2.35,3566.54,5000.0,22.5,0.0,False
2024-08-29 23:00:00,0.0,0.0,2.42,4226.28,5000.0,18.6,0.0,False
2024-09-02 00:00:00,4.84,634.17,2.31,5000.0,5000.0,19.0,631.86,False
2024-04-15 00:00:00,,0.0,2.49,,5000.0,11.1,0.0,False
2024-08-17 20:00:00,0.5,65.8,42.83,4127.77,5000.0,21.4,0.0,False
2024-09-14 07:00:00,0.0,0.0,31.85,4840.3,5000.0,17.4,0.0,False
2024-05-24 16:00:00,0.0,0.0,1.82,4250.2,5000.0,25.4,0.0,False
2024-09-04 09:00:00,0.0,0.0,2.45,4085.69,5000.0,21.1,0.0,False
2024-06-16 03:00:00,0.0,0.0,2.25,,5000.0,18.9,0.0,False
2024-07-02 09:00:00,0.0,,2.08,4812.41,5000.0,24.9,0.0,False
2024-05-16 04:00:00,0.0,0.0,2.28,4793.01,5000.0,14.1,0.0,False
2024-06-26 18:00:00,0.0,0.0,,4948.96,5000.0,28.3,0.0,False
2024-07-14 13:00:00,0.0,0.0,52.94,4384.26,5000.0,28.2,0.0,False
2024-06-24 22:00:00,0.0,0.0,2.02,4997.98,5000.0,23.0,0.0,False
2024-09-27 03:00:00,0.0,0.0,2.15,3632.43,5000.0,12.5,0.0,False
2024-08-16 09:00:00,0.0,0.0,2.39,4568.02,5000.0,24.2,0.0,False
2024-06-10 22:00:00,0.0,0.0,2.1,4397.58,5000.0,20.2,0.0,False
2024-06-04 12:00:00,0.0,0.0,2.1,4203.22,5000.0,27.5,0.0,False
2024-06-26 10:00:00,0.0,0.0,1.97,4708.2,5000.0,,0.0,False
2024-05-22 00:00:00,0.0,0.0,2.1,4606.0,5000.0,16.4,0.0,False
2024-05-14 16:00:00,0.0,0.0,2.4,4045.89,5000.0,23.3,0.0,False
2024-09-08 20:00:00,0.0,0.0,42.87,4857.58,5000.0,21.1,0.0,False
2024-05-25 20:00:00,0.0,0.0,36.16,4512.64,5000.0,21.9,0.0,False
2024-05-10 06:00:00,0.0,0.0,38.31,4848.4,5000.0,13.7,0.0,False
2024-04-22 01:00:00,0.0,0.0,1.91,3905.34,5000.0,11.0,0.0,False
2024-06-28 04:00:00,0.0,0.0,1.81,4498.06,5000.0,19.2,0.0,False
2024-09-18 06:00:00,0.0,0.0,38.46,4347.45,5000.0,14.0,0.0,False
2024-05-27 10:00:00,,705.8,2.19,5000.0,5000.0,22.3,703.61,False
2024-06-20 19:00:00,0.0,0.0,50.68,4505.44,5000.0,24.6,0.0,False
2024-06-06 19:00:00,0.0,0.0,50.91,4630.21,5000.0,24.2,0.0,False
2024-08-24 21:00:00,0.0,0.0,41.96,2124.94,5000.0,19.8,0.0,False
2024-10-07 08:00:00,0.0,0.0,33.3,593.59,5000.0,15.0,0.0,False
2024-04-10 23:00:00,0.0,0.0,1.87,1946.79,5000.0,11.3,0.0,False
2024-07-04 14:00:00,0.0,0.0,1.7,4989.74,5000.0,30.1,0.0,False
2024-09-11 22:00:00,,0.0,2.49,4820.49,5000.0,18.2,0.0,False
2024-08-07 05:00:00,0.0,0.0,1.95,4963.0,5000.0,19.2,0.0,False
2024-09-19 11:00:00,0.0,0.0,2.18,3907.48,5000.0,22.0,0.0,False
2024-06-11 07:00:00,0.0,0.0,36.94,4309.52,5000.0,,0.0,False
2024-04-20 05:00:00,0.0,0.0,2.13,4684.67,5000.0,10.4,0.0,False
2024-04-16 06:00:00,0.0,0.0,37.77,3331.06,5000.0,10.9,0.0,False
2024-07-25 07:00:00,0.0,0.0,36.62,4920.06,5000.0,20.1,0.0,False
2024-07-13 05:00:00,0.0,0.0,,4991.49,5000.0,18.9,0.0,False
2024-09-12 06:00:00,0.0,0.0,28.94,4776.49,5000.0,16.0,0.0,False
2024-10-05 03:00:00,0.0,0.0,2.01,1526.64,5000.0,12.7,0.0,False
2024-09-15 08:00:00,0.0,0.0,28.96,4791.91,5000.0,16.8,0.0,False
2024-07-22 21:00:00,0.0,0.0,41.91,4958.09,5000.0,22.6,0.0,False
2024-07-04 06:00:00,0.0,0.0,36.71,4781.89,5000.0,20.5,0.0,False
2024-06-22 04:00:00,1.93,241.74,1.82,4340.62,5000.0,17.2,0.0,False
2024-06-08 04:00:00,0.0,0.0,1.93,4804.5,5000.0,16.3,0.0,False
2024-08-14 12:00:00,0.0,0.0,2.15,4865.97,5000.0,27.6,0.0,False
2024-04-26 02:00:00,0.0,0.0,1.97,4805.5,5000.0,12.8,0.0,False
2024-05-15 19:00:00,0.0,0.0,47.74,4901.28,5000.0,21.7,0.0,False
2024-09-14 11:00:00,0.0,0.0,2.08,,5000.0,23.6,0.0,False
2024-06-17 20:00:00,0.0,0.0,50.25,4240.2,5000.0,24.5,0.0,False
2024-09-17 14:00:00,0.0,,2.43,4137.79,5000.0,21.9,0.0,False
2024-04-29 06:00:00,0.0,0.0,27.6,,5000.0,11.4,0.0,False
2024-09-08 17:00:00,0.0,,2.32,4993.85,5000.0,23.8,0.0,False
2024-06-10 02:00:00,0.0,0.0,,4689.75,5000.0,17.1,0.0,False
2024-06-11 11:00:00,0.69,89.26,54.69,4440.59,5000.0,25.6,0.0,False
2024-04-21 10:00:00,0.0,0.0,1.85,4275.83,5000.0,17.5,0.0,False
2024-06-20 17:00:00,0.0,0.0,1.81,4599.14,5000.0,,0.0,False
2024-06-03 04:00:00,0.0,,2.43,4601.52,5000.0,17.4,0.0,False
2024-07-14 02:00:00,0.0,0.0,,4689.35,5000.0,17.5,0.0,False
2024-08-22 17:00:00,0.0,0.0,2.03,2937.28,5000.0,27.4,0.0,False
2024-06-16 08:00:00,0.0,0.0,36.15,4879.04,5000.0,21.1,0.0,False
2024-09-22 12:00:00,0.0,0.0,2.3,3275.97,5000.0,21.5,0.0,False
2024-08-02 22:00:00,0.0,0.0,2.04,4931.9,5000.0,21.9,0.0,False
2024-05-02 05:00:00,1.89,251.84,1.81,4962.09,5000.0,12.7,0.0,False
2024-05-18 03:00:00,0.0,0.0,1.86,4996.34,5000.0,,0.0,False
2024-10-01 18:00:00,0.98,136.49,41.88,2083.41,5000.0,21.4,0.0,False
2024-06-18 02:00:00,0.69,94.42,2.11,4402.67,5000.0,19.4,0.0,False
2024-09-19 06:00:00,0.0,0.0,37.41,3985.19,5000.0,14.5,0.0,False
2024-08-29 10:00:00,0.0,0.0,1.72,4419.6,5000.0,23.3,0.0,False
2024-10-04 14:00:00,0.0,0.0,2.49,1728.44,5000.0,23.1,0.0,False
2024-07-07 22:00:00,0.0,0.0,1.84,4806.0,5000.0,22.3,0.0,False
2024-04-22 03:00:00,0.0,0.0,2.22,3901.05,5000.0,10.2,0.0,False
2024-10-03 20:00:00,0.0,0.0,40.63,1278.18,5000.0,15.9,0.0,False
2024-08-17 01:00:00,0.0,0.0,2.3,4181.0,5000.0,17.9,0.0,False
2024-09-12 15:00:00,0.0,0.0,,4524.06,5000.0,25.8,0.0,False
2024-06-14 11:00:00,0.0,0.0,71.24,4180.34,5000.0,24.9,0.0,False
2024-06-10 14:00:00,0.0,0.0,1.79,4586.91,5000.0,26.1,0.0,False
2024-08-14 06:00:00,0.0,0.0,37.03,4944.29,5000.0,16.8,0.0,False
2024-05-16 16:00:00,0.0,0.0,2.14,4987.16,5000.0,26.2,0.0,False
2024-09-19 18:00:00,0.0,0.0,39.29,3855.55,5000.0,21.7,0.0,False
2024-10-04 15:00:00,0.0,0.0,2.49,1725.95,5000.0,22.6,0.0,False
2024-09-17 22:00:00,0.0,0.0,2.39,4401.51,5000.0,16.3,0.0,False
2024-08-06 19:00:00,0.0,0.0,47.23,4911.24,5000.0,25.1,0.0,False
2024-09-25 07:00:00,0.0,0.0,31.88,3982.06,5000.0,14.6,0.0,False
2024-09-20 22:00:00,0.76,103.94,2.32,3693.86,5000.0,16.4,0.0,False
2024-10-02 18:00:00,0.0,0.0,36.12,1865.58,5000.0,19.5,0.0,False
2024-05-01 14:00:00,0.0,0.0,2.46,4912.92,5000.0,22.7,0.0,False
2024-08-06 09:00:00,0.0,0.0,2.29,4260.6,5000.0,22.3,0.0,False
2024-09-04 17:00:00,0.0,0.0,1.7,4068.85,5000.0,25.7,0.0,False
2024-10-03 02:00:00,0.0,,2.04,1713.59,5000.0,9.3,0.0,False
2024-09-15 03:00:00,0.0,0.0,2.14,4900.29,5000.0,16.1,0.0,False
2024-07-19 07:00:00,0.0,0.0,37.06,4929.61,5000.0,20.4,0.0,False
2024-05-09 08:00:00,0.0,0.0,28.91,4894.79,5000.0,17.6,0.0,False
2024-07-13 14:00:00,0.0,0.0,2.23,4876.62,5000.0,30.6,0.0,False
2024-05-05 06:00:00,0.0,0.0,39.1,4763.74,5000.0,15.7,0.0,False
2024-10-03 10:00:00,0.0,0.0,2.3,1589.4,5000.0,16.1,0.0,False
2024-08-04 16:00:00,0.0,0.0,,4688.68,5000.0,28.0,0.0,False
2024-07-17 14:00:00,0.0,0.0,1.74,4810.46,5000.0,28.5,0.0,False
2024-06-26 03:00:00,0.0,0.0,2.32,4815.95,5000.0,15.4,0.0,False
2024-08-18 19:00:00,0.0,0.0,52.34,3943.21,5000.0,24.2,0.0,False
2024-05-15 17:00:00,0.0,0.0,1.76,4996.13,5000.0,24.5,0.0,False
2024-07-26 17:00:00,0.0,0.0,1.91,4528.74,5000.0,27.3,0.0,False
2024-07-11 11:00:00,0.0,0.0,63.26,4932.31,5000.0,26.6,0.0,False
2024-04-13 15:00:00,0.0,0.0,1.82,3468.38,5000.0,18.2,0.0,False
2024-08-10 10:00:00,0.0,0.0,1.78,4886.04,5000.0,25.0,0.0,False
2024-05-25 11:00:00,0.0,0.0,2.01,4650.23,5000.0,22.0,0.0,False
2024-07-02 06:00:00,0.0,0.0,28.73,4886.16,5000.0,,0.0,False
2024-04-23 02:00:00,0.0,0.0,2.43,3587.12,5000.0,12.5,0.0,False
2024-07-04 11:00:00,0.0,0.0,2.06,4995.53,5000.0,26.2,0.0,False
2024-06-06 20:00:00,0.0,0.0,,4579.71,5000.0,23.2,0.0,False
2024-04-28 05:00:00,0.0,0.0,,4342.89,5000.0,14.0,0.0,False
2024-09-09 00:00:00,0.0,0.0,1.94,4809.17,5000.0,15.1,0.0,False
2024-05-03 18:00:00,0.0,0.0,40.43,4683.86,5000.0,23.1,0.0,False
2024-05-01 19:00:00,0.0,0.0,43.28,4824.5,5000.0,20.3,0.0,False
2024-09-10 13:00:00,5.16,684.28,1.71,5000.0,5000.0,24.8,333.02,False
2024-05-25 09:00:00,0.0,0.0,2.5,4654.36,5000.0,20.8,0.0,False
2024-08-31 07:00:00,0.0,0.0,36.18,3847.75,5000.0,18.2,0.0,False
2024-06-07 18:00:00,0.0,0.0,50.3,4943.57,5000.0,27.0,0.0,False
2024-07-20 09:00:00,0.0,0.0,1.8,4575.8,5000.0,25.5,0.0,False
2024-10-06 03:00:00,0.0,0.0,,1215.48,5000.0,11.1,0.0,False
2024-07-20 07:00:00,0.0,0.0,37.31,4611.83,5000.0,23.6,0.0,False
2024-09-23 17:00:00,0.0,0.0,2.0,4716.87,5000.0,21.4,0.0,False
2024-08-28 18:00:00,0.0,0.0,37.05,4678.61,5000.0,23.5,0.0,False
2024-05-07 20:00:00,0.0,0.0,46.48,4661.33,5000.0,20.5,0.0,False
2024-10-07 20:00:00,0.0,0.0,38.39,452.14,5000.0,17.3,0.0,False
2024-06-03 00:00:00,0.0,0.0,2.37,4609.84,5000.0,17.8,0.0,False
2024-07-24 22:00:00,0.0,,1.97,4794.28,5000.0,23.2,0.0,False
2024-06-02 10:00:00,0.0,0.0,2.04,4996.2,5000.0,22.8,0.0,False
2024-06-27 08:00:00,0.0,0.0,32.33,4697.65,5000.0,21.1,0.0,False
2024-07-06 02:00:00,0.0,0.0,2.47,4623.57,5000.0,19.2,0.0,False
2024-09-08 12:00:00,1.63,204.51,2.12,5000.0,5000.0,22.6,44.2,False
2024-07-06 14:00:00,0.0,0.0,2.39,4500.61,5000.0,29.5,0.0,False
2024-08-25 04:00:00,1.89,217.52,1.82,2760.03,5000.0,17.8,0.0,False
2024-09-21 16:00:00,0.0,0.0,2.03,3568.89,5000.0,24.0,0.0,False
2024-07-10 00:00:00,,0.0,2.27,4808.31,5000.0,19.7,0.0,False
2024-06-20 20:00:00,0.0,0.0,36.31,4469.13,5000.0,24.0,0.0,False
2024-07-20 05:00:00,0.0,0.0,1.75,4677.86,5000.0,18.6,0.0,False
2024-04-16 08:00:00,0.0,0.0,29.31,3268.78,5000.0,14.1,0.0,False
2024-04-17 06:00:00,0.0,0.0,38.93,4947.14,5000.0,9.8,0.0,False
2024-07-25 16:00:00,0.89,,2.27,5000.0,5000.0,28.3,116.25,False
2024-10-07 15:00:00,0.0,0.0,1.76,579.55,5000.0,23.7,0.0,False
2024-06-11 02:00:00,0.0,0.0,1.88,,5000.0,18.5,0.0,False
2024-06-03 22:00:00,,0.0,2.17,4325.37,5000.0,,0.0,False
2024-07-13 22:00:00,0.0,,1.86,4697.85,5000.0,21.7,0.0,False
2024-04-19 11:00:00,0.0,0.0,2.01,4903.08,5000.0,18.4,0.0,False
2024-08-29 08:00:00,0.0,0.0,35.23,4423.13,5000.0,20.1,0.0,False
2024-05-07 00:00:00,0.0,0.0,2.42,4355.65,5000.0,17.0,0.0,False
2024-08-23 06:00:00,0.0,0.0,27.48,2700.78,5000.0,18.7,0.0,False
2024-05-20 21:00:00,0.0,,44.98,4834.04,5000.0,18.7,0.0,False
2024-09-21 09:00:00,0.0,0.0,1.84,3768.74,5000.0,,0.0,False
2024-10-05 05:00:00,0.0,0.0,2.33,1522.56,5000.0,11.3,0.0,False
2024-05-15 13:00:00,1.28,174.57,67.38,5000.0,5000.0,24.7,93.37,False
2024-04-15 10:00:00,0.0,0.0,2.45,3757.63,5000.0,16.7,0.0,False
2024-09-29 11:00:00,0.0,0.0,,2732.3,5000.0,19.6,0.0,False
2024-06-04 03:00:00,0.0,0.0,2.23,4315.54,5000.0,18.1,0.0,False
2024-08-29 18:00:00,,0.0,47.03,4357.33,5000.0,25.5,0.0,False
2024-07-30 11:00:00,0.0,0.0,2.37,4891.88,5000.0,25.6,0.0,False
2024-08-23 03:00:00,0.0,0.0,1.87,2732.18,5000.0,15.4,0.0,False
2024-09-27 10:00:00,0.0,0.0,1.95,3535.09,5000.0,17.7,0.0,False
2024-09-02 19:00:00,0.0,0.0,52.06,4780.46,5000.0,22.2,0.0,False
2024-05-29 19:00:00,0.48,58.39,48.02,4959.24,5000.0,23.4,0.0,False
2024-08-09 12:00:00,4.1,514.19,3322.2531588269326,5000.0,5000.0,27.7,512.46,True
2024-10-01 03:00:00,0.0,0.0,2.17,2020.31,5000.0,12.4,0.0,False
2024-05-13 10:00:00,0.0,0.0,1.81,4375.97,5000.0,19.8,0.0,False
2024-04-28 04:00:00,0.0,0.0,2.15,4344.9,5000.0,13.5,0.0,False
2024-09-29 10:00:00,0.0,0.0,1.81,2734.18,5000.0,18.0,0.0,False
2024-06-06 16:00:00,0.0,0.0,1.82,4733.76,5000.0,26.7,0.0,False
2024-07-18 06:00:00,0.0,0.0,35.42,4904.79,5000.0,20.9,0.0,False
2024-06-05 10:00:00,0.0,0.0,1.98,3879.29,5000.0,23.9,0.0,False
2024-07-15 19:00:00,0.0,0.0,46.73,3978.88,5000.0,26.0,0.0,False
2024-04-20 19:00:00,0.0,0.0,51.0,4475.24,5000.0,17.6,0.0,False
2024-04-13 05:00:00,0.0,0.0,2.38,3579.72,5000.0,11.2,0.0,False
2024-05-17 02:00:00,0.0,0.0,2.07,4797.9,5000.0,14.8,0.0,False
2024-09-24 19:00:00,0.0,0.0,45.27,4155.84,5000.0,18.7,0.0,False
2024-04-10 09:00:00,0.0,0.0,1.89,2145.65,5000.0,14.3,0.0,False
2024-08-16 17:00:00,,0.0,2.07,4380.11,5000.0,27.0,0.0,False
2024-08-16 11:00:00,0.0,0.0,59.67,4506.31,5000.0,24.1,0.0,False
2024-05-28 20:00:00,0.39,50.33,39.82,4750.9,5000.0,21.4,0.0,False
2024-10-02 21:00:00,0.0,0.0,52.46,1723.87,5000.0,16.9,0.0,False
2024-08-13 23:00:00,0.0,0.0,2.47,4995.16,5000.0,20.6,0.0,False
2024-04-20 11:00:00,0.0,0.0,1.72,4589.77,5000.0,18.0,0.0,False
2024-09-04 03:00:00,0.0,0.0,2.37,4195.89,5000.0,15.3,0.0,False
2024-09-04 01:00:00,0.0,0.0,2.14,4200.58,5000.0,14.0,0.0,False
2024-09-02 03:00:00,0.0,0.0,2.34,4993.29,5000.0,17.6,0.0,False
2024-06-08 18:00:00,0.0,0.0,52.1,4440.5,5000.0,26.5,0.0,False
2024-08-01 22:00:00,,41.38,2.0,4643.04,5000.0,24.0,0.0,False
2024-06-24 05:00:00,1.45,181.84,,5000.0,5000.0,20.5,179.95,False
2024-06-24 02:00:00,0.0,0.0,2.34,4820.07,5000.0,19.1,0.0,False
2024-08-04 02:00:00,0.0,0.0,2.11,4989.73,5000.0,18.3,0.0,False
2024-07-17 01:00:00,0.0,0.0,2.33,4897.53,5000.0,,0.0,False
2024-09-26 04:00:00,0.0,0.0,2.48,3748.57,5000.0,14.7,0.0,False
2024-05-19 15:00:00,0.0,0.0,2.41,4644.2,5000.0,,0.0,False
2024-07-26 07:00:00,0.0,0.0,29.41,4745.24,5000.0,19.0,0.0,False
2024-06-15 07:00:00,0.0,0.0,38.03,3815.98,5000.0,19.6,0.0,False
2024-07-29 06:00:00,0.0,0.0,39.98,4638.98,5000.0,20.1,0.0,False
2024-06-19 11:00:00,0.0,0.0,1.78,4856.25,5000.0,25.7,0.0,False
2024-05-08 19:00:00,2.26,305.89,39.52,5000.0,5000.0,21.1,266.37,False
2024-04-18 12:00:00,,0.0,58.83,4773.94,5000.0,18.9,0.0,False
2024-04-17 19:00:00,0.0,0.0,45.16,4906.33,5000.0,18.0,0.0,False
2024-05-03 12:00:00,0.0,0.0,51.77,4793.97,5000.0,24.9,0.0,False
2024-09-15 19:00:00,0.0,0.0,,4532.32,5000.0,21.0,0.0,False
2024-09-11 01:00:00,0.0,0.0,2.46,4814.86,5000.0,14.7,0.0,False
2024-07-25 09:00:00,0.0,0.0,2.38,4878.13,5000.0,23.4,0.0,False
2024-05-01 20:00:00,0.0,0.0,45.33,4779.17,5000.0,18.9,0.0,False
2024-05-05 00:00:00,0.0,0.0,2.23,4813.21,5000.0,14.2,0.0,False
2024-04-12 23:00:00,0.0,0.0,2.19,3591.71,5000.0,10.2,0.0,False
2024-08-02 01:00:00,0.32,44.01,2.04,4784.44,5000.0,,0.0,False
2024-05-15 04:00:00,0.0,0.0,2.23,4644.45,5000.0,16.0,0.0,False
2024-09-17 15:00:00,0.0,0.0,2.4,4135.39,5000.0,24.2,0.0,False
2024-04-29 20:00:00,0.0,0.0,41.7,4741.09,5000.0,18.7,0.0,False
2024-05-26 10:00:00,0.0,0.0,1.93,4352.47,5000.0,22.2,0.0,False
2024-07-31 17:00:00,0.0,0.0,2.14,4872.62,5000.0,28.2,0.0,False
2024-09-30 04:00:00,0.0,0.0,2.49,2527.27,5000.0,10.9,0.0,False
2024-09-11 11:00:00,1.97,232.07,1.92,4935.43,5000.0,22.6,0.0,False
2024-09-22 17:00:00,0.0,0.0,1.93,3265.4,5000.0,21.6,0.0,False
2024-06-25 04:00:00,0.0,0.0,2.19,4985.38,5000.0,18.1,0.0,False
2024-05-21 19:00:00,0.0,0.0,,4699.44,5000.0,22.7,0.0,False
2024-05-26 14:00:00,0.0,0.0,,4344.78,5000.0,24.3,0.0,False
2024-04-20 01:00:00,0.0,0.0,2.48,4693.13,5000.0,13.5,0.0,False
2024-09-17 13:00:00,0.0,0.0,2.33,4140.22,5000.0,23.7,0.0,False
2024-07-27 02:00:00,0.0,0.0,1.79,4326.57,5000.0,19.8,0.0,False
2024-05-20 08:00:00,0.0,0.0,36.76,4357.56,5000.0,20.8,0.0,False
2024-05-11 02:00:00,0.0,0.0,2.36,4989.3,5000.0,13.8,0.0,False
2024-07-04 20:00:00,0.0,0.0,39.79,4860.04,5000.0,24.8,0.0,False
2024-07-03 02:00:00,2.57,336.28,1.9,5000.0,5000.0,18.7,334.38,False
2024-06-23 23:00:00,0.0,0.0,2.43,4826.23,5000.0,20.7,0.0,False
2024-05-11 01:00:00,0.0,0.0,1.74,4991.66,5000.0,15.3,0.0,False
2024-04-16 20:00:00,4.01,515.99,36.6,4597.22,5000.0,17.1,0.0,False
2024-08-16 08:00:00,0.0,0.0,27.21,4570.41,5000.0,19.8,0.0,False
2024-09-19 17:00:00,0.0,0.0,1.87,3894.84,5000.0,21.5,0.0,False
2024-06-03 19:00:00,0.0,0.0,36.17,4410.41,5000.0,23.0,0.0,False
2024-07-08 05:00:00,0.0,0.0,1.91,4790.96,5000.0,19.2,0.0,False
2024-06-20 13:00:00,,0.0,55.76,,5000.0,28.8,0.0,False
2024-05-25 10:00:00,0.0,0.0,2.12,4652.24,5000.0,21.1,0.0,False
2024-04-19 00:00:00,0.0,0.0,2.27,4519.08,5000.0,14.3,0.0,False
2024-05-18 15:00:00,0.0,0.0,,4724.85,5000.0,23.7,0.0,False
2024-05-09 21:00:00,0.0,0.0,,4903.66,5000.0,17.1,0.0,False
2024-08-28 03:00:00,5.47,,2.4,5000.0,5000.0,16.5,638.99,False
2024-10-05 22:00:00,0.0,0.0,2.2,,5000.0,14.8,0.0,False
2024-07-16 17:00:00,3.45,440.14,2.21,5000.0,5000.0,29.8,399.25,False
2024-06-04 17:00:00,,0.0,2.44,4191.65,5000.0,26.0,0.0,False
2024-09-02 05:00:00,0.0,0.0,1.84,,5000.0,16.4,0.0,False
2024-09-01 23:00:00,7.87,1040.72,2.22,5000.0,5000.0,19.4,1038.5,False
2024-07-01 08:00:00,3.25,413.57,30.29,4821.77,5000.0,24.2,0.0,False
2024-09-27 13:00:00,0.0,0.0,57.77,3372.89,5000.0,21.4,0.0,False
2024-08-02 14:00:00,0.0,0.0,2.04,,5000.0,28.6,0.0,False
2024-08-11 09:00:00,0.0,0.0,2.48,4389.61,5000.0,22.2,0.0,False
2024-08-02 17:00:00,0.0,0.0,2.07,4700.13,5000.0,28.1,0.0,False
2024-06-04 09:00:00,0.0,0.0,1.77,4209.84,5000.0,20.8,0.0,False
2024-08-10 09:00:00,0.0,,,4887.82,5000.0,22.8,0.0,False
2024-10-05 09:00:00,0.0,0.0,1.94,1418.26,5000.0,16.1,0.0,False
2024-07-02 17:00:00,0.0,0.0,2.02,4615.53,5000.0,27.5,0.0,False
2024-09-18 04:00:00,0.0,0.0,2.21,4388.2,5000.0,13.6,0.0,False
2024-06-09 09:00:00,4.37,508.83,2.12,4894.51,5000.0,22.6,0.0,False
2024-09-14 23:00:00,0.0,0.0,,4909.4,5000.0,16.5,0.0,False
2024-04-29 18:00:00,0.0,,51.29,4828.59,5000.0,19.0,0.0,False
2024-05-02 20:00:00,0.0,0.0,37.59,4876.0,5000.0,20.1,0.0,False
2024-04-19 20:00:00,0.0,0.0,45.92,4749.2,5000.0,16.9,0.0,False
2024-07-01 09:00:00,0.0,0.0,2.28,4819.49,5000.0,23.0,0.0,False
2024-04-23 01:00:00,0.0,0.0,2.4,3589.55,5000.0,11.8,0.0,False
2024-08-29 17:00:00,0.0,0.0,2.34,4404.36,5000.0,27.7,0.0,False
2024-09-03 13:00:00,0.0,11355.995715180085,66.73,4398.22,5000.0,25.8,0.0,True
2024-06-02 09:00:00,0.0,0.0,1.76,4998.24,5000.0,22.8,0.0,False
2024-08-28 16:00:00,0.0,0.0,1.85,4717.87,5000.0,26.0,0.0,False
2024-07-26 23:00:00,0.0,0.0,1.94,4332.23,5000.0,20.6,0.0,False
2024-09-24 06:00:00,0.0,0.0,38.89,4486.31,5000.0,14.1,0.0,False
2024-07-23 02:00:00,1.75,226.84,,5000.0,5000.0,17.8,220.97,False
2024-06-07 15:00:00,0.0,0.0,2.21,4997.79,5000.0,27.3,0.0,False
2024-05-13 01:00:00,-0.36803706168963535,0.0,2.46,4490.71,5000.0,16.3,0.0,True
2024-08-20 19:00:00,0.0,0.0,40.06,3360.76,5000.0,23.9,0.0,False
2024-07-12 05:00:00,0.0,0.0,1.92,4991.9,5000.0,18.6,0.0,False
2024-10-04 05:00:00,0.0,0.0,2.03,1217.44,5000.0,12.3,0.0,False
2024-04-25 13:00:00,0.0,0.0,2.44,4993.56,5000.0,21.0,0.0,False
2024-09-08 16:00:00,0.0,0.0,1.76,4996.17,5000.0,22.8,0.0,False
2024-10-06 00:00:00,0.0,0.0,1.89,1222.03,5000.0,11.0,0.0,False
2024-05-12 13:00:00,0.0,0.0,70.16,4701.81,5000.0,23.5,0.0,False
2024-04-21 13:00:00,0.0,0.0,69.32,4085.98,5000.0,20.7,0.0,False
2024-06-06 11:00:00,0.0,0.0,2.08,4743.89,5000.0,26.3,0.0,False
2024-06-17 02:00:00,0.0,0.0,2.39,4666.11,5000.0,19.0,0.0,False
2024-07-14 20:00:00,0.0,0.0,44.73,4234.78,5000.0,25.4,0.0,False
2024-05-08 00:00:00,0.0,0.0,2.29,4609.12,5000.0,14.8,0.0,False
2024-05-19 02:00:00,0.0,0.0,,,5000.0,13.1,0.0,False
2024-06-04 05:00:00,0.0,0.0,1.75,4311.49,5000.0,15.4,0.0,False
2024-05-30 18:00:00,0.0,,42.29,4594.46,5000.0,24.5,0.0,False
2024-07-01 13:00:00,0.0,0.0,,4810.58,5000.0,27.6,0.0,False
2024-07-24 01:00:00,,0.0,2.12,4507.56,5000.0,18.7,0.0,False
2024-07-01 04:00:00,0.0,0.0,1.91,4511.75,5000.0,19.8,0.0,False
2024-04-25 22:00:00,0.0,0.0,,4813.98,5000.0,15.4,0.0,False
2024-05-12 04:00:00,1.05,121.9,2.22,5000.0,5000.0,14.6,119.68,False
2024-05-21 04:00:00,0.0,0.0,1.82,4819.29,5000.0,15.1,0.0,False
2024-07-24 03:00:00,0.0,0.0,1.92,4503.56,5000.0,17.1,0.0,False
2024-08-13 12:00:00,0.0,0.0,60.08,4688.12,5000.0,26.6,0.0,False
2024-08-08 18:00:00,0.9,112.74,45.46,5000.0,5000.0,27.9,67.28,False
2024-08-15 03:00:00,0.0,0.0,2.26,4989.36,5000.0,16.1,0.0,False
2024-08-28 11:00:00,0.0,0.0,53.33,4849.94,5000.0,24.5,0.0,False
2024-04-16 21:00:00,,562.44,44.2,5000.0,5000.0,14.9,115.46,False
2024-05-17 17:00:00,0.0,0.0,1.9,4983.97,5000.0,23.2,0.0,False
2024-10-03 01:00:00,0.0,0.0,1.73,1715.63,5000.0,14.4,0.0,False
2024-04-30 14:00:00,0.0,0.0,2.13,4391.71,5000.0,22.4,0.0,False
2024-05-08 20:00:00,0.0,,45.45,4954.55,5000.0,18.3,0.0,False
2024-09-19 04:00:00,0.0,0.0,2.35,4024.77,5000.0,14.0,0.0,False
2024-06-27 05:00:00,0.0,0.0,2.19,4800.14,5000.0,21.5,0.0,False
2024-06-09 06:00:00,0.0,0.0,29.26,4444.89,5000.0,17.7,0.0,False
2024-08-18 02:00:00,0.0,0.0,1.71,4153.87,5000.0,18.8,0.0,False
2024-08-31 09:00:00,0.0,0.0,2.13,3817.64,5000.0,20.2,0.0,False
2024-10-05 11:00:00,0.0,0.0,2.25,1414.02,5000.0,18.4,0.0,False
2024-04-09 11:00:00,0.0,0.0,49.67,2579.71,5000.0,16.4,0.0,False
2024-06-07 07:00:00,0.0,0.0,32.74,4448.72,5000.0,21.2,0.0,False
2024-04-16 12:00:00,0.0,,1.84,3260.53,5000.0,17.0,0.0,False
2024-04-28 03:00:00,0.0,0.0,2.44,4347.05,5000.0,11.5,0.0,False
2024-05-26 03:00:00,0.0,0.0,2.02,4463.34,5000.0,16.0,0.0,False
2024-04-13 06:00:00,0.0,0.0,27.79,3551.93,5000.0,10.6,0.0,False
2024-09-12 01:00:00,,0.0,2.28,4814.56,5000.0,13.1,0.0,False
2024-09-24 17:00:00,0.0,0.0,2.2,4245.76,5000.0,23.6,0.0,False
2024-06-01 20:00:00,0.0,0.0,45.19,4610.39,5000.0,21.7,0.0,False
2024-08-30 04:00:00,0.0,0.0,1.8,4215.76,5000.0,18.3,0.0,False
2024-08-09 13:00:00,2.97,358.99,1.73,5000.0,5000.0,,357.26,False
2024-06-22 01:00:00,0.0,0.0,2.13,4104.71,5000.0,18.2,0.0,False
2024-09-18 02:00:00,0.0,0.0,2.01,4392.43,5000.0,15.4,0.0,False
2024-09-09 15:00:00,0.0,0.0,2.25,4536.33,5000.0,27.5,0.0,False
2024-05-15 08:00:00,0.0,0.0,36.93,4895.62,5000.0,21.2,0.0,False
2024-09-28 01:00:00,0.0,0.0,2.37,3154.54,5000.0,14.9,0.0,False
2024-04-10 01:00:00,0.0,0.0,1.89,2247.98,5000.0,10.7,0.0,False
2024-05-04 20:00:00,0.0,0.0,40.54,4856.04,5000.0,19.6,0.0,False
2024-06-30 13:00:00,0.0,0.0,2.18,4709.83,5000.0,27.4,0.0,False
2024-08-24 08:00:00,0.0,0.0,36.14,2328.61,5000.0,19.8,0.0,False
2024-08-01 03:00:00,0.0,0.0,2.11,4666.85,5000.0,18.2,0.0,False
2024-06-29 11:00:00,0.0,0.0,70.27,4016.03,5000.0,24.9,0.0,False
2024-05-07 01:00:00,0.0,0.0,2.43,,5000.0,16.6,0.0,False
2024-09-10 18:00:00,0.0,0.0,41.1,4952.7,5000.0,27.1,0.0,False
2024-09-28 03:00:00,0.0,0.0,2.43,3149.72,5000.0,13.6,0.0,False
2024-04-21 11:00:00,0.0,0.0,53.83,4222.0,5000.0,19.7,0.0,False
2024-08-05 19:00:00,0.0,0.0,40.65,4461.28,5000.0,25.3,0.0,False
2024-09-25 08:00:00,0.0,0.0,32.68,3949.38,5000.0,18.6,0.0,False
2024-07-04 19:00:00,0.0,0.0,47.76,4899.83,5000.0,26.4,0.0,False
2024-04-28 06:00:00,0.0,0.0,39.72,4303.17,5000.0,11.6,0.0,False
2024-09-04 04:00:00,0.0,0.0,2.45,4193.44,5000.0,14.5,0.0,False
2024-05-22 21:00:00,0.0,0.0,41.35,4292.04,5000.0,20.6,0.0,False
2024-04-19 01:00:00,2.01,279.91,2.2,4796.79,5000.0,12.3,0.0,False
2024-06-22 03:00:00,0.0,0.0,1.83,4100.7,5000.0,,0.0,False
2024-07-24 17:00:00,0.0,0.0,2.5,4981.28,5000.0,28.2,0.0,False
2024-05-17 16:00:00,0.0,0.0,2.14,,5000.0,25.6,0.0,False
2024-08-04 13:00:00,0.0,0.0,54.54,4695.52,5000.0,,0.0,False
2024-06-14 15:00:00,0.0,0.0,1.77,4072.06,5000.0,27.2,0.0,False
2024-08-03 03:00:00,0.0,0.0,2.36,4921.86,5000.0,20.5,0.0,False
2024-05-06 05:00:00,0.0,0.0,2.27,-240.46320995633562,5000.0,13.4,0.0,True
2024-06-10 21:00:00,0.0,0.0,45.36,4399.68,5000.0,21.7,0.0,False
2024-05-06 13:00:00,1.06,,66.49,4418.99,5000.0,20.7,0.0,False
2024-05-13 23:00:00,0.0,0.0,2.3,4183.02,5000.0,17.9,0.0,False
2024-06-19 15:00:00,0.0,0.0,1.95,4998.05,5000.0,27.6,0.0,False
2024-05-03 03:00:00,2.63,310.26,2.17,,5000.0,12.2,308.09,False
2024-04-28 08:00:00,0.0,0.0,32.75,4237.28,5000.0,,0.0,False
2024-09-07 19:00:00,0.0,0.0,42.42,3176.15,5000.0,,0.0,False
2024-06-07 22:00:00,0.0,0.0,2.14,4817.57,5000.0,19.6,0.0,False
2024-08-07 06:00:00,0.0,0.0,34.29,4928.71,5000.0,20.1,0.0,False
2024-08-21 09:00:00,0.0,0.0,2.48,3450.06,5000.0,23.6,0.0,False
2024-06-17 11:00:00,0.0,0.0,54.55,4491.18,5000.0,25.5,0.0,False
2024-08-22 02:00:00,0.0,0.0,2.17,3234.78,5000.0,19.6,0.0,False
2024-04-12 01:00:00,0.0,0.0,1.83,4011.19,5000.0,9.6,0.0,False
2024-05-20 20:00:00,0.0,0.0,40.19,4879.02,5000.0,20.4,0.0,False
2024-08-06 20:00:00,0.0,0.0,48.82,4862.42,5000.0,23.0,0.0,False
2024-05-27 12:00:00,0.0,0.0,70.62,4867.09,5000.0,25.4,0.0,False
2024-09-15 16:00:00,0.0,0.0,1.92,4619.73,5000.0,25.5,0.0,False
2024-08-12 15:00:00,0.0,0.0,1.9,4991.56,5000.0,27.9,0.0,False
2024-08-15 09:00:00,0.0,0.0,2.28,4870.35,5000.0,22.7,0.0,False
2024-05-23 04:00:00,1.28,158.22,1.79,4724.2,5000.0,15.1,0.0,False
2024-05-24 00:00:00,0.0,0.0,2.31,4563.89,5000.0,16.0,0.0,False
2024-06-25 02:00:00,0.0,0.0,2.0,4989.58,5000.0,16.6,0.0,False
2024-06-27 20:00:00,0.0,0.0,39.42,4555.7,5000.0,24.1,0.0,False
2024-04-26 01:00:00,0.0,0.0,1.92,4807.47,5000.0,10.5,0.0,False
2024-07-28 13:00:00,0.0,0.0,2.33,3908.29,5000.0,30.1,0.0,False
2024-05-27 14:00:00,0.0,0.0,1.75,4808.35,5000.0,25.5,0.0,False
2024-04-23 07:00:00,0.0,0.0,38.2,3504.2,5000.0,12.5,0.0,False
2024-05-19 23:00:00,0.0,0.0,1.92,,5000.0,17.8,0.0,False
2024-05-13 18:00:00,0.0,0.0,43.6,4317.71,5000.0,25.1,0.0,False
2024-05-20 23:00:00,0.0,0.0,2.02,4830.13,5000.0,18.0,0.0,False
2024-09-24 08:00:00,0.0,0.0,38.28,4413.99,5000.0,16.8,0.0,False
2024-08-08 17:00:00,0.79,99.64,2.37,5000.0,5000.0,25.8,97.27,False
2024-09-12 22:00:00,0.0,0.0,1.82,4546.07,5000.0,19.6,0.0,False
2024-05-01 21:00:00,0.0,0.0,52.48,4726.69,5000.0,18.2,0.0,False
2024-09-04 08:00:00,0.0,0.0,,4088.14,5000.0,19.0,0.0,False
2024-09-12 12:00:00,0.0,0.0,66.26,4582.45,5000.0,23.8,0.0,False
2024-09-30 21:00:00,0.0,0.0,45.95,2032.73,5000.0,15.7,0.0,False
2024-08-19 16:00:00,0.0,0.0,1.8,3760.36,5000.0,27.3,0.0,False
2024-09-19 09:00:00,0.0,0.0,1.82,3911.47,5000.0,19.5,0.0,False
2024-10-02 20:00:00,0.0,0.0,50.86,1776.33,5000.0,16.8,0.0,False
2024-09-12 18:00:00,0.0,0.0,35.89,4677.13,5000.0,24.1,0.0,False
2024-07-05 13:00:00,0.0,0.0,53.67,4828.9,5000.0,28.9,0.0,False
2024-07-01 20:00:00,0.0,0.0,44.92,4665.82,5000.0,26.5,0.0,False
2024-09-29 21:00:00,0.0,0.0,47.74,2542.6,5000.0,18.8,0.0,False
2024-07-28 00:00:00,0.0,0.0,2.22,4022.87,5000.0,17.1,0.0,False
2024-09-01 11:00:00,0.0,0.0,2.37,3284.17,5000.0,25.4,0.0,False
2024-09-07 05:00:00,0.0,0.0,2.4,3262.07,5000.0,15.6,0.0,False
2024-06-23 00:00:00,2.35,301.35,2.34,5000.0,5000.0,19.6,299.01,False
2024-04-15 01:00:00,0.0,0.0,1.88,3866.58,5000.0,11.3,0.0,False
2024-04-09 12:00:00,0.0,0.0,62.02,2517.69,5000.0,19.1,0.0,False
2024-04-28 12:00:00,0.83,113.15,2.25,4409.34,5000.0,20.1,0.0,False
2024-04-09 13:00:00,0.0,0.0,70.88,2446.81,5000.0,18.0,0.0,False
2024-08-17 08:00:00,0.0,0.0,36.28,4069.72,5000.0,21.4,0.0,False
2024-07-28 02:00:00,0.0,0.0,1.76,4018.65,5000.0,18.8,0.0,False
2024-04-24 08:00:00,0.0,0.0,30.56,3526.24,5000.0,16.7,0.0,False
2024-05-02 01:00:00,0.0,0.0,1.99,4719.3,5000.0,12.1,0.0,False
2024-08-31 08:00:00,0.0,0.0,27.98,3819.77,5000.0,19.2,0.0,False
2024-04-29 04:00:00,0.0,0.0,2.28,4997.72,5000.0,12.2,0.0,False
2024-05-30 23:00:00,0.0,0.0,1.99,4452.12,5000.0,18.6,0.0,False
2024-09-30 03:00:00,0.0,0.0,2.01,2529.76,5000.0,11.8,0.0,False
2024-07-13 04:00:00,0.0,0.0,2.35,4993.24,5000.0,17.7,0.0,False
2024-05-15 05:00:00,4.46,593.28,2.02,5000.0,5000.0,11.9,235.71,False
2024-09-20 06:00:00,0.0,0.0,27.41,3673.79,5000.0,16.4,0.0,False
2024-09-21 04:00:00,0.0,0.0,,3865.01,5000.0,14.5,0.0,False
2024-06-10 17:00:00,0.0,0.0,2.01,4580.29,5000.0,24.7,0.0,False
2024-08-30 19:00:00,0.0,0.0,45.21,4012.31,5000.0,23.1,0.0,False
2024-07-25 06:00:00,0.0,,34.02,4956.68,5000.0,20.2,0.0,False
2024-08-23 22:00:00,0.0,0.0,2.38,2439.56,5000.0,19.6,0.0,False
2024-06-03 00:00:00,0.0,0.0,2.37,4609.84,5000.0,17.8,0.0,False
2024-09-17 05:00:00,0.0,0.0,2.03,4239.71,5000.0,13.7,0.0,False
2024-05-06 03:00:00,0.0,0.0,2.01,4589.09,5000.0,16.7,0.0,False
2024-07-21 14:00:00,2.27,283.17,1.86,4967.81,5000.0,29.3,0.0,False
2024-06-18 10:00:00,0.0,0.0,2.35,4816.86,5000.0,25.5,0.0,False
2024-09-15 06:00:00,0.0,0.0,37.3,4858.68,5000.0,16.6,0.0,False
2024-09-26 21:00:00,0.0,0.0,51.12,3645.43,5000.0,17.8,0.0,False
2024-06-13 22:00:00,0.0,0.0,1.84,4370.26,5000.0,20.9,0.0,False
2024-07-18 14:00:00,0.0,0.0,1.95,4987.42,5000.0,28.8,0.0,False
2024-08-05 05:00:00,0.0,0.0,2.0,4509.18,5000.0,19.4,0.0,False
2024-09-17 17:00:00,2.06,273.47,2.49,4593.92,5000.0,24.3,0.0,False
2024-08-23 15:00:00,0.0,0.0,2.47,2615.72,5000.0,27.2,0.0,False
2024-06-30 09:00:00,0.0,0.0,2.35,4718.8,5000.0,27.4,0.0,False
2024-08-14 13:00:00,0.0,0.0,2.46,4863.51,5000.0,,0.0,False
2024-04-23 05:00:00,,0.0,2.4,3580.16,5000.0,11.1,0.0,False
2024-05-01 23:00:00,0.0,0.0,1.7,4723.27,5000.0,14.2,0.0,False
2024-07-08 19:00:00,0.0,0.0,38.18,4918.3,5000.0,26.3,0.0,False
2024-08-13 13:00:00,0.0,0.0,67.79,4620.33,5000.0,27.7,0.0,False
2024-05-24 08:00:00,0.0,0.0,36.72,4450.51,5000.0,18.5,0.0,False
2024-09-03 08:00:00,0.0,0.0,32.19,4584.52,5000.0,18.5,0.0,False
2024-05-25 06:00:00,0.0,0.0,33.0,4721.3,5000.0,17.9,0.0,False
2024-08-22 14:00:00,0.0,0.0,2.02,2943.75,5000.0,28.5,0.0,False
2024-06-21 09:00:00,0.0,0.0,1.75,,5000.0,21.5,0.0,False
2024-06-11 17:00:00,0.0,0.0,2.27,4867.56,5000.0,27.5,0.0,False
2024-04-26 08:00:00,0.0,0.0,36.46,4703.64,5000.0,14.6,0.0,False
2024-06-09 19:00:00,0.0,0.0,51.61,4783.32,5000.0,23.5,0.0,False
2024-08-17 21:00:00,0.61,80.99,44.66,4164.1,5000.0,22.4,0.0,False
2024-07-17 03:00:00,0.0,0.0,2.02,,5000.0,16.9,0.0,False
2024-08-12 00:00:00,0.0,,1.94,4912.2,5000.0,19.1,0.0,False
2024-09-12 04:00:00,0.0,0.0,2.32,4807.68,5000.0,15.6,0.0,False
2024-05-25 21:00:00,0.0,0.0,36.34,4476.3,5000.0,19.4,0.0,False
2024-08-15 19:00:00,0.0,0.0,40.13,,5000.0,24.5,0.0,False
2024-06-23 22:00:00,0.0,0.0,2.32,4828.66,5000.0,22.2,0.0,False
2024-09-06 03:00:00,0.0,0.0,2.45,3755.19,5000.0,,0.0,False
2024-08-01 21:00:00,0.0,0.0,47.01,4603.66,5000.0,22.6,0.0,False
2024-10-06 15:00:00,0.0,0.0,2.27,914.19,5000.0,21.2,0.0,False
2024-06-28 05:00:00,0.0,0.0,1.97,4496.09,5000.0,19.8,0.0,False
2024-07-09 05:00:00,0.0,0.0,2.22,4991.64,5000.0,19.5,0.0,False
2024-09-26 06:00:00,0.0,0.0,35.53,3710.66,5000.0,14.5,0.0,False
2024-06-16 00:00:00,1.4,181.97,1.79,5000.0,5000.0,20.0,30.58,False
2024-05-12 21:00:00,0.0,0.0,50.77,4499.01,5000.0,21.0,0.0,False
2024-06-18 12:00:00,0.0,0.0,1.7,4813.24,5000.0,25.0,0.0,False
2024-08-06 02:00:00,0.0,0.0,2.13,4366.42,5000.0,18.4,0.0,False
2024-06-08 03:00:00,0.0,0.0,2.26,4806.43,5000.0,17.4,0.0,False
2024-06-15 09:00:00,0.0,0.0,2.15,3786.18,5000.0,21.7,0.0,False
2024-07-18 07:00:00,5.33,639.24,33.45,5000.0,5000.0,21.7,510.58,False
2024-08-22 07:00:00,0.0,0.0,34.52,3158.75,5000.0,19.8,0.0,False
2024-07-06 00:00:00,0.0,0.0,1.77,4627.93,5000.0,19.7,0.0,False
2024-06-26 13:00:00,1.25,139.87,52.83,5000.0,5000.0,27.1,39.74,False
2024-04-27 20:00:00,0.0,0.0,48.86,4398.25,5000.0,19.1,0.0,False
2024-04-30 16:00:00,0.0,0.0,1.7,,5000.0,,0.0,False
2024-08-23 18:00:00,0.0,0.0,46.92,2564.28,5000.0,25.1,0.0,False
2024-05-14 20:00:00,0.0,0.0,49.48,4706.65,5000.0,20.6,0.0,False
2024-04-25 18:00:00,0.0,0.0,39.85,4945.08,5000.0,19.1,0.0,False
2024-07-25 05:00:00,0.0,0.0,2.06,,5000.0,19.7,0.0,False
2024-07-30 14:00:00,,0.0,2.41,4885.1,5000.0,30.3,0.0,False
2024-06-01 19:00:00,0.0,,39.33,4655.58,5000.0,24.4,0.0,False
2024-06-09 18:00:00,0.0,0.0,42.99,4834.93,5000.0,28.0,0.0,False
2024-06-07 13:00:00,3.08,,2.08,,5000.0,24.7,135.09,False
2024-09-14 13:00:00,0.0,0.0,1.92,4799.81,5000.0,23.8,0.0,False
2024-04-22 14:00:00,0.0,0.0,2.18,3784.62,5000.0,21.6,0.0,False
2024-09-25 10:00:00,,0.0,,3944.56,5000.0,21.0,0.0,False
2024-06-15 05:00:00,0.0,0.0,2.11,3884.52,5000.0,19.5,0.0,False
2024-05-07 04:00:00,0.0,0.0,1.75,4347.18,5000.0,9.9,0.0,False
2024-09-06 18:00:00,0.0,0.0,48.19,3419.05,5000.0,24.2,0.0,False
2024-07-28 05:00:00,0.0,0.0,2.48,4012.47,5000.0,18.7,0.0,False
2024-08-21 07:00:00,0.0,0.0,38.54,3189.35,5000.0,19.2,0.0,False
2024-08-15 14:00:00,,0.0,2.31,4860.22,5000.0,25.5,0.0,False
2024-06-28 09:00:00,0.0,0.0,1.79,4402.76,5000.0,25.5,0.0,False
2024-04-21 18:00:00,0.0,0.0,38.79,4038.68,5000.0,22.8,0.0,False
2024-07-27 01:00:00,0.0,0.0,1.74,4328.36,5000.0,18.1,0.0,False
2024-10-06 04:00:00,0.0,0.0,2.36,1213.12,5000.0,12.3,0.0,False
2024-06-12 14:00:00,0.0,0.0,2.31,4880.45,5000.0,26.6,0.0,False
2024-08-17 14:00:00,0.0,0.0,2.45,4056.31,5000.0,26.1,0.0,False
2024-09-24 12:00:00,0.0,0.0,55.25,4304.63,5000.0,21.5,0.0,False
2024-09-23 19:00:00,0.0,0.0,46.63,4623.23,5000.0,22.3,0.0,False
2024-08-30 22:00:00,0.0,0.0,1.84,3932.0,5000.0,19.9,0.0,False
2024-08-11 11:00:00,,0.0,1.74,,5000.0,24.8,0.0,False
2024-06-16 12:00:00,0.0,0.0,2.05,4870.45,5000.0,25.1,0.0,False
2024-07-16 10:00:00,0.0,0.0,2.36,3767.74,5000.0,24.4,0.0,False
2024-08-27 00:00:00,0.0,0.0,2.29,3053.72,5000.0,16.5,0.0,False
2024-04-09 03:00:00,0.0,0.0,1.9,2741.26,5000.0,7.2,0.0,False
2024-04-12 22:00:00,0.0,0.0,,3593.9,5000.0,14.6,0.0,False
2024-04-15 09:00:00,0.0,0.0,1.74,3760.08,5000.0,15.0,0.0,False
2024-09-22 06:00:00,0.0,0.0,32.45,,5000.0,16.4,0.0,False
2024-09-21 21:00:00,0.0,0.0,44.11,3397.76,5000.0,20.6,0.0,False
2024-05-06 21:00:00,0.0,0.0,43.68,4361.95,5000.0,16.9,0.0,False
2024-06-23 05:00:00,0.0,0.0,2.48,4993.4,5000.0,18.6,0.0,False
2024-04-22 10:00:00,0.0,0.0,1.91,3793.84,5000.0,15.6,0.0,False
2024-06-13 21:00:00,0.0,0.0,38.19,,5000.0,21.8,0.0,False
2024-06-24 06:00:00,2.31,290.08,27.76,5000.0,5000.0,18.5,262.32,False
2024-08-26 01:00:00,0.0,0.0,1.86,2476.37,5000.0,17.5,0.0,False
2024-08-10 23:00:00,0.0,0.0,1.85,4514.62,5000.0,21.2,0.0,False
2024-09-26 19:00:00,0.0,0.0,37.03,3737.9,5000.0,20.2,0.0,False
2024-06-14 18:00:00,0.0,0.0,47.54,4020.11,5000.0,25.8,0.0,False
2024-04-22 18:00:00,0.0,0.0,46.63,3732.05,5000.0,18.6,0.0,False
2024-08-26 13:00:00,,0.0,1.96,3237.76,5000.0,26.7,0.0,False
2024-09-30 02:00:00,0.0,0.0,2.35,2531.77,5000.0,12.4,0.0,False
2024-08-01 06:00:00,0.0,0.0,39.17,4623.35,5000.0,19.4,0.0,False
2024-06-28 22:00:00,0.0,0.0,2.05,4200.61,5000.0,,0.0,False
2024-06-13 16:00:00,0.0,0.0,2.45,4551.9,5000.0,26.0,0.0,False
2024-07-10 07:00:00,0.0,0.0,36.47,4723.51,5000.0,22.4,0.0,False
2024-07-31 16:00:00,0.0,0.0,1.81,4874.76,5000.0,31.9,0.0,False
2024-10-03 00:00:00,0.0,0.0,2.32,1717.36,5000.0,15.0,0.0,False
2024-09-22 04:00:00,0.0,0.0,2.39,3383.18,5000.0,,0.0,False
2024-10-04 03:00:00,0.0,0.0,2.37,1221.67,5000.0,14.1,0.0,False
2024-04-20 02:00:00,0.0,0.0,2.05,4691.08,5000.0,11.6,0.0,False
2024-06-11 01:00:00,0.0,0.0,2.35,4390.43,5000.0,18.8,0.0,False
2024-09-30 15:00:00,0.0,0.0,2.47,2225.03,5000.0,21.4,0.0,False
2024-04-17 03:00:00,0.0,0.0,1.73,4989.99,5000.0,8.9,0.0,False
2024-04-20 07:00:00,0.0,0.0,29.4,4624.78,5000.0,13.0,0.0,False
2024-06-29 15:00:00,1.95,238.45,2.2,4817.75,5000.0,28.0,0.0,False
2024-04-20 12:00:00,0.0,0.0,1.74,4588.03,5000.0,18.8,0.0,False
2024-04-18 13:00:00,0.0,0.0,55.33,4718.61,5000.0,20.8,0.0,False
2024-07-20 17:00:00,2.95,391.65,2.42,5000.0,5000.0,30.0,389.23,False
2024-07-27 18:00:00,0.0,0.0,40.67,4163.21,5000.0,27.7,0.0,False
2024-05-21 20:00:00,0.0,0.0,46.92,4652.52,5000.0,20.8,0.0,False
2024-09-10 22:00:00,0.0,0.0,2.07,4821.5,5000.0,18.6,0.0,False
2024-07-13 09:00:00,0.0,0.0,1.86,4886.51,5000.0,23.6,0.0,False
2024-05-06 02:00:00,0.0,0.0,2.26,4591.1,5000.0,11.7,0.0,False
2024-04-19 17:00:00,0.0,0.0,2.12,4891.17,5000.0,19.8,0.0,False
2024-05-27 03:00:00,,194.43,2.34,4715.57,5000.0,15.5,0.0,False
2024-08-12 20:00:00,0.0,0.0,46.71,4848.96,5000.0,24.9,0.0,False
2024-07-16 16:00:00,3.82,457.7,2.43,4961.32,5000.0,27.6,0.0,False
2024-09-27 07:00:00,0.0,0.0,28.98,3571.1,5000.0,13.0,0.0,False
2024-08-04 11:00:00,0.0,0.0,66.96,4818.05,5000.0,25.8,0.0,False
2024-05-04 17:00:00,,0.0,2.2,4986.89,5000.0,23.1,0.0,False
2024-09-06 11:00:00,0.0,0.0,48.62,3602.02,5000.0,22.0,0.0,False
2024-06-27 06:00:00,0.0,0.0,,4769.64,5000.0,20.1,0.0,False
2024-05-13 19:00:00,0.0,0.0,42.64,4275.07,5000.0,24.1,0.0,False
2024-05-28 18:00:00,0.6,74.85,36.81,4687.45,5000.0,26.0,0.0,False
2024-08-04 17:00:00,0.0,0.0,2.43,4686.25,5000.0,25.9,0.0,False
2024-09-27 09:00:00,0.0,0.0,2.19,3537.04,5000.0,18.2,0.0,False
2024-06-04 22:00:00,0.0,0.0,2.34,3999.03,5000.0,19.7,0.0,False
2024-06-24 03:00:00,,0.0,2.41,4817.66,5000.0,20.6,0.0,False
2024-10-07 19:00:00,0.0,0.0,37.09,490.53,5000.0,18.8,0.0,False
2024-09-08 11:00:00,2.71,336.71,2.21,4841.81,5000.0,22.3,0.0,False
2024-08-21 17:00:00,0.0,0.0,1.88,3434.0,5000.0,,0.0,False
2024-06-11 18:00:00,0.0,0.0,39.48,4828.08,5000.0,26.9,0.0,False
2024-06-28 18:00:00,0.0,0.0,46.6,4340.2,5000.0,29.5,0.0,False
2024-06-03 15:00:00,0.0,0.0,2.37,4487.01,5000.0,27.5,0.0,False
2024-04-25 17:00:00,0.0,0.0,2.29,4984.93,5000.0,19.9,0.0,False
2024-08-24 23:00:00,0.0,0.0,2.47,2120.72,5000.0,17.6,0.0,False
2024-06-12 03:00:00,1.19,156.24,2.39,5000.0,5000.0,,153.85,False
2024-04-24 01:00:00,0.0,0.0,2.06,3273.6,5000.0,11.2,0.0,False
2024-06-12 04:00:00,0.0,0.0,2.02,4997.98,5000.0,19.8,0.0,False
2024-09-20 12:00:00,0.0,0.0,1.84,3600.76,5000.0,23.2,0.0,False
2024-05-18 13:00:00,0.0,0.0,54.86,4728.68,5000.0,23.4,0.0,False
2024-06-23 09:00:00,1.34,157.05,1.97,5000.0,5000.0,23.4,155.08,False
2024-07-17 16:00:00,2.54,303.01,2.01,5000.0,5000.0,29.2,109.73,False
2024-08-25 15:00:00,0.0,0.0,1.9,2669.89,5000.0,25.5,0.0,False
2024-07-05 19:00:00,0.0,0.0,48.11,4735.66,5000.0,25.0,0.0,False
2024-09-12 05:00:00,0.0,0.0,2.25,4805.43,5000.0,14.5,0.0,False
2024-06-16 09:00:00,0.0,0.0,2.13,4876.91,5000.0,23.2,0.0,False
2024-05-20 04:00:00,0.0,0.0,2.4,4456.73,5000.0,13.3,0.0,False
2024-04-19 22:00:00,0.0,0.0,1.8,4700.25,5000.0,14.5,0.0,False
2024-05-22 04:00:00,0.0,0.0,2.32,4597.58,5000.0,15.2,0.0,False
2024-09-18 23:00:00,0.0,0.0,1.81,4035.62,5000.0,15.6,0.0,False
2024-09-27 08:00:00,,0.0,31.87,3539.23,5000.0,15.3,0.0,False
2024-05-31 07:00:00,0.0,0.0,36.52,4373.39,5000.0,20.0,0.0,False
2024-06-21 15:00:00,0.0,0.0,1.8,4292.98,5000.0,28.2,0.0,False
2024-09-19 15:00:00,0.0,0.0,2.47,3898.61,5000.0,22.1,0.0,False
2024-04-11 02:00:00,0.0,0.0,2.43,1939.58,5000.0,9.5,0.0,False
2024-10-06 11:00:00,0.0,0.0,51.03,1050.65,5000.0,17.4,0.0,False
2024-04-18 04:00:00,0.0,0.0,2.23,4991.34,5000.0,10.8,0.0,False
2024-04-13 14:00:00,0.0,,1.89,3470.2,5000.0,19.3,0.0,False
2024-08-06 00:00:00,0.0,0.0,2.25,4370.93,5000.0,20.4,0.0,False
2024-06-24 21:00:00,4.55,515.88,42.17,5000.0,5000.0,23.9,473.71,False
2024-06-20 09:00:00,0.0,0.0,2.08,4789.51,5000.0,23.2,0.0,False
2024-05-24 13:00:00,0.0,0.0,68.48,4256.79,5000.0,25.6,0.0,False
2024-04-16 10:00:00,0.0,0.0,2.11,3264.74,5000.0,14.9,0.0,False
2024-08-01 13:00:00,0.0,0.0,70.63,4789.72,5000.0,27.5,0.0,False
2024-06-02 20:00:00,0.0,0.0,51.45,4668.29,5000.0,21.7,0.0,False
2024-06-26 02:00:00,0.0,0.0,2.41,4818.27,5000.0,18.8,0.0,False
2024-09-03 10:00:00,0.0,0.0,2.12,4580.3,5000.0,,0.0,False
2024-06-21 04:00:00,,,2.45,4410.26,5000.0,18.2,0.0,False
2024-06-15 17:00:00,0.0,0.0,2.0,3769.74,5000.0,27.4,0.0,False
2024-07-12 01:00:00,4.52,556.84,1.96,5000.0,5000.0,18.0,554.88,False
2024-08-31 13:00:00,0.0,0.0,66.59,3612.36,5000.0,26.4,0.0,False
2024-09-01 10:00:00,0.0,0.0,1.92,3286.54,5000.0,22.8,0.0,False
2024-06-26 01:00:00,0.0,0.0,,4820.68,5000.0,19.3,0.0,False
2024-08-13 16:00:00,0.0,0.0,2.21,4614.62,5000.0,27.8,0.0,False
2024-04-10 15:00:00,0.0,0.0,2.2,2134.18,5000.0,18.1,0.0,False
2024-05-18 09:00:00,0.0,0.0,,4902.89,5000.0,20.4,0.0,False
2024-08-21 22:00:00,0.0,0.0,1.86,,5000.0,21.6,0.0,False
2024-09-13 01:00:00,0.0,0.0,1.79,,5000.0,15.7,0.0,False
2024-07-06 11:00:00,0.0,0.0,,4506.81,5000.0,27.3,0.0,False
2024-06-04 00:00:00,0.0,0.0,1.73,4321.92,5000.0,19.8,0.0,False
2024-06-18 16:00:00,0.0,0.0,2.21,4997.79,5000.0,28.5,0.0,False
2024-04-25 08:00:00,5.77,770.03,38.26,4711.05,5000.0,14.9,0.0,False
2024-07-30 04:00:00,,327.79,1.79,5000.0,5000.0,18.7,326.0,False
2024-06-29 20:00:00,0.0,0.0,38.29,4883.75,5000.0,25.3,0.0,False
2024-05-20 12:00:00,,0.0,2.36,4349.27,5000.0,23.5,0.0,False
2024-08-24 13:00:00,0.0,0.0,1.87,2318.35,5000.0,27.6,0.0,False
2024-04-17 02:00:00,0.0,0.0,2.14,4991.72,5000.0,10.4,0.0,False
2024-07-28 12:00:00,0.0,0.0,1.83,3910.62,5000.0,28.6,0.0,False
2024-06-25 06:00:00,0.0,0.0,35.59,4948.04,5000.0,22.4,0.0,False
2024-07-05 11:00:00,0.0,0.0,68.96,4931.04,5000.0,26.1,0.0,False
2024-04-27 03:00:00,0.0,0.0,2.46,4490.45,5000.0,11.3,0.0,False
2024-08-16 07:00:00,0.0,0.0,31.29,4597.62,5000.0,20.7,0.0,False
2024-08-07 23:00:00,0.0,0.0,2.25,4997.75,5000.0,,0.0,False
2024-06-11 23:00:00,0.0,0.0,2.38,4687.56,5000.0,19.4,0.0,False
2024-09-22 03:00:00,0.0,0.0,1.88,3385.57,5000.0,12.5,0.0,False
2024-07-09 07:00:00,2.02,256.36,27.29,5000.0,5000.0,23.5,229.07,False
2024-06-07 16:00:00,,0.0,2.12,4995.67,5000.0,27.4,0.0,False
2024-07-11 10:00:00,0.0,0.0,2.29,4995.57,5000.0,24.7,0.0,False
2024-09-20 07:00:00,0.0,0.0,37.11,3636.68,5000.0,15.6,0.0,False
2024-08-09 23:00:00,0.7,92.21,1.72,4972.42,5000.0,20.4,0.0,False
2024-08-05 13:00:00,0.8,99.89,2.04,4495.14,5000.0,28.5,0.0,False
2024-07-30 15:00:00,0.0,0.0,2.16,4882.94,5000.0,29.3,0.0,False
2024-06-05 14:00:00,0.0,0.0,2.46,3692.45,5000.0,27.2,0.0,False
2024-08-06 23:00:00,0.0,0.0,1.72,4816.84,5000.0,19.9,0.0,False
2024-05-20 01:00:00,0.0,0.0,2.18,4463.79,5000.0,16.8,0.0,False
2024-05-22 10:00:00,0.0,0.0,2.13,4487.06,5000.0,22.6,0.0,False
2024-07-07 12:00:00,2.26,280.04,1.79,5000.0,5000.0,27.1,31.87,False
2024-07-17 05:00:00,0.0,0.0,1.92,4889.78,5000.0,18.2,0.0,False
2024-07-03 11:00:00,0.0,0.0,2.47,4884.23,5000.0,24.7,0.0,False
2024-07-16 09:00:00,0.0,0.0,1.91,3770.1,5000.0,24.8,0.0,False
2024-07-14 00:00:00,0.0,0.0,2.18,4693.67,5000.0,19.9,0.0,False
2024-08-19 03:00:00,0.0,0.0,1.84,4042.0,5000.0,16.7,0.0,False
2024-05-13 03:00:00,0.0,0.0,2.47,4485.77,5000.0,14.2,0.0,False
2024-05-16 00:00:00,0.0,0.0,1.98,,5000.0,13.6,0.0,False
2024-06-08 08:00:00,0.0,0.0,30.93,4702.31,5000.0,18.5,0.0,False
2024-07-21 17:00:00,0.0,4893.959902866049,1.78,4996.15,5000.0,27.9,0.0,True
2024-04-09 17:00:00,,0.0,2.33,2437.83,5000.0,17.6,0.0,False
2024-07-02 03:00:00,0.68,87.65,2.41,4919.54,5000.0,19.5,0.0,False
2024-05-17 22:00:00,0.0,0.0,2.24,4805.11,5000.0,,0.0,False
2024-07-01 06:00:00,0.0,0.0,31.15,4478.17,5000.0,18.8,0.0,False
2024-08-30 00:00:00,0.0,0.0,2.09,4224.19,5000.0,18.4,0.0,False
2024-05-08 12:00:00,0.0,0.0,1.74,4994.08,5000.0,20.0,0.0,False
2024-09-25 02:00:00,0.0,0.0,1.73,4049.21,5000.0,12.6,0.0,False
2024-08-21 03:00:00,0.0,0.0,1.77,3266.67,5000.0,17.3,0.0,False
2024-08-05 23:00:00,0.0,,2.47,4373.18,5000.0,21.8,0.0,False
2024-08-09 19:00:00,0.0,0.0,48.76,4898.95,5000.0,26.2,0.0,False
2024-10-03 12:00:00,0.0,0.0,59.03,1466.89,5000.0,20.2,0.0,False
2024-07-09 22:00:00,0.0,0.0,1.81,4812.47,5000.0,20.8,0.0,False
2024-07-29 23:00:00,0.0,0.0,2.25,4179.25,5000.0,20.5,0.0,False
2024-05-29 20:00:00,0.9,123.48,49.22,5000.0,5000.0,23.5,33.5,False
2024-07-03 09:00:00,0.0,0.0,2.26,4889.18,5000.0,23.4,0.0,False
2024-05-17 05:00:00,3.37,396.95,1.88,5000.0,5000.0,13.7,395.07,False
2024-07-18 04:00:00,0.0,0.0,2.01,4942.63,5000.0,,0.0,False
2024-05-01 07:00:00,0.0,0.0,37.57,-35.555283072789194,5000.0,14.4,0.0,True
2024-08-11 19:00:00,1.81,239.97,38.96,5000.0,5000.0,25.1,201.01,False
2024-08-24 18:00:00,0.0,0.0,51.25,2258.27,5000.0,26.3,0.0,False
2024-09-12 11:00:00,0.0,0.0,51.36,4648.71,5000.0,20.7,0.0,False
2024-04-12 02:00:00,0.0,0.0,1.74,4009.45,5000.0,11.4,0.0,False
2024-08-25 09:00:00,0.0,0.0,1.81,2860.98,5000.0,21.7,0.0,False
2024-04-16 14:00:00,0.0,0.0,2.3,3256.04,5000.0,20.1,0.0,False
2024-07-29 08:00:00,0.0,0.0,33.76,4565.42,5000.0,21.0,0.0,False
2024-07-25 20:00:00,0.0,0.0,41.79,4858.78,5000.0,,0.0,False
2024-08-21 23:00:00,0.0,0.0,2.01,3241.67,5000.0,20.3,0.0,False
2024-09-23 16:00:00,0.0,0.0,2.08,4718.87,5000.0,23.8,0.0,False
2024-07-25 13:00:00,0.0,0.0,2.14,4869.44,5000.0,28.3,0.0,False
2024-07-14 18:00:00,0.0,0.0,50.04,4325.47,5000.0,26.3,0.0,False
2024-08-13 15:00:00,0.0,0.0,1.73,4616.83,5000.0,27.5,0.0,False
2024-04-09 16:00:00,0.0,0.0,2.18,2440.16,5000.0,19.6,0.0,False
2024-04-12 08:00:00,0.0,0.0,30.21,3979.28,5000.0,14.0,0.0,False
2024-06-14 09:00:00,0.0,0.0,1.88,4253.55,5000.0,,0.0,False
2024-04-26 00:00:00,0.0,0.0,2.36,4809.39,5000.0,13.4,0.0,False
2024-09-15 02:00:00,0.0,0.0,2.32,4902.43,5000.0,12.3,0.0,False
2024-05-09 19:00:00,1.12,149.83,49.68,5000.0,5000.0,21.1,100.15,False
2024-08-15 16:00:00,0.0,0.0,1.96,4855.99,5000.0,26.4,0.0,False
2024-09-26 13:00:00,0.0,0.0,2.09,3820.09,5000.0,21.6,0.0,False
2024-09-22 01:00:00,0.0,0.0,,3389.58,5000.0,13.4,0.0,False
2024-06-27 21:00:00,0.0,0.0,42.71,4512.99,5000.0,23.9,0.0,False
2024-07-25 10:00:00,0.0,0.0,2.2,4875.93,5000.0,27.6,0.0,False
2024-09-21 22:00:00,0.0,0.0,2.2,3395.56,5000.0,17.0,0.0,False
2024-08-26 07:00:00,0.0,0.0,36.49,3279.12,5000.0,20.6,0.0,False
2024-06-20 11:00:00,0.0,0.0,67.71,4719.95,5000.0,26.4,0.0,False
2024-07-22 17:00:00,4.22,531.11,1.82,,5000.0,29.4,529.29,False
2024-09-13 12:00:00,0.0,0.0,,4430.09,5000.0,22.3,0.0,False
2024-07-12 04:00:00,0.0,0.0,2.12,4993.82,5000.0,19.5,0.0,False
2024-09-01 20:00:00,4.94,589.26,35.83,3727.03,5000.0,25.1,0.0,False
2024-06-21 21:00:00,,0.0,37.76,4112.84,5000.0,21.9,0.0,False
2024-07-26 20:00:00,0.0,0.0,46.59,4388.41,5000.0,25.1,0.0,False
2024-04-19 16:00:00,0.0,0.0,1.72,4893.29,5000.0,20.8,0.0,False
2024-09-11 02:00:00,0.0,0.0,2.48,,5000.0,16.5,0.0,False
2024-05-13 07:00:00,0.0,0.0,36.84,4408.27,5000.0,15.3,0.0,False
2024-05-19 18:00:00,0.0,0.0,40.61,4599.18,5000.0,24.1,0.0,False
2024-05-09 16:00:00,1.27,160.08,1.91,4883.78,5000.0,22.0,0.0,False
2024-06-26 19:00:00,0.0,0.0,51.43,4897.53,5000.0,27.5,0.0,False
2024-09-01 21:00:00,7.53,1012.66,36.12,4703.57,5000.0,20.3,0.0,False
2024-07-06 22:00:00,0.0,0.0,2.0,4341.09,5000.0,21.7,0.0,False
2024-08-20 18:00:00,0.0,0.0,40.45,3400.82,5000.0,23.7,0.0,False
2024-07-16 11:00:00,0.0,0.0,1.82,3765.92,5000.0,24.1,0.0,False
2024-08-21 16:00:00,0.0,0.0,1.89,3435.88,5000.0,26.8,0.0,False
2024-06-08 07:00:00,0.0,0.0,38.41,4733.24,5000.0,21.9,0.0,False
2024-08-24 12:00:00,0.0,0.0,1.88,2320.22,5000.0,26.1,0.0,False
2024-09-01 15:00:00,0.0,0.0,2.14,3275.37,5000.0,,0.0,False
2024-04-28 16:00:00,0.0,0.0,2.01,4470.29,5000.0,21.8,0.0,False
2024-06-27 16:00:00,0.0,0.0,2.28,4679.93,5000.0,30.9,0.0,False
2024-04-12 14:00:00,0.0,0.0,2.11,3800.14,5000.0,19.4,0.0,False
2024-08-19 02:00:00,1.51,197.46,1.86,4043.84,5000.0,17.4,0.0,False
2024-07-12 20:00:00,1.11,142.27,44.84,4876.44,5000.0,25.9,0.0,False
2024-07-21 22:00:00,0.0,0.0,2.3,4832.87,5000.0,22.6,0.0,False
2024-07-22 04:00:00,0.0,0.0,2.37,4819.71,5000.0,19.9,0.0,False
2024-04-21 12:00:00,0.0,0.0,66.7,4155.3,5000.0,20.5,0.0,False
2024-07-07 20:00:00,0.0,,48.23,4848.1,5000.0,23.6,0.0,False
2024-04-13 17:00:00,0.0,0.0,2.02,3464.41,5000.0,21.8,0.0,False
2024-05-03 19:00:00,0.0,0.0,51.08,4632.78,5000.0,20.2,0.0,False
2024-09-05 14:00:00,0.0,0.0,2.19,3958.7,5000.0,24.7,0.0,False
2024-05-09 00:00:00,0.0,0.0,2.41,4911.17,5000.0,13.5,0.0,False
2024-08-18 12:00:00,0.0,0.0,2.45,4045.1,5000.0,27.6,0.0,False
2024-09-15 04:00:00,,0.0,2.28,4898.01,5000.0,14.6,0.0,False
2024-07-25 17:00:00,0.0,0.0,2.11,,5000.0,27.9,0.0,False
2024-09-21 03:00:00,0.0,0.0,1.9,3867.02,5000.0,13.3,0.0,False
2024-07-05 06:00:00,0.0,0.0,28.49,4969.42,5000.0,20.1,0.0,False
2024-07-20 11:00:00,0.0,0.0,53.56,4520.51,5000.0,27.1,0.0,False
2024-06-26 07:00:00,0.0,0.0,37.29,4741.45,5000.0,23.0,0.0,False
2024-07-22 00:00:00,0.0,0.0,2.49,4828.53,5000.0,20.9,0.0,False
2024-05-20 17:00:00,3.41,433.07,1.9,5000.0,5000.0,26.2,431.17,False
2024-07-12 06:00:00,0.0,0.0,34.29,4957.61,5000.0,20.0,0.0,False
2024-05-13 16:00:00,0.0,0.0,2.3,4363.76,5000.0,24.5,0.0,False
2024-07-19 20:00:00,0.0,0.0,44.91,4732.46,5000.0,25.4,0.0,False
2024-08-08 09:00:00,0.0,0.0,2.18,4896.42,5000.0,22.1,0.0,False
2024-09-11 08:00:00,0.0,0.0,34.42,4709.24,5000.0,18.6,0.0,False
2024-04-25 19:00:00,0.0,0.0,38.4,4906.68,5000.0,19.6,0.0,False
2024-06-13 18:00:00,0.0,0.0,45.59,4504.57,5000.0,23.3,0.0,False
2024-06-23 19:00:00,0.0,0.0,47.32,4907.21,5000.0,26.8,0.0,False
2024-09-03 11:00:00,0.0,0.0,56.68,4523.62,5000.0,25.3,0.0,False
2024-09-11 06:00:00,0.0,0.0,29.59,4777.14,5000.0,17.1,0.0,False
2024-10-03 22:00:00,0.0,0.0,1.83,1232.27,5000.0,14.2,0.0,False
2024-09-20 10:00:00,0.0,0.0,2.4,3604.85,5000.0,19.3,0.0,False
2024-06-03 23:00:00,0.0,0.0,1.72,4323.65,5000.0,20.1,0.0,False
2024-06-22 16:00:00,0.0,0.0,2.03,4997.97,5000.0,30.1,0.0,False
2024-09-06 16:00:00,0.0,0.0,2.3,3469.38,5000.0,26.1,0.0,False
2024-07-09 00:00:00,0.0,0.0,2.35,4814.27,5000.0,21.4,0.0,False
2024-07-28 17:00:00,0.0,,2.5,3899.83,5000.0,28.3,0.0,False
2024-04-13 21:00:00,0.0,0.0,49.65,3282.89,5000.0,14.5,0.0,False
2024-04-20 20:00:00,0.0,0.0,42.5,4432.74,5000.0,18.8,0.0,False
2024-05-28 06:00:00,0.0,0.0,30.54,4571.29,5000.0,18.2,0.0,False
2024-06-30 12:00:00,0.0,0.0,2.3,4712.01,5000.0,27.8,0.0,False
2024-05-28 09:00:00,0.0,0.0,2.31,5845.903024390512,5000.0,20.6,0.0,True
2024-06-10 00:00:00,0.0,0.0,2.4,4693.97,5000.0,19.1,0.0,False
2024-08-13 06:00:00,-0.9392528734969847,0.0,29.02,,5000.0,18.4,0.0,True
2024-04-24 05:00:00,0.0,0.0,2.17,3626.98,5000.0,12.8,0.0,False
2024-08-24 17:00:00,0.0,0.0,1.79,2309.52,5000.0,24.0,0.0,False
2024-08-25 08:00:00,0.82,105.64,32.25,2862.79,5000.0,20.4,0.0,False
2024-09-01 07:00:00,0.0,0.0,38.17,3321.7,5000.0,18.8,0.0,False
2024-08-23 09:00:00,0.0,0.0,2.17,2628.33,5000.0,22.6,0.0,False
2024-09-02 15:00:00,0.0,0.0,2.33,4875.01,5000.0,25.5,0.0,False
2024-07-30 13:00:00,0.0,0.0,2.26,4887.51,5000.0,25.9,0.0,False
2024-07-09 08:00:00,4.4,619.9,39.43,5000.0,5000.0,23.6,580.47,False
2024-06-29 23:00:00,0.0,0.0,1.71,4841.82,5000.0,21.4,0.0,False
2024-08-08 12:00:00,0.0,0.0,2.11,4890.6,5000.0,26.8,0.0,False
2024-05-12 23:00:00,0.0,0.0,1.75,4495.02,5000.0,15.1,0.0,False
2024-05-24 11:00:00,0.0,0.0,68.82,5348.45810740645,5000.0,23.0,0.0,True
2024-08-08 00:00:00,,0.0,2.18,,5000.0,19.3,0.0,False
2024-07-02 13:00:00,0.0,0.0,69.18,4623.54,5000.0,27.3,0.0,False
2024-07-11 05:00:00,0.0,0.0,1.86,4798.77,5000.0,19.9,0.0,False
2024-08-16 22:00:00,0.0,0.0,2.14,4187.56,5000.0,19.2,0.0,False
2024-05-13 04:00:00,0.0,0.0,1.73,4484.04,5000.0,12.7,0.0,False
2024-04-23 14:00:00,0.0,0.0,2.47,3458.76,5000.0,,0.0,False
2024-06-30 22:00:00,0.0,0.0,2.3,4523.95,5000.0,18.7,0.0,False
2024-06-10 23:00:00,0.0,0.0,2.43,4395.15,5000.0,20.3,0.0,False
2024-05-03 20:00:00,0.0,0.0,40.85,4591.93,5000.0,19.1,0.0,False
2024-06-01 10:00:00,0.0,,,4752.28,5000.0,22.8,0.0,False
2024-09-22 13:00:00,0.0,0.0,2.47,3273.5,5000.0,22.9,0.0,False
2024-06-30 01:00:00,0.0,0.0,2.46,4837.18,5000.0,21.0,0.0,False
2024-04-27 01:00:00,0.0,0.0,2.42,4495.32,5000.0,12.8,0.0,False
2024-06-02 14:00:00,0.0,0.0,2.21,4801.38,5000.0,25.9,0.0,False
2024-06-03 08:00:00,0.0,0.0,33.37,4501.56,5000.0,22.0,0.0,False
2024-06-29 04:00:00,0.0,0.0,2.24,4188.73,5000.0,22.0,0.0,False
2024-08-21 18:00:00,0.0,,42.11,3391.89,5000.0,27.1,0.0,False
2024-04-18 11:00:00,0.0,0.0,61.89,,5000.0,16.9,0.0,False
2024-09-05 07:00:00,0.0,0.0,39.49,4003.47,5000.0,17.8,0.0,False
2024-04-29 16:00:00,0.0,0.0,2.46,4882.23,5000.0,20.8,0.0,False
2024-04-24 12:00:00,0.0,0.0,65.0,3394.9,5000.0,20.8,0.0,False
2024-09-01 02:00:00,0.0,0.0,2.21,3405.21,5000.0,16.3,0.0,False
2024-07-07 06:00:00,0.0,0.0,31.09,4294.5,5000.0,,0.0,False
2024-07-09 14:00:00,0.0,,2.38,4989.17,5000.0,27.6,0.0,False
2024-06-19 19:00:00,1.12,138.65,44.52,5000.0,5000.0,24.8,94.13,False
2024-04-22 11:00:00,0.0,0.0,2.34,3791.5,5000.0,20.6,0.0,False
2024-08-30 09:00:00,,0.0,2.14,4118.53,5000.0,21.0,0.0,False
2024-07-12 08:00:00,,0.0,37.39,4886.71,5000.0,,0.0,False
2024-06-19 14:00:00,,219.81,2.43,5000.0,5000.0,27.3,217.38,False
2024-06-04 18:00:00,0.0,0.0,50.95,4140.7,5000.0,24.6,0.0,False
2024-07-28 04:00:00,0.0,0.0,1.71,4014.95,5000.0,20.7,0.0,False
2024-07-02 11:00:00,0.0,0.0,60.99,4749.49,5000.0,25.3,0.0,False
2024-05-10 12:00:00,0.0,0.0,1.76,4779.33,5000.0,22.1,0.0,False
2024-05-04 12:00:00,0.0,,2.18,4997.82,5000.0,22.7,0.0,False
2024-09-23 08:00:00,0.0,,27.88,-280.7678169009783,5000.0,14.3,0.0,True
2024-06-25 10:00:00,2.35,305.25,2.31,5000.0,5000.0,25.2,302.94,False
2024-08-07 08:00:00,6.6,830.07,39.65,5000.0,5000.0,23.3,790.42,False
2024-05-28 19:00:00,0.71,93.98,41.04,4740.39,5000.0,23.3,0.0,False
2024-09-22 16:00:00,0.0,0.0,2.19,3267.33,5000.0,21.1,0.0,False
2024-06-19 02:00:00,1.15,149.15,1.8,4963.82,5000.0,16.3,0.0,False
2024-05-02 16:00:00,0.0,0.0,1.72,4998.28,5000.0,23.4,0.0,False
2024-09-05 13:00:00,0.0,0.0,1.78,,5000.0,24.3,0.0,False
2024-08-27 22:00:00,0.0,0.0,1.72,4854.54,5000.0,18.7,0.0,False
2024-08-28 07:00:00,0.0,0.0,34.17,4936.12,5000.0,17.8,0.0,False
2024-07-05 00:00:00,0.0,0.0,1.72,4802.64,5000.0,21.3,0.0,False
2024-08-17 04:00:00,0.0,0.0,2.45,4173.86,5000.0,16.6,0.0,False
2024-09-27 17:00:00,0.0,0.0,2.16,3364.46,5000.0,23.4,0.0,False
2024-07-29 19:00:00,0.0,0.0,42.68,4275.2,5000.0,25.3,0.0,False
2024-09-18 07:00:00,,0.0,38.41,4309.04,5000.0,16.6,0.0,False
2024-06-25 03:00:00,0.0,0.0,2.01,4987.57,5000.0,18.1,0.0,False
2024-07-02 00:00:00,0.32,40.3,2.28,4653.79,5000.0,20.1,0.0,False
2024-04-24 15:00:00,0.0,0.0,2.21,3334.88,5000.0,22.0,0.0,False
2024-08-11 22:00:00,0.0,,1.7,,5000.0,20.2,0.0,False
2024-04-16 11:00:00,0.0,0.0,2.37,3262.37,5000.0,20.6,0.0,False
2024-08-15 13:00:00,0.0,0.0,1.89,4862.53,5000.0,28.1,0.0,False
2024-09-30 11:00:00,0.0,0.0,61.39,,5000.0,19.8,0.0,False
2024-08-20 08:00:00,0.0,0.0,35.52,3460.5,5000.0,21.4,0.0,False
2024-05-12 09:00:00,0.0,0.0,2.41,4895.08,5000.0,18.5,0.0,False
2024-07-12 18:00:00,0.0,0.0,45.89,4821.47,5000.0,25.2,0.0,False
2024-05-15 00:00:00,0.0,0.0,2.32,4653.43,5000.0,15.5,0.0,False
2024-08-08 15:00:00,0.0,0.0,2.26,4884.54,5000.0,28.4,0.0,False
2024-07-27 11:00:00,0.0,0.0,1.96,4216.88,5000.0,29.1,0.0,False
2024-08-17 15:00:00,0.0,0.0,1.83,,5000.0,27.6,0.0,False
2024-04-10 20:00:00,0.0,0.0,45.48,1993.35,5000.0,16.8,0.0,False
2024-05-17 18:00:00,0.0,0.0,45.81,4938.16,5000.0,22.5,0.0,False
2024-05-19 06:00:00,0.0,0.0,28.69,4730.6,5000.0,16.3,0.0,False
2024-07-18 20:00:00,0.0,0.0,36.32,4866.89,5000.0,25.2,0.0,False
2024-05-19 07:00:00,0.0,0.0,37.96,4692.64,5000.0,16.2,0.0,False
2024-07-23 12:00:00,,0.0,49.33,,5000.0,27.8,0.0,False
2024-04-10 21:00:00,0.0,0.0,42.62,1950.73,5000.0,14.5,0.0,False
2024-05-02 15:00:00,3.33,432.29,1.95,5000.0,5000.0,23.6,421.62,False
2024-09-30 18:00:00,0.0,0.0,50.15,2170.5,5000.0,21.6,0.0,False
2024-08-21 12:00:00,0.0,0.0,1.89,3443.9,5000.0,24.9,0.0,False
2024-06-09 16:00:00,0.0,0.0,1.71,4880.23,5000.0,26.6,0.0,False
2024-08-07 09:00:00,5.22,661.88,2.06,5000.0,5000.0,23.3,659.82,False
2024-05-13 15:00:00,0.0,0.0,2.43,4366.06,5000.0,22.3,0.0,False
2024-09-20 08:00:00,0.0,0.0,27.49,3609.19,5000.0,15.6,0.0,False
2024-09-29 09:00:00,0.0,0.0,2.13,2735.99,5000.0,17.5,0.0,False
2024-06-20 10:00:00,0.0,0.0,1.85,4787.66,5000.0,25.4,0.0,False
2024-09-30 16:00:00,,0.0,2.4,2222.63,5000.0,18.5,0.0,False
2024-06-14 00:00:00,0.0,0.0,1.82,4366.14,5000.0,20.6,0.0,False
2024-06-27 17:00:00,0.0,0.0,,4677.96,5000.0,27.7,0.0,False
2024-05-05 11:00:00,0.0,0.0,1.9,4697.19,5000.0,22.3,0.0,False
2024-04-21 16:00:00,0.0,0.0,2.27,4079.67,5000.0,20.8,0.0,False
2024-04-20 06:00:00,0.0,0.0,30.49,4654.18,5000.0,11.9,0.0,False
2024-04-16 16:00:00,0.0,0.0,1.79,3251.8,5000.0,20.1,0.0,False
2024-09-20 05:00:00,0.0,0.0,2.4,3701.2,5000.0,13.0,0.0,False
2024-07-10 12:00:00,5.52,748.38,2.15,5000.0,5000.0,28.1,746.23,False
2024-08-25 14:00:00,0.0,0.0,2.31,2671.79,5000.0,25.8,0.0,False
2024-09-12 02:00:00,0.0,0.0,2.32,4812.24,5000.0,15.6,0.0,False
2024-06-20 00:00:00,0.0,0.0,2.33,4906.54,5000.0,22.3,0.0,False
2024-08-14 00:00:00,0.0,0.0,2.42,4992.74,5000.0,18.6,0.0,False
2024-08-10 19:00:00,0.0,0.0,46.18,4617.34,5000.0,26.7,0.0,False
2024-10-02 09:00:00,0.0,0.0,2.16,1917.65,5000.0,15.2,0.0,False
2024-08-09 15:00:00,0.0,0.0,1.77,4998.23,5000.0,26.7,0.0,False
2024-07-25 15:00:00,1.86,226.44,2.26,5000.0,5000.0,30.1,91.87,False
2024-09-23 13:00:00,0.0,0.0,2.1,4725.39,5000.0,22.7,0.0,False
2024-07-12 15:00:00,0.0,0.0,1.98,4871.55,5000.0,29.8,0.0,False
2024-05-27 23:00:00,0.0,0.0,2.47,4614.06,5000.0,16.9,0.0,False
2024-04-14 14:00:00,0.0,0.0,2.44,3251.36,5000.0,19.2,0.0,False
2024-09-12 13:00:00,0.0,0.0,54.3,4528.15,5000.0,24.2,0.0,False
2024-04-28 14:00:00,0.0,0.0,,4474.16,5000.0,22.7,0.0,False
2024-09-02 01:00:00,0.0,0.0,,4997.67,5000.0,16.2,0.0,False
2024-10-01 12:00:00,0.0,0.0,1.88,1908.13,5000.0,18.1,0.0,False
2024-06-05 19:00:00,0.0,,47.57,4952.43,5000.0,25.9,0.0,False
2024-07-15 20:00:00,0.0,0.0,45.98,3932.9,5000.0,26.7,0.0,False
2024-06-12 09:00:00,0.0,0.0,1.74,4891.01,5000.0,23.2,0.0,False
2024-06-28 23:00:00,0.0,0.0,1.98,4198.63,5000.0,22.8,0.0,False
2024-04-30 15:00:00,0.0,0.0,2.06,4389.65,5000.0,23.6,0.0,False
2024-04-25 06:00:00,0.0,0.0,28.31,4014.6,5000.0,12.8,0.0,False
2024-06-23 17:00:00,0.0,,2.12,4997.88,5000.0,26.8,0.0,False
2024-05-08 06:00:00,2.32,,32.59,5000.0,5000.0,15.3,176.06,False
2024-09-13 22:00:00,0.0,0.0,2.34,4916.66,5000.0,17.1,0.0,False
2024-05-26 12:00:00,0.0,0.0,2.43,4348.23,5000.0,,0.0,False
2024-04-29 17:00:00,0.0,0.0,2.35,4879.88,5000.0,22.5,0.0,False
2024-07-04 18:00:00,0.0,0.0,35.79,4947.59,5000.0,27.7,0.0,False
2024-06-04 01:00:00,0.0,0.0,2.28,4319.64,5000.0,18.8,0.0,False
2024-05-06 23:00:00,0.0,0.0,1.75,4358.07,5000.0,14.9,0.0,False
2024-08-26 05:00:00,0.0,0.0,1.83,3355.29,5000.0,16.1,0.0,False
2024-04-13 13:00:00,0.0,0.0,2.31,3472.09,5000.0,16.9,0.0,False
2024-08-11 10:00:00,0.0,0.0,2.41,4387.2,5000.0,21.7,0.0,False
2024-07-28 20:00:00,,575.78,41.93,4747.59,5000.0,25.4,0.0,False
2024-06-05 13:00:00,0.0,0.0,67.74,3694.91,5000.0,,0.0,False
2024-08-26 03:00:00,3.57,461.24,1.98,3359.21,5000.0,16.9,0.0,False
2024-08-31 01:00:00,0.0,0.0,2.17,3925.34,5000.0,16.8,0.0,False
2024-09-13 04:00:00,0.0,0.0,1.87,4534.53,5000.0,14.2,0.0,False
2024-07-01 02:00:00,0.0,0.0,1.97,4515.5,5000.0,20.2,0.0,False
2024-06-19 12:00:00,1.36,190.57,1.76,5000.0,5000.0,26.0,45.06,False
2024-09-19 12:00:00,0.0,,2.14,3905.34,5000.0,21.1,0.0,False
2024-08-30 23:00:00,0.0,0.0,2.01,3929.99,5000.0,19.2,0.0,False
2024-05-15 09:00:00,0.0,0.0,2.15,4893.47,5000.0,18.6,0.0,False
2024-07-19 14:00:00,0.0,0.0,2.43,4878.35,5000.0,27.8,0.0,False
2024-10-02 04:00:00,0.0,0.0,1.88,2027.37,5000.0,11.8,0.0,False
2024-04-22 20:00:00,0.0,0.0,38.3,3648.22,5000.0,17.3,0.0,False
2024-06-01 18:00:00,0.0,0.0,43.17,4694.91,5000.0,25.9,0.0,False
2024-07-24 20:00:00,0.0,0.0,50.8,4844.45,5000.0,24.7,0.0,False
2024-04-14 15:00:00,2.4,294.09,2.11,3543.34,5000.0,19.5,0.0,False
2024-06-30 21:00:00,0.0,0.0,,4526.25,5000.0,24.1,0.0,False
2024-07-03 19:00:00,0.0,0.0,36.67,4799.47,5000.0,25.7,0.0,False
2024-04-16 04:00:00,0.0,0.0,,3371.02,5000.0,11.4,0.0,False
2024-07-10 10:00:00,0.0,0.0,2.28,4687.38,5000.0,22.1,0.0,False
2024-07-13 17:00:00,0.0,0.0,1.96,4871.16,5000.0,29.6,0.0,False
2024-06-20 05:00:00,0.0,0.0,2.38,,5000.0,20.2,0.0,False
2024-07-14 05:00:00,0.0,0.0,2.38,4682.68,5000.0,19.9,0.0,False
2024-05-06 18:00:00,0.0,0.0,51.08,4493.63,5000.0,23.7,0.0,False
2024-06-02 06:00:00,0.0,0.0,37.68,4517.99,5000.0,18.3,0.0,False
2024-04-11 18:00:00,1.09,149.8,38.53,3899.4,5000.0,17.9,0.0,False
2024-05-26 15:00:00,0.0,0.0,1.85,4342.93,5000.0,24.0,0.0,False
2024-07-20 22:00:00,0.0,0.0,2.13,4813.43,5000.0,21.1,0.0,False
2024-04-16 17:00:00,0.0,0.0,2.44,3249.36,5000.0,19.6,0.0,False
2024-06-09 05:00:00,0.0,0.0,2.35,4474.15,5000.0,17.7,0.0,False
2024-07-07 16:00:00,0.0,0.0,2.34,4992.94,5000.0,27.6,0.0,False
2024-06-29 03:00:00,0.0,0.0,1.96,4190.97,5000.0,19.6,0.0,False
2024-07-14 21:00:00,0.0,0.0,36.52,4198.26,5000.0,22.0,0.0,False
2024-08-26 10:00:00,0.0,0.0,2.04,,5000.0,22.8,0.0,False
2024-04-19 14:00:00,0.0,0.0,1.74,4897.4,5000.0,21.0,0.0,False
2024-08-14 10:00:00,0.0,0.0,2.23,4870.51,5000.0,25.0,0.0,False
2024-08-04 21:00:00,0.0,0.0,45.2,4525.62,5000.0,23.7,0.0,False
2024-09-01 13:00:00,0.0,0.0,2.47,3279.48,5000.0,26.0,0.0,False
2024-07-11 19:00:00,0.0,0.0,43.03,4910.04,5000.0,25.3,0.0,False
2024-09-18 21:00:00,0.0,0.0,47.37,4039.27,5000.0,19.6,0.0,False
2024-05-30 05:00:00,0.0,0.0,2.45,4936.51,5000.0,15.9,0.0,False
2024-04-20 16:00:00,0.0,0.0,2.06,4580.01,5000.0,,0.0,False
2024-04-27 15:00:00,0.0,0.0,2.28,4538.12,5000.0,20.8,0.0,False
2024-07-11 03:00:00,0.0,0.0,2.03,4802.9,5000.0,16.8,0.0,False
2024-09-19 23:00:00,0.0,0.0,2.08,3713.77,5000.0,15.2,0.0,False
2024-10-03 14:00:00,0.0,0.0,2.12,1409.65,5000.0,21.4,0.0,False
2024-08-24 14:00:00,0.0,0.0,2.44,2315.91,5000.0,27.2,0.0,False
2024-04-22 17:00:00,0.0,0.0,1.86,3778.68,5000.0,23.0,0.0,False
2024-10-03 10:00:00,0.0,0.0,2.3,1589.4,5000.0,16.1,0.0,False
2024-05-23 14:00:00,0.0,0.0,2.06,4595.76,5000.0,26.7,0.0,False
2024-05-09 11:00:00,0.0,0.0,48.8,4841.66,5000.0,22.0,0.0,False
2024-08-27 12:00:00,0.0,0.0,1.88,2941.27,5000.0,25.9,0.0,False
2024-07-03 13:00:00,,0.0,2.31,4880.0,5000.0,30.7,0.0,False
2024-04-27 12:00:00,,0.0,63.27,4606.29,5000.0,18.9,0.0,False
2024-06-15 06:00:00,0.0,0.0,30.51,3854.01,5000.0,21.6,0.0,False
2024-08-24 06:00:00,0.0,0.0,30.63,2393.71,5000.0,18.1,0.0,False
2024-04-27 07:00:00,0.0,0.0,31.24,4764.91,5000.0,14.2,0.0,False
2024-09-12 16:00:00,0.53,69.77,2.1,4591.73,5000.0,24.3,0.0,False
2024-05-15 21:00:00,0.0,0.0,49.04,4807.74,5000.0,21.1,0.0,False
2024-10-06 13:00:00,0.0,0.0,67.83,918.28,5000.0,23.4,0.0,False
2024-07-30 19:00:00,0.0,0.0,51.65,4783.75,5000.0,25.8,0.0,False
2024-07-09 06:00:00,2.49,331.36,32.31,5000.0,5000.0,22.2,290.69,False
2024-05-11 22:00:00,0.0,0.0,2.31,4679.89,5000.0,15.6,0.0,False
2024-08-08 01:00:00,0.92,129.71,1.97,5000.0,5000.0,18.7,123.31,False
2024-05-15 15:00:00,1.94,246.48,2.3,5000.0,5000.0,24.5,244.18,False
2024-09-01 00:00:00,0.0,,2.25,3409.52,5000.0,17.1,0.0,False
2024-09-19 02:00:00,0.0,0.0,2.32,4029.3,5000.0,14.5,0.0,False
2024-07-09 23:00:00,0.0,0.0,1.89,4810.58,5000.0,20.0,0.0,False
2024-08-29 20:00:00,0.0,0.0,50.75,4268.94,5000.0,20.9,0.0,False
2024-06-06 08:00:00,0.0,0.0,32.79,4750.55,5000.0,22.9,0.0,False
2024-08-20 10:00:00,0.0,0.0,2.34,3455.74,5000.0,20.7,0.0,False
2024-07-31 02:00:00,1.33,174.44,2.26,5000.0,5000.0,19.3,172.18,False
2024-08-13 21:00:00,2.63,,50.81,5000.0,5000.0,22.6,288.32,False
2024-07-06 10:00:00,0.0,0.0,2.0,4508.85,5000.0,26.1,0.0,False
2024-05-28 00:00:00,0.0,0.0,2.48,4611.58,5000.0,18.3,0.0,False
2024-07-30 06:00:00,0.0,0.0,32.54,4965.65,5000.0,21.7,0.0,False
2024-05-25 04:00:00,2.57,307.25,1.88,4756.34,5000.0,16.5,0.0,False
2024-06-02 22:00:00,0.0,0.0,2.19,4614.21,5000.0,18.7,0.0,False
2024-09-10 03:00:00,0.0,0.0,2.39,4336.38,5000.0,13.0,0.0,False
2024-05-06 09:00:00,0.0,0.0,1.94,4472.7,5000.0,16.9,0.0,False
2024-06-17 15:00:00,0.0,0.0,1.79,,5000.0,28.8,0.0,False
2024-06-29 18:00:00,0.0,0.0,36.77,4961.27,5000.0,27.5,0.0,False
2024-06-11 21:00:00,0.0,0.0,40.18,4692.08,5000.0,24.4,0.0,False
2024-07-10 05:00:00,0.0,0.0,1.78,4798.09,5000.0,18.0,0.0,False
2024-09-09 22:00:00,0.0,0.0,1.97,4346.9,5000.0,20.1,0.0,False
2024-06-15 21:00:00,2.12,282.1,39.56,4333.17,5000.0,23.6,0.0,False
2024-05-24 03:00:00,0.0,0.0,2.2,4557.72,5000.0,15.8,0.0,False
2024-04-21 05:00:00,0.0,0.0,1.78,4374.55,5000.0,14.1,0.0,False
2024-08-04 09:00:00,0.0,,2.22,,5000.0,26.2,0.0,False
2024-09-15 05:00:00,0.0,0.0,2.03,,5000.0,,0.0,False
2024-08-16 14:00:00,0.0,0.0,1.84,4386.58,5000.0,27.2,0.0,False
2024-04-19 12:00:00,0.0,0.0,1.7,4901.38,5000.0,18.3,0.0,False
2024-04-12 13:00:00,,0.0,55.09,3802.25,5000.0,17.8,0.0,False
2024-09-07 18:00:00,0.0,0.0,49.18,3218.57,5000.0,23.8,0.0,False
2024-07-12 12:00:00,0.0,0.0,2.26,4877.78,5000.0,28.8,0.0,False
2024-07-07 09:00:00,0.0,0.0,2.07,4221.05,5000.0,22.9,0.0,False
2024-07-11 00:00:00,0.0,0.0,2.16,4809.72,5000.0,18.6,0.0,False
2024-08-29 03:00:00,0.0,0.0,2.15,4534.17,5000.0,15.8,0.0,False
2024-07-12 02:00:00,0.0,0.0,1.83,4998.17,5000.0,19.3,0.0,False
2024-08-21 10:00:00,0.0,0.0,2.4,3447.66,5000.0,23.9,0.0,False
2024-08-08 04:00:00,0.0,0.0,2.29,4997.71,5000.0,,0.0,False
2024-08-07 07:00:00,6.37,857.11,35.64,5000.0,5000.0,21.3,750.18,False
2024-08-13 10:00:00,0.34,45.41,1.83,4731.77,5000.0,24.5,0.0,False
2024-05-05 05:00:00,0.0,0.0,1.82,4802.84,5000.0,14.6,0.0,False
2024-06-05 17:00:00,3.65,443.94,2.1,4921.01,5000.0,26.7,0.0,False
2024-09-16 16:00:00,0.0,0.0,2.19,4288.92,5000.0,23.6,0.0,False
2024-05-12 06:00:00,0.0,0.0,38.8,4959.24,5000.0,15.4,0.0,False
2024-05-31 20:00:00,0.0,0.0,43.43,4918.37,5000.0,22.2,0.0,False
2024-05-17 21:00:00,0.0,0.0,48.04,4807.35,5000.0,18.4,0.0,False
2024-09-11 09:00:00,0.0,0.0,2.04,4707.2,5000.0,20.3,0.0,False
2024-05-18 02:00:00,0.0,0.0,1.8,4998.2,5000.0,14.5,0.0,False
2024-05-02 17:00:00,0.0,0.0,1.9,4996.38,5000.0,24.8,0.0,False
2024-10-07 14:00:00,0.0,0.0,2.02,581.31,5000.0,22.2,0.0,False
2024-07-31 04:00:00,0.0,0.0,1.75,4998.25,5000.0,17.5,0.0,False
2024-07-07 00:00:00,0.0,0.0,2.28,4336.46,5000.0,21.9,0.0,False
2024-08-02 11:00:00,0.0,0.0,2.12,4712.54,5000.0,27.2,0.0,False
2024-10-05 04:00:00,0.0,0.0,1.75,1524.89,5000.0,12.1,0.0,False
2024-10-05 18:00:00,0.0,,41.98,1359.59,5000.0,18.7,0.0,False
2024-09-06 10:00:00,0.0,0.0,1.85,3650.64,5000.0,21.9,0.0,False
2024-05-08 08:00:00,1.82,230.8,28.65,5000.0,5000.0,18.0,202.15,False
2024-05-14 01:00:00,0.0,0.0,2.4,,5000.0,14.7,0.0,False
2024-09-08 08:00:00,0.0,0.0,28.99,3879.55,5000.0,,0.0,False
2024-04-28 20:00:00,0.0,0.0,41.66,4333.87,5000.0,18.2,0.0,False
2024-10-04 22:00:00,0.0,0.0,1.74,1538.16,5000.0,18.3,0.0,False
2024-07-16 07:00:00,0.0,0.0,29.6,3803.93,5000.0,20.0,0.0,False
2024-05-21 02:00:00,0.0,0.0,2.25,4823.29,5000.0,15.6,0.0,False
2024-07-17 10:00:00,0.0,0.0,2.4,4997.6,5000.0,27.3,0.0,False
2024-06-12 18:00:00,0.0,0.0,52.06,4821.64,5000.0,27.9,0.0,False
2024-04-13 08:00:00,0.0,0.0,35.07,3482.94,5000.0,14.6,0.0,False
2024-04-13 01:00:00,0.0,0.0,1.96,3587.7,5000.0,11.8,0.0,False
2024-05-10 10:00:00,0.0,0.0,2.04,4782.8,5000.0,20.9,0.0,False
2024-06-10 22:00:00,0.0,0.0,2.1,4397.58,5000.0,20.2,0.0,False
2024-04-30 18:00:00,0.0,0.0,48.26,4337.53,5000.0,22.2,0.0,False
2024-05-30 20:00:00,0.0,0.0,42.85,4508.72,5000.0,22.5,0.0,False
2024-07-23 18:00:00,0.0,0.0,48.83,4649.54,5000.0,28.9,0.0,False
2024-05-13 08:00:00,0.0,0.0,28.3,4379.97,5000.0,17.7,0.0,False
2024-05-23 08:00:00,0.0,0.0,34.52,4609.08,5000.0,19.8,0.0,False
2024-09-10 16:00:00,0.0,0.0,1.75,4995.76,5000.0,23.0,0.0,False
2024-04-15 03:00:00,0.0,0.0,1.82,3862.67,5000.0,12.5,0.0,False
2024-05-09 01:00:00,,,2.06,4909.11,5000.0,14.0,0.0,False
2024-08-29 06:00:00,0.0,0.0,37.85,,5000.0,17.8,0.0,False
2024-08-14 10:00:00,0.0,0.0,2.23,4870.51,5000.0,25.0,0.0,False
2024-04-23 04:00:00,0.0,0.0,2.47,3582.56,5000.0,14.0,0.0,False
2024-07-20 23:00:00,0.0,0.0,1.9,4811.53,5000.0,22.8,0.0,False
2024-07-16 02:00:00,0.0,0.0,2.45,3874.64,5000.0,20.1,0.0,False
2024-07-24 21:00:00,0.0,0.0,48.2,4796.25,5000.0,22.4,0.0,False
2024-05-10 09:00:00,0.0,0.0,2.17,4784.84,5000.0,19.0,0.0,False
2024-05-17 06:00:00,4.98,702.0,28.48,5000.0,5000.0,16.0,673.52,False
2024-09-25 12:00:00,0.0,0.0,2.48,3940.01,5000.0,21.4,0.0,False
2024-10-04 13:00:00,0.0,0.0,2.3,1730.93,5000.0,19.8,0.0,False
2024-07-24 06:00:00,0.0,0.0,33.64,4465.45,5000.0,21.3,0.0,False
2024-07-11 22:00:00,0.0,0.0,,4819.31,5000.0,23.0,0.0,False
2024-07-12 21:00:00,1.55,203.12,36.38,5000.0,5000.0,22.7,43.18,False
2024-06-21 17:00:00,0.0,0.0,2.15,4288.55,5000.0,26.1,0.0,False
2024-06-12 01:00:00,1.38,185.14,2.29,4868.51,5000.0,19.6,0.0,False
2024-04-17 14:00:00,2.23,,1.74,5000.0,5000.0,20.5,264.62,False
2024-09-21 14:00:00,0.0,0.0,2.46,3572.81,5000.0,23.7,0.0,False
2024-08-02 18:00:00,0.0,,41.97,4658.16,5000.0,28.1,0.0,False
2024-09-25 03:00:00,0.0,0.0,2.01,4047.2,5000.0,11.7,0.0,False
2024-09-05 18:00:00,0.0,0.0,37.99,3914.22,5000.0,,0.0,False
2024-04-26 17:00:00,,0.0,2.44,4683.21,5000.0,21.6,0.0,False
2024-09-15 22:00:00,0.0,0.0,2.15,4428.82,5000.0,19.2,0.0,False
2024-04-14 18:00:00,0.0,0.0,40.34,4001.37,5000.0,17.4,0.0,False
2024-04-30 23:00:00,0.0,0.0,2.22,4198.88,5000.0,15.9,0.0,False
2024-05-14 15:00:00,0.0,0.0,2.29,4048.29,5000.0,25.1,0.0,False
2024-06-02 03:00:00,,0.0,2.05,4560.19,5000.0,16.2,0.0,False
2024-09-22 20:00:00,4.76,596.4,49.3,3722.58,5000.0,20.3,0.0,False
2024-04-22 05:00:00,,0.0,1.86,3897.08,5000.0,11.3,0.0,False
2024-05-04 22:00:00,0.0,0.0,1.98,4817.28,5000.0,16.5,0.0,False
2024-07-21 13:00:00,0.0,0.0,2.37,4686.5,5000.0,28.2,0.0,False
2024-09-09 07:00:00,0.0,0.0,,4738.42,5000.0,16.9,0.0,False
2024-10-01 22:00:00,0.0,0.0,2.12,,5000.0,15.4,0.0,False
2024-05-27 20:00:00,0.0,0.0,49.89,4668.3,5000.0,,0.0,False
2024-07-14 01:00:00,0.0,0.0,2.33,4691.34,5000.0,19.8,0.0,False
2024-08-24 09:00:00,0.0,0.0,1.83,2326.78,5000.0,22.1,0.0,False
2024-05-21 14:00:00,0.0,0.0,2.07,4787.26,5000.0,23.6,0.0,False
2024-06-19 04:00:00,,0.0,,4959.22,5000.0,18.4,0.0,False
2024-06-27 15:00:00,0.0,0.0,2.49,4682.21,5000.0,30.6,0.0,False
2024-04-28 11:00:00,0.55,67.1,1.96,4298.44,5000.0,22.9,0.0,False
2024-08-03 00:00:00,0.0,,1.92,4928.09,5000.0,19.6,0.0,False
2024-08-01 07:00:00,0.0,0.0,32.34,4591.01,5000.0,21.5,0.0,False
2024-06-16 22:00:00,0.0,0.0,2.08,4674.58,5000.0,20.2,0.0,False
2024-08-04 06:00:00,0.0,0.0,,4957.95,5000.0,18.9,0.0,False
2024-05-05 14:00:00,,0.0,1.86,4691.28,5000.0,24.0,0.0,False
2024-09-29 22:00:00,0.0,0.0,,2540.32,5000.0,16.6,0.0,False
2024-05-02 00:00:00,0.0,0.0,1.98,4721.29,5000.0,13.6,0.0,False
2024-05-29 15:00:00,0.92,124.37,2.22,5000.0,5000.0,27.1,50.81,False
2024-07-20 16:00:00,3.47,447.83,2.38,5000.0,5000.0,29.7,445.45,False
2024-09-03 01:00:00,0.0,0.0,2.14,4695.18,5000.0,17.5,0.0,False
2024-08-21 02:00:00,0.0,0.0,2.36,3268.44,5000.0,19.3,0.0,False
2024-06-15 10:00:00,0.0,0.0,2.28,3783.9,5000.0,25.4,0.0,False
2024-07-07 17:00:00,0.0,0.0,1.87,4991.07,5000.0,26.1,0.0,False
2024-10-05 16:00:00,0.0,0.0,1.72,1403.47,5000.0,21.4,0.0,False
2024-09-12 14:00:00,0.0,0.0,1.73,4526.42,5000.0,22.5,0.0,False
2024-07-14 15:00:00,0.0,0.0,2.18,4379.75,5000.0,29.6,0.0,False
2024-04-24 02:00:00,2.98,362.48,2.39,,5000.0,11.0,0.0,False
2024-07-16 22:00:00,,0.0,2.13,4903.68,5000.0,21.6,0.0,False
2024-06-28 01:00:00,0.0,0.0,2.0,4504.17,5000.0,18.8,0.0,False
2024-05-07 17:00:00,0.0,0.0,1.75,4791.89,5000.0,22.5,0.0,False
2024-06-24 07:00:00,1.71,212.67,34.77,5000.0,5000.0,20.8,177.9,False
2024-10-05 02:00:00,0.0,0.0,2.33,1528.65,5000.0,,0.0,False
2024-07-03 16:00:00,0.0,0.0,,4873.67,5000.0,28.5,0.0,False
2024-04-10 00:00:00,0.0,,1.88,2249.87,5000.0,,0.0,False
2024-06-25 20:00:00,0.0,0.0,45.04,4867.39,5000.0,26.2,0.0,False
2024-08-23 10:00:00,0.0,,1.94,2626.39,5000.0,22.9,0.0,False
2024-06-27 09:00:00,0.0,0.0,1.83,4695.82,5000.0,24.4,0.0,False
2024-09-09 09:00:00,0.0,0.0,2.28,4706.96,5000.0,20.6,0.0,False
2024-08-04 20:00:00,0.0,0.0,41.54,4570.82,5000.0,24.3,0.0,False
2024-08-28 08:00:00,0.0,0.0,28.01,4908.11,5000.0,20.0,0.0,False
2024-05-22 11:00:00,0.0,0.0,2.5,4484.56,5000.0,24.5,0.0,False
2024-05-31 04:00:00,0.0,0.0,2.35,4441.88,5000.0,17.2,0.0,False
2024-10-01 15:00:00,0.0,0.0,2.27,1901.88,5000.0,25.5,0.0,False
2024-05-20 06:00:00,0.0,0.0,33.16,4421.64,5000.0,13.7,0.0,False
2024-05-01 22:00:00,0.0,0.0,1.72,4724.97,5000.0,16.3,0.0,False
2024-07-07 08:00:00,0.0,0.0,37.4,4223.12,5000.0,20.8,0.0,False
2024-09-07 04:00:00,0.0,0.0,1.94,3264.47,5000.0,18.2,0.0,False
2024-07-07 15:00:00,0.0,0.0,2.37,4995.28,5000.0,,0.0,False
2024-05-23 06:00:00,0.0,0.0,39.53,4682.42,5000.0,20.2,0.0,False
2024-04-11 06:00:00,1.99,249.63,31.13,3232.15,5000.0,,0.0,False
2024-09-03 07:00:00,0.0,0.0,33.65,4616.71,5000.0,19.0,0.0,False
2024-05-24 23:00:00,0.0,0.0,1.72,4069.8,5000.0,18.1,0.0,False
2024-07-31 22:00:00,0.0,0.0,1.82,4677.54,5000.0,22.8,0.0,False
2024-09-03 18:00:00,0.0,0.0,49.03,4341.62,5000.0,26.6,0.0,False
2024-09-16 21:00:00,0.0,0.0,50.07,4095.37,5000.0,20.5,0.0,False
2024-09-21 07:00:00,0.0,,31.08,3801.87,5000.0,14.6,0.0,False
2024-09-07 17:00:00,0.0,0.0,2.45,3267.75,5000.0,27.0,0.0,False
2024-08-25 20:00:00,0.0,0.0,49.6,2536.87,5000.0,24.8,0.0,False
2024-08-31 21:00:00,0.0,0.0,47.67,3416.41,5000.0,22.4,0.0,False
2024-06-27 14:00:00,0.0,0.0,2.26,4684.7,5000.0,29.1,0.0,False
2024-09-06 00:00:00,0.0,0.0,2.21,3761.23,5000.0,15.0,0.0,False
2024-06-26 12:00:00,1.04,130.27,59.89,4952.7,5000.0,29.4,0.0,False
2024-09-11 03:00:00,0.0,0.0,1.8,4810.58,5000.0,15.8,0.0,False
2024-10-02 10:00:00,0.0,0.0,2.09,1915.56,5000.0,17.7,0.0,False
2024-04-13 04:00:00,0.0,0.0,1.71,3582.1,5000.0,8.9,0.0,False
2024-05-08 09:00:00,2.89,383.94,2.23,5000.0,5000.0,19.1,381.71,False
2024-04-16 03:00:00,0.0,0.0,1.94,3372.74,5000.0,10.2,0.0,False
2024-05-02 22:00:00,0.0,0.0,2.4,4827.38,5000.0,17.9,0.0,False
2024-10-04 09:00:00,1.06,137.45,2.0,1478.48,5000.0,,0.0,False
2024-06-17 19:00:00,0.0,0.0,37.47,4290.45,5000.0,26.2,0.0,False
2024-06-10 09:00:00,,0.0,2.02,4596.66,5000.0,21.8,0.0,False
2024-05-21 03:00:00,0.0,,2.18,4821.11,5000.0,16.6,0.0,False
2024-06-03 06:00:00,0.0,0.0,35.53,4563.55,5000.0,18.4,0.0,False
2024-07-26 15:00:00,0.0,0.0,2.36,4532.45,5000.0,30.2,0.0,False
2024-09-21 00:00:00,,112.61,2.33,3873.49,5000.0,13.9,0.0,False
2024-09-09 05:00:00,0.0,0.0,2.3,4798.23,5000.0,15.3,0.0,False
2024-05-11 10:00:00,0.0,0.0,1.75,4874.0,5000.0,20.9,0.0,False
2024-05-17 15:00:00,0.0,0.0,2.11,4988.01,5000.0,25.3,0.0,False
2024-08-26 14:00:00,0.0,0.0,2.08,3235.68,5000.0,25.7,0.0,False
2024-08-01 15:00:00,,0.0,2.24,4784.98,5000.0,26.7,0.0,False
2024-08-28 01:00:00,5.25,733.02,2.14,5000.0,5000.0,16.6,730.88,False
2024-05-02 19:00:00,0.0,0.0,44.21,4913.59,5000.0,19.7,0.0,False
2024-08-12 02:00:00,1.33,160.77,1.76,5000.0,5000.0,17.6,69.06,False
2024-09-27 20:00:00,0.0,0.0,49.75,3214.64,5000.0,17.8,0.0,False
2024-07-15 04:00:00,0.0,0.0,2.14,4182.85,5000.0,18.2,0.0,False
2024-07-14 11:00:00,0.0,0.0,70.96,4505.69,5000.0,25.3,0.0,False
2024-10-07 07:00:00,0.0,0.0,39.9,626.89,5000.0,13.8,0.0,False
2024-05-17 00:00:00,0.0,0.0,1.92,4802.12,5000.0,,0.0,False
2024-07-22 23:00:00,0.5,64.63,,5000.0,5000.0,20.7,18.55,False
2024-04-27 05:00:00,1.58,198.42,,4833.95,5000.0,13.2,0.0,False
2024-08-08 23:00:00,0.0,0.0,,4907.15,5000.0,20.4,0.0,False
2024-08-18 01:00:00,0.0,0.0,2.09,4155.58,5000.0,17.6,0.0,False
2024-08-12 21:00:00,0.0,0.0,46.01,4802.95,5000.0,21.5,0.0,False
2024-08-12 08:00:00,0.0,0.0,29.95,4909.97,5000.0,21.1,0.0,False
2024-08-31 22:00:00,0.0,0.0,2.4,3414.01,5000.0,19.9,0.0,False
2024-05-16 10:00:00,1.09,,2.12,5000.0,5000.0,21.0,136.33,True
2024-05-07 07:00:00,1.05,130.18,36.28,4406.21,5000.0,17.1,0.0,False
2024-09-30 09:00:00,0.0,0.0,2.38,2423.31,5000.0,17.4,0.0,False
2024-05-29 22:00:00,0.0,0.0,1.99,4950.2,5000.0,19.5,0.0,False
2024-05-24 21:00:00,0.0,0.0,43.36,4073.32,5000.0,21.8,0.0,False
2024-09-05 10:00:00,0.0,0.0,2.44,3966.64,5000.0,25.0,0.0,False
2024-04-16 23:00:00,0.0,0.0,1.95,,5000.0,12.6,0.0,False
2024-06-01 22:00:00,0.0,0.0,2.11,4570.13,5000.0,18.7,0.0,False
2024-07-02 16:00:00,0.0,0.0,2.16,4617.55,5000.0,26.9,0.0,False
2024-09-06 17:00:00,0.0,0.0,2.14,3467.24,5000.0,24.6,0.0,False
2024-04-24 22:00:00,1.65,206.32,1.98,3803.8,5000.0,,0.0,False
2024-06-14 20:00:00,0.0,0.0,43.24,3940.32,5000.0,23.4,0.0,False
2024-04-23 13:00:00,0.0,0.0,2.29,3461.23,5000.0,21.6,0.0,False
2024-04-24 00:00:00,0.0,0.0,1.97,3275.66,5000.0,13.6,0.0,False
2024-07-09 13:00:00,0.0,0.0,2.07,4991.55,5000.0,28.1,0.0,False
2024-05-28 05:00:00,0.0,0.0,2.01,4601.83,5000.0,17.5,0.0,False
2024-09-17 20:00:00,,0.0,51.64,4444.86,5000.0,18.3,0.0,False
2024-06-23 18:00:00,0.0,0.0,43.35,4954.53,5000.0,26.9,0.0,False
2024-04-15 17:00:00,0.0,0.0,2.31,3566.77,5000.0,19.2,0.0,False
2024-05-06 01:00:00,0.0,0.0,2.3,4593.36,5000.0,13.8,0.0,False
2024-06-03 17:00:00,0.0,0.0,2.34,4482.91,5000.0,24.8,0.0,False
2024-04-28 13:00:00,0.53,68.8,1.73,,5000.0,21.0,0.0,False
2024-09-25 11:00:00,0.0,0.0,2.07,3942.49,5000.0,19.4,0.0,False
2024-04-28 01:00:00,0.0,0.0,1.85,4351.55,5000.0,12.8,0.0,False
2024-05-07 11:00:00,0.0,0.0,2.22,4435.45,5000.0,21.5,0.0,False
2024-09-16 23:00:00,0.0,0.0,2.3,4091.11,5000.0,14.8,0.0,False
2024-05-22 01:00:00,0.0,0.0,1.95,4604.05,5000.0,18.8,0.0,False
2024-07-31 14:00:00,0.0,0.0,2.33,4878.89,5000.0,28.0,0.0,False
2024-05-08 14:00:00,0.0,0.0,2.01,4989.92,5000.0,23.2,0.0,False
2024-07-25 18:00:00,0.0,0.0,50.32,4947.57,5000.0,28.4,0.0,False
2024-08-07 17:00:00,2.63,315.9,1.82,5000.0,5000.0,26.1,253.17,False
2024-09-18 15:00:00,0.0,0.0,2.15,4083.23,5000.0,23.4,0.0,False
2024-08-03 18:00:00,0.0,0.0,41.32,4950.41,5000.0,26.0,0.0,False
2024-06-16 13:00:00,0.0,0.0,2.2,4868.25,5000.0,24.8,0.0,False
2024-05-25 13:00:00,0.0,0.0,1.78,4646.44,5000.0,24.5,0.0,False
2024-06-18 11:00:00,0.0,0.0,1.92,4814.94,5000.0,,0.0,False
2024-05-12 11:00:00,0.0,0.0,68.87,4823.97,5000.0,20.4,0.0,False
2024-05-25 02:00:00,0.0,0.0,2.43,4062.47,5000.0,19.2,0.0,False
2024-08-21 00:00:00,0.0,0.0,1.9,3272.67,5000.0,21.3,0.0,False
2024-07-13 13:00:00,0.0,,1.81,4878.85,5000.0,27.4,0.0,False
2024-06-26 08:00:00,0.0,0.0,,4712.1,5000.0,23.3,0.0,False
2024-05-29 11:00:00,0.0,0.0,1.83,4670.48,5000.0,23.3,0.0,False
2024-09-23 04:00:00,0.0,0.0,1.76,,5000.0,11.9,0.0,False
2024-08-17 02:00:00,0.0,0.0,2.43,4178.57,5000.0,17.5,0.0,False
2024-04-23 17:00:00,0.0,0.0,2.0,,5000.0,21.9,0.0,False
2024-08-17 06:00:00,0.0,0.0,34.59,4137.1,5000.0,18.2,0.0,False
2024-09-16 09:00:00,0.0,0.0,1.89,4303.65,5000.0,16.7,0.0,False
2024-08-20 02:00:00,0.0,22576.291539704933,2.46,3570.12,5000.0,19.7,0.0,True
2024-05-07 13:00:00,0.0,0.0,1.88,4800.24,5000.0,24.2,0.0,False
2024-09-27 11:00:00,0.0,24386.481175040437,49.94,3485.15,5000.0,18.2,0.0,True
2024-04-22 19:00:00,0.0,0.0,45.53,3686.52,5000.0,18.5,0.0,False
2024-05-22 23:00:00,0.0,0.0,1.99,4287.82,5000.0,19.1,0.0,False
2024-05-12 03:00:00,0.7,90.39,2.41,5000.0,5000.0,16.6,87.98,False
2024-05-20 10:00:00,0.0,0.0,2.15,4353.47,5000.0,21.7,0.0,False
2024-06-06 22:00:00,0.0,0.0,1.93,4534.49,5000.0,18.6,0.0,False
2024-10-02 11:00:00,0.0,0.0,2.02,1913.54,5000.0,18.9,0.0,False
2024-06-01 02:00:00,0.0,0.0,1.82,4856.02,5000.0,18.7,0.0,False
2024-09-01 01:00:00,0.0,0.0,2.1,3407.42,5000.0,15.0,0.0,False
2024-08-10 15:00:00,0.0,0.0,1.76,4709.66,5000.0,31.2,0.0,False
2024-09-26 23:00:00,0.0,,2.41,3641.0,5000.0,14.8,0.0,False
2024-07-04 02:00:00,0.0,0.0,,4825.29,5000.0,20.3,0.0,False
2024-07-10 13:00:00,3.71,449.18,2.29,5000.0,5000.0,27.9,446.89,False
2024-08-24 01:00:00,0.0,0.0,2.35,2433.02,5000.0,16.4,0.0,False
2024-07-02 21:00:00,0.0,0.0,38.61,4449.68,5000.0,23.4,0.0,False
2024-07-13 08:00:00,0.0,0.0,30.72,4888.37,5000.0,24.0,0.0,False
2024-04-29 11:00:00,0.0,0.0,2.09,4893.39,5000.0,20.6,0.0,False
2024-05-29 03:00:00,0.0,0.0,1.91,4778.71,5000.0,15.9,0.0,False
2024-05-04 14:00:00,0.0,0.0,2.14,4993.5,5000.0,24.9,0.0,False
2024-07-17 00:00:00,0.0,0.0,1.76,4899.86,5000.0,21.8,0.0,False
2024-07-31 08:00:00,0.0,0.0,37.69,4891.13,5000.0,22.3,0.0,False
2024-09-08 09:00:00,2.57,325.54,2.05,4203.04,5000.0,21.8,0.0,False
2024-05-08 23:00:00,0.0,0.0,1.85,4913.58,5000.0,16.5,0.0,False
2024-05-24 18:00:00,0.0,0.0,51.22,4197.19,5000.0,24.7,0.0,False
2024-08-04 07:00:00,0.0,0.0,34.66,4923.29,5000.0,22.2,0.0,False
2024-07-08 21:00:00,0.0,0.0,45.52,4820.99,5000.0,21.9,0.0,False
2024-07-16 20:00:00,0.0,0.0,50.47,4949.53,5000.0,27.0,0.0,False
2024-08-07 18:00:00,2.98,374.81,49.21,5000.0,5000.0,26.9,325.6,False
2024-07-03 00:00:00,1.82,219.16,2.32,5000.0,5000.0,20.8,216.84,False
2024-04-10 16:00:00,0.0,0.0,2.2,2131.98,5000.0,19.7,0.0,False
2024-10-04 17:00:00,0.0,0.0,1.83,1721.79,5000.0,22.3,0.0,False
2024-09-08 19:00:00,0.0,0.0,46.61,4900.45,5000.0,22.4,0.0,False
2024-05-22 22:00:00,0.0,0.0,2.23,4289.81,5000.0,19.5,0.0,False
2024-10-04 21:00:00,0.0,0.0,47.25,1539.9,5000.0,15.7,0.0,False
2024-05-04 02:00:00,0.0,0.0,2.12,4541.63,5000.0,,0.0,False
2024-08-05 09:00:00,0.0,0.0,1.77,4403.77,5000.0,23.2,0.0,False
2024-08-09 06:00:00,0.0,0.0,36.75,4857.92,5000.0,18.2,0.0,False
2024-07-13 12:00:00,0.0,,2.12,4880.66,5000.0,28.6,0.0,False
2024-04-22 22:00:00,0.0,0.0,1.99,3595.65,5000.0,15.5,0.0,False
2024-09-08 23:00:00,0.0,0.0,1.74,4811.11,5000.0,19.4,0.0,False
2024-04-27 16:00:00,0.0,0.0,1.87,4536.25,5000.0,19.4,0.0,False
2024-07-28 09:00:00,0.0,0.0,1.99,3916.74,5000.0,25.3,0.0,False
2024-08-20 03:00:00,0.0,0.0,1.98,3568.14,5000.0,17.0,0.0,False
2024-04-27 21:00:00,0.0,0.0,38.87,4359.38,5000.0,19.8,0.0,False
2024-06-30 04:00:00,0.0,0.0,2.26,4830.81,5000.0,19.8,0.0,False
2024-08-02 15:00:00,0.0,0.0,2.11,4704.04,5000.0,26.5,0.0,False
2024-09-18 17:00:00,0.0,0.0,1.77,4079.45,5000.0,23.5,0.0,False
2024-07-12 00:00:00,2.83,329.47,1.91,5000.0,5000.0,20.4,144.85,False
2024-06-24 01:00:00,0.0,0.0,1.77,4822.41,5000.0,18.7,0.0,False
2024-09-18 20:00:00,1.06,140.39,38.63,4086.64,5000.0,21.5,0.0,False
2024-10-03 18:00:00,0.0,0.0,45.2,1358.63,5000.0,19.3,0.0,False
2024-09-15 18:00:00,0.0,0.0,42.4,4575.1,5000.0,21.8,0.0,False
2024-07-19 00:00:00,0.0,0.0,2.09,4821.83,5000.0,21.3,0.0,False
2024-08-31 15:00:00,0.0,0.0,1.84,3608.42,5000.0,25.7,0.0,False
2024-06-12 19:00:00,0.0,0.0,50.63,4771.01,5000.0,25.4,0.0,False
2024-08-01 14:00:00,0.0,0.0,2.5,4787.22,5000.0,28.3,0.0,False
2024-08-31 06:00:00,0.0,0.0,32.93,3883.93,5000.0,16.2,0.0,False
2024-07-05 12:00:00,0.0,0.0,,4882.57,5000.0,,0.0,False
2024-09-13 09:00:00,0.0,0.0,1.73,4436.08,5000.0,17.0,0.0,False
2024-08-06 05:00:00,0.0,0.0,2.1,4360.16,5000.0,20.8,0.0,False
2024-05-22 09:00:00,0.0,,1.74,4489.19,5000.0,19.8,0.0,False
2024-08-22 06:00:00,0.0,0.0,35.21,3193.27,5000.0,18.9,0.0,False
2024-04-15 08:00:00,0.0,0.0,32.53,3761.82,5000.0,14.7,0.0,False
2024-05-09 04:00:00,0.0,0.0,1.93,4903.02,5000.0,12.0,0.0,False
2024-09-10 12:00:00,3.09,417.62,2.13,4650.45,5000.0,23.3,0.0,False
2024-07-20 03:00:00,0.0,0.0,2.0,4682.07,5000.0,19.1,0.0,False
2024-06-04 10:00:00,,0.0,2.37,4207.47,5000.0,22.7,0.0,False
2024-07-25 14:00:00,0.0,0.0,,4867.69,5000.0,28.3,0.0,False
2024-09-20 15:00:00,0.0,0.0,2.45,3593.94,5000.0,21.5,0.0,False
2024-09-24 10:00:00,0.0,0.0,2.36,4409.62,5000.0,18.8,0.0,False
2024-05-17 23:00:00,0.0,0.0,1.97,4803.14,5000.0,17.0,0.0,False
2024-09-04 20:00:00,0.0,0.0,38.42,3945.66,5000.0,20.8,0.0,False
2024-09-22 15:00:00,0.0,,1.98,3269.52,5000.0,21.4,0.0,False
2024-08-09 20:00:00,0.0,0.0,52.0,4846.95,5000.0,25.2,0.0,False
2024-04-21 01:00:00,0.0,0.0,1.8,4382.04,5000.0,12.8,0.0,False
2024-09-05 20:00:00,0.0,0.0,49.49,3815.02,5000.0,21.4,0.0,False
2024-07-24 13:00:00,0.0,0.0,1.72,4989.79,5000.0,27.2,0.0,False
2024-06-24 09:00:00,1.97,266.13,2.24,5000.0,5000.0,22.4,263.89,False
2024-05-31 23:00:00,0.0,0.0,2.1,4861.84,5000.0,16.3,0.0,False
2024-06-22 13:00:00,3.66,460.9,2.06,5000.0,5000.0,25.4,451.98,False
2024-06-17 14:00:00,0.0,0.0,,5881.042751823266,5000.0,27.2,0.0,True
2024-08-20 05:00:00,0.0,0.0,2.26,3563.84,5000.0,18.0,0.0,False
2024-09-27 04:00:00,0.0,0.0,1.99,3630.44,5000.0,12.6,0.0,False
2024-05-07 03:00:00,0.0,0.0,2.15,4348.93,5000.0,,0.0,False
2024-07-19 04:00:00,0.8,103.04,1.92,4916.86,5000.0,19.4,0.0,False
2024-07-26 21:00:00,0.0,0.0,52.1,4336.31,5000.0,24.1,0.0,False
2024-08-27 19:00:00,0.0,0.0,52.0,4948.0,5000.0,24.7,0.0,False
2024-09-09 17:00:00,0.0,0.0,,4532.21,5000.0,23.8,0.0,False
2024-06-22 15:00:00,2.9,365.85,2.0,5000.0,5000.0,27.7,363.85,False
2024-05-27 22:00:00,0.0,0.0,2.04,4616.53,5000.0,18.9,0.0,False
2024-07-24 23:00:00,0.0,0.0,2.1,4792.18,5000.0,20.9,0.0,False
2024-09-27 19:00:00,0.0,0.0,48.92,3264.39,5000.0,18.1,0.0,False
2024-08-26 23:00:00,0.0,0.0,1.9,3056.01,5000.0,17.6,0.0,False
2024-09-20 16:00:00,0.0,0.0,2.21,3591.73,5000.0,22.4,0.0,False
2024-06-13 05:00:00,0.0,0.0,1.71,4667.61,5000.0,15.6,0.0,False
2024-06-07 05:00:00,0.0,0.0,2.44,,5000.0,18.1,0.0,False
2024-09-21 12:00:00,0.0,0.0,66.32,3631.57,5000.0,22.2,0.0,False
2024-09-28 19:00:00,0.0,0.0,47.26,2933.4,5000.0,20.9,0.0,False
2024-05-09 02:00:00,0.0,0.0,2.17,4906.94,5000.0,15.0,0.0,False
2024-05-28 23:00:00,0.0,0.0,1.79,4787.04,5000.0,20.2,0.0,False
2024-08-16 04:00:00,0.0,0.0,2.17,4665.33,5000.0,18.5,0.0,False
2024-09-13 05:00:00,0.0,0.0,1.97,4532.56,5000.0,14.4,0.0,False
2024-09-24 09:00:00,0.0,0.0,2.01,4411.98,5000.0,18.1,0.0,False
2024-06-22 02:00:00,0.0,0.0,2.18,4102.53,5000.0,19.9,0.0,False
2024-04-13 12:00:00,0.0,0.0,2.41,3474.4,5000.0,18.4,0.0,False
2024-08-26 12:00:00,0.0,0.0,2.44,3239.72,5000.0,23.7,0.0,False
2024-08-14 16:00:00,0.0,0.0,1.74,4857.6,5000.0,27.1,0.0,False
2024-05-30 19:00:00,0.0,0.0,42.89,4551.57,5000.0,23.0,0.0,False
2024-08-22 00:00:00,0.0,0.0,2.47,3239.2,5000.0,,0.0,False
2024-04-22 02:00:00,0.0,0.0,2.07,3903.27,5000.0,11.4,0.0,False
2024-05-05 10:00:00,0.0,0.0,2.45,4699.09,5000.0,19.5,0.0,False
2024-07-07 18:00:00,0.0,0.0,46.33,4944.74,5000.0,27.6,0.0,False
2024-05-16 23:00:00,0.0,0.0,1.97,4804.04,5000.0,17.1,0.0,False
2024-08-17 00:00:00,0.0,0.0,2.01,4183.3,5000.0,20.5,0.0,False
2024-07-05 23:00:00,0.0,0.0,1.86,4629.7,5000.0,21.3,0.0,False
2024-05-19 03:00:00,0.0,0.0,2.38,4547.96,5000.0,14.2,0.0,False
2024-06-05 06:00:00,0.0,0.0,36.45,3948.06,5000.0,20.1,0.0,False
2024-08-11 08:00:00,0.0,0.0,,4392.09,5000.0,24.3,0.0,False
2024-05-18 19:00:00,0.0,0.0,36.41,4639.67,5000.0,24.0,0.0,False
2024-09-10 05:00:00,0.0,0.0,2.11,4332.16,5000.0,17.3,0.0,False
2024-04-14 16:00:00,1.54,188.34,2.2,3729.48,5000.0,19.8,0.0,False
2024-04-22 16:00:00,0.0,0.0,2.04,,5000.0,19.2,0.0,False
2024-09-28 13:00:00,0.0,0.0,1.96,3038.67,5000.0,19.5,0.0,False
2024-04-20 04:00:00,0.0,,2.3,4686.8,5000.0,11.3,0.0,False
2024-08-24 19:00:00,0.0,0.0,44.44,2213.83,5000.0,23.4,0.0,False
2024-05-21 01:00:00,0.0,,2.37,4825.54,5000.0,17.0,0.0,False
2024-05-13 06:00:00,0.0,0.0,36.92,4445.11,5000.0,17.3,0.0,False
2024-04-14 03:00:00,0.0,0.0,1.8,3270.71,5000.0,6.1,0.0,False
2024-07-20 08:00:00,0.0,0.0,34.23,4577.6,5000.0,23.9,0.0,False
2024-04-19 15:00:00,0.0,0.0,2.39,4895.01,5000.0,19.4,0.0,False
2024-08-06 16:00:00,1.67,,1.98,5000.0,5000.0,27.6,206.55,False
2024-09-06 02:00:00,0.0,0.0,1.86,,5000.0,15.3,0.0,False
2024-07-06 03:00:00,0.0,0.0,2.47,4621.1,5000.0,18.4,0.0,False
2024-06-05 12:00:00,0.0,0.0,52.02,3762.65,5000.0,25.9,0.0,False
2024-08-10 03:00:00,1.35,164.23,1.99,5000.0,5000.0,17.4,162.24,False
2024-08-19 06:00:00,0.0,0.0,36.15,4001.27,5000.0,18.4,0.0,False
2024-07-25 04:00:00,0.33,42.23,1.85,4992.76,5000.0,19.3,0.0,False
2024-05-29 09:00:00,0.0,0.0,2.06,4674.16,5000.0,21.5,0.0,False
2024-04-22 08:00:00,0.0,0.0,33.34,3797.5,5000.0,12.8,0.0,False
2024-06-08 21:00:00,0.0,0.0,46.22,4317.19,5000.0,23.5,0.0,False
2024-08-30 18:00:00,0.0,0.0,44.04,4057.52,5000.0,25.3,0.0,False
2024-05-19 11:00:00,0.0,0.0,,4652.83,5000.0,21.6,0.0,False
2024-07-18 15:00:00,0.0,0.0,2.13,4985.29,5000.0,29.1,0.0,False
2024-07-05 13:00:00,0.0,0.0,53.67,4828.9,5000.0,28.9,0.0,False
2024-06-23 15:00:00,2.31,315.31,1.78,5000.0,5000.0,,313.53,False
2024-09-22 10:00:00,0.0,0.0,2.05,3280.35,5000.0,19.8,0.0,False
2024-09-02 12:00:00,0.0,0.0,2.05,4881.37,5000.0,22.7,0.0,False
2024-04-18 05:00:00,0.0,0.0,1.77,4989.57,5000.0,11.1,0.0,False
2024-05-31 01:00:00,0.0,0.0,2.04,4448.08,5000.0,17.4,0.0,False
2024-09-20 04:00:00,0.0,0.0,,3703.6,5000.0,12.3,0.0,False
2024-06-13 07:00:00,0.0,0.0,33.24,4601.51,5000.0,,0.0,False
2024-06-06 21:00:00,0.0,0.0,43.29,4536.42,5000.0,24.7,0.0,False
2024-05-26 18:00:00,0.0,0.0,46.21,4292.25,5000.0,,0.0,False
2024-08-07 19:00:00,2.08,,38.82,5000.0,5000.0,25.3,241.19,False
2024-05-07 18:00:00,,0.0,43.14,4748.75,5000.0,22.3,0.0,False
2024-05-24 07:00:00,0.0,0.0,37.74,4487.23,5000.0,17.7,0.0,False
2024-06-30 11:00:00,0.0,0.0,2.0,4714.31,5000.0,25.2,0.0,False
2024-05-01 00:00:00,0.0,0.0,1.85,4197.03,5000.0,15.9,0.0,False
2024-04-22 15:00:00,0.0,0.0,2.04,3782.58,5000.0,20.5,0.0,False
2024-04-26 09:00:00,0.0,0.0,2.3,4701.34,5000.0,15.4,0.0,False
2024-04-16 22:00:00,4.0,497.52,2.2,5000.0,5000.0,15.3,495.32,False
2024-08-31 10:00:00,0.0,,2.14,3815.5,5000.0,21.6,0.0,False
2024-07-23 01:00:00,0.0,0.0,1.95,4996.16,5000.0,19.0,0.0,False
2024-08-29 22:00:00,0.0,0.0,1.84,4228.7,5000.0,21.0,0.0,False
2024-10-02 13:00:00,0.0,0.0,1.8,1909.55,5000.0,,0.0,False
2024-06-11 16:00:00,0.0,0.0,2.11,4869.83,5000.0,27.0,0.0,False
2024-07-24 05:00:00,0.0,0.0,2.43,4499.09,5000.0,20.9,0.0,False
2024-06-25 11:00:00,0.0,0.0,2.38,4997.62,5000.0,24.3,0.0,False
2024-05-01 03:00:00,2.56,365.04,1.79,4556.28,5000.0,13.3,0.0,False
2024-04-17 17:00:00,0.0,0.0,2.37,4997.63,5000.0,18.5,0.0,False
2024-07-10 23:00:00,0.0,0.0,2.06,4811.88,5000.0,18.4,0.0,False
2024-08-05 16:00:00,0.0,0.0,1.86,4552.72,5000.0,27.6,0.0,False
2024-04-21 07:00:00,,0.0,32.86,4308.34,5000.0,14.6,0.0,False
2024-07-14 04:00:00,0.0,0.0,2.09,4685.06,5000.0,18.1,0.0,False
2024-09-22 21:00:00,4.67,584.54,51.8,4255.32,5000.0,18.9,0.0,False
2024-06-16 19:00:00,0.0,0.0,45.81,4763.64,5000.0,25.6,0.0,False
2024-09-28 09:00:00,0.0,0.0,2.18,3046.72,5000.0,,0.0,False
2024-07-10 03:00:00,0.0,0.0,2.27,4802.18,5000.0,18.7,0.0,False
2024-05-06 04:00:00,0.0,0.0,1.96,4587.13,5000.0,12.9,0.0,False
2024-08-06 12:00:00,2.0,258.31,2.0,4512.62,5000.0,26.6,0.0,False
2024-05-10 05:00:00,0.0,0.0,2.0,4886.71,5000.0,14.0,0.0,False
2024-09-04 00:00:00,0.0,0.0,2.36,4202.72,5000.0,16.9,0.0,False
2024-07-10 06:00:00,,0.0,38.11,4759.98,5000.0,21.8,0.0,False
2024-08-17 05:00:00,0.0,0.0,2.17,4171.69,5000.0,,0.0,False
2024-05-30 10:00:00,0.0,0.0,2.41,4829.96,5000.0,23.2,0.0,False
2024-07-06 13:00:00,0.0,0.0,2.01,4503.0,5000.0,28.6,0.0,False
2024-06-30 15:00:00,0.0,0.0,2.29,4705.31,5000.0,31.3,0.0,False
2024-10-03 23:00:00,0.0,0.0,2.47,1229.8,5000.0,13.8,0.0,False
2024-09-05 03:00:00,0.0,0.0,2.39,4080.62,5000.0,15.2,0.0,False
2024-04-19 08:00:00,0.0,0.0,33.65,4909.44,5000.0,13.9,0.0,False
2024-09-09 19:00:00,0.0,0.0,45.8,4434.98,5000.0,21.8,0.0,False
2024-08-09 00:00:00,0.0,0.0,2.37,4904.78,5000.0,16.4,0.0,False
2024-06-09 14:00:00,0.0,0.0,2.22,4883.81,5000.0,28.2,0.0,False
2024-06-18 21:00:00,0.0,0.0,36.72,4825.27,5000.0,22.6,0.0,False
2024-09-15 12:00:00,0.0,0.0,,4678.46,5000.0,22.1,0.0,False
2024-05-11 19:00:00,0.0,0.0,52.45,4756.94,5000.0,22.3,0.0,False
2024-05-02 04:00:00,-1.142651846689385,0.0,2.4,4712.06,5000.0,12.5,0.0,True
2024-05-01 12:00:00,0.0,,2.21,4917.13,5000.0,22.3,0.0,False
2024-04-18 23:00:00,0.0,0.0,1.97,4521.35,5000.0,15.7,0.0,False
2024-05-12 19:00:00,0.0,0.0,46.46,4598.71,5000.0,21.5,0.0,False
2024-06-14 19:00:00,0.0,0.0,36.55,3983.56,5000.0,23.9,0.0,False
2024-08-31 11:00:00,0.0,0.0,65.7,3749.8,5000.0,24.3,0.0,False
2024-05-30 02:00:00,0.0,0.0,,4942.39,5000.0,15.8,0.0,False
2024-06-05 11:00:00,0.0,0.0,64.62,3814.67,5000.0,27.6,0.0,False
2024-10-03 21:00:00,0.0,0.0,44.08,1234.1,5000.0,14.9,0.0,False
2024-05-19 08:00:00,0.0,0.0,33.97,4658.67,5000.0,18.8,0.0,False
2024-05-08 05:00:00,2.26,284.65,1.84,4883.89,5000.0,14.6,0.0,False
2024-09-28 07:00:00,0.0,0.0,34.92,3080.69,5000.0,13.1,0.0,False
2024-05-25 17:00:00,0.0,0.0,2.14,4638.24,5000.0,24.9,0.0,False
2024-05-16 15:00:00,,0.0,2.22,4989.3,5000.0,25.6,0.0,False
2024-08-14 19:00:00,0.7,98.93,43.75,4872.84,5000.0,25.1,0.0,False
2024-07-31 18:00:00,0.0,0.0,42.8,4829.82,5000.0,27.1,0.0,False
2024-07-29 16:00:00,0.0,0.0,2.31,4367.09,5000.0,26.9,0.0,False
2024-06-15 23:00:00,2.6,346.51,1.98,4850.4,5000.0,21.0,0.0,False
2024-05-29 21:00:00,0.0,0.0,47.81,4952.19,5000.0,20.7,0.0,False
2024-06-13 00:00:00,0.0,0.0,1.91,4678.14,5000.0,20.9,0.0,False
2024-05-01 05:00:00,2.1,264.5,2.29,4994.78,5000.0,11.6,0.0,False
2024-09-26 17:00:00,0.0,0.0,2.36,3811.02,5000.0,21.1,0.0,False
2024-06-21 14:00:00,0.0,0.0,1.97,4294.78,5000.0,31.0,0.0,False
2024-08-13 01:00:00,0.0,0.0,2.24,4794.18,5000.0,20.1,0.0,False
2024-05-24 20:00:00,0.0,0.0,41.89,4116.68,5000.0,21.4,0.0,False
2024-04-12 20:00:00,0.0,0.0,50.47,,5000.0,17.4,0.0,False
2024-05-06 17:00:00,0.0,0.0,2.21,4544.71,5000.0,,0.0,False
2024-04-19 02:00:00,2.18,254.16,2.37,5000.0,5000.0,11.4,48.58,False
2024-09-12 23:00:00,0.0,0.0,1.99,4544.08,5000.0,17.3,0.0,False
2024-08-07 10:00:00,5.62,755.01,2.22,5000.0,5000.0,23.6,752.79,False
2024-09-23 06:00:00,0.0,0.0,37.26,4799.58,5000.0,14.5,0.0,False
2024-05-03 11:00:00,0.0,0.0,52.84,4845.74,5000.0,20.4,0.0,False
2024-08-16 20:00:00,0.0,0.0,47.72,4241.83,5000.0,24.0,0.0,False
2024-06-19 21:00:00,0.0,0.0,42.03,4913.52,5000.0,23.5,0.0,False
2024-07-05 16:00:00,0.0,0.0,1.83,4823.4,5000.0,29.2,0.0,False
2024-09-01 22:00:00,5.53,673.65,2.41,5000.0,5000.0,22.3,374.81,False
2024-08-12 11:00:00,1.8,220.87,1.99,5000.0,5000.0,24.5,218.88,False
2024-04-12 09:00:00,0.0,0.0,2.13,3977.15,5000.0,13.6,0.0,False
2024-06-12 06:00:00,0.0,0.0,39.89,4955.9,5000.0,18.9,0.0,False
2024-06-16 21:00:00,,0.0,38.69,4676.66,5000.0,21.4,0.0,False
2024-08-09 14:00:00,4.42,512.84,1.91,5000.0,5000.0,31.3,510.93,False
2024-08-26 15:00:00,0.0,0.0,2.17,3233.51,5000.0,27.0,0.0,False
2024-05-11 18:00:00,0.0,0.0,49.58,4809.39,5000.0,22.8,0.0,False
2024-08-13 09:00:00,0.0,0.0,2.27,4688.19,5000.0,23.7,0.0,False
2024-10-04 08:00:00,0.89,110.96,39.3,1343.03,5000.0,15.3,0.0,False
2024-06-03 10:00:00,0.0,0.0,2.41,4497.25,5000.0,21.1,0.0,False
2024-04-19 13:00:00,0.0,,2.24,4899.14,5000.0,19.6,0.0,False
2024-08-31 18:00:00,,,51.36,3552.52,5000.0,23.9,0.0,False
2024-06-29 22:00:00,0.0,0.0,2.44,4843.53,5000.0,21.7,0.0,False
2024-05-29 00:00:00,0.0,0.0,1.93,4785.11,5000.0,18.0,0.0,False
2024-04-19 07:00:00,0.0,0.0,27.25,4943.09,5000.0,13.5,0.0,False
2024-06-12 08:00:00,0.0,0.0,,4892.75,5000.0,22.6,0.0,False
2024-09-14 17:00:00,1.46,198.74,,5000.0,5000.0,23.0,196.53,False
2024-04-14 22:00:00,0.0,0.0,2.06,3873.05,5000.0,12.7,0.0,False
2024-05-03 05:00:00,0.0,0.0,2.13,4996.09,5000.0,12.6,0.0,False
2024-08-11 20:00:00,0.0,0.0,38.81,4961.19,5000.0,23.5,0.0,False
2024-04-26 06:00:00,0.0,0.0,31.02,4768.19,5000.0,12.0,0.0,False
2024-05-23 18:00:00,0.0,0.0,36.72,4711.76,5000.0,25.2,0.0,False
2024-08-05 18:00:00,0.0,0.0,48.52,4501.93,5000.0,24.8,0.0,False
2024-06-28 07:00:00,0.0,0.0,31.4,4434.5,5000.0,20.1,0.0,False
2024-08-19 10:00:00,0.0,0.0,2.18,,5000.0,23.4,0.0,False
2024-07-07 21:00:00,0.0,0.0,40.26,4807.84,5000.0,24.0,0.0,False
2024-05-03 08:00:00,0.0,0.0,28.61,4902.9,5000.0,17.9,0.0,False
2024-05-10 13:00:00,0.0,0.0,1.86,4777.47,5000.0,21.2,0.0,False
2024-09-04 21:00:00,0.0,0.0,,3899.9,5000.0,19.5,0.0,False
2024-07-26 08:00:00,0.0,0.0,28.62,4716.62,5000.0,21.8,0.0,False
2024-10-02 16:00:00,0.0,0.0,1.84,1903.94,5000.0,,0.0,False
2024-07-02 02:00:00,0.74,96.24,,4834.3,5000.0,,0.0,False
2024-07-26 14:00:00,0.0,0.0,2.11,4534.81,5000.0,29.4,0.0,False
2024-10-06 18:00:00,0.0,0.0,50.95,,5000.0,20.7,0.0,False
2024-05-05 22:00:00,0.23,27.14,2.49,4536.65,5000.0,17.0,0.0,False
2024-09-08 18:00:00,0.0,0.0,46.79,4947.06,5000.0,24.5,0.0,False
2024-07-08 15:00:00,2.82,372.45,1.74,5000.0,5000.0,28.3,370.71,False
2024-07-10 18:00:00,0.0,0.0,50.08,4945.27,5000.0,28.1,0.0,False
2024-08-30 01:00:00,0.0,0.0,2.0,4222.19,5000.0,,0.0,False
2024-06-24 18:00:00,4.52,590.88,43.51,5000.0,5000.0,26.5,530.24,False
2024-08-14 22:00:00,0.59,74.23,2.15,5000.0,5000.0,23.0,12.27,False
2024-06-26 20:00:00,,0.0,,4853.6,5000.0,24.9,0.0,False
2024-05-26 17:00:00,0.0,0.0,2.12,4338.46,5000.0,26.9,0.0,False
2024-08-03 19:00:00,0.0,0.0,39.75,4910.66,5000.0,26.1,0.0,False
2024-05-08 15:00:00,0.0,0.0,2.34,4987.58,5000.0,24.3,0.0,False
2024-09-29 13:00:00,0.0,0.0,2.18,2728.24,5000.0,22.6,0.0,False
2024-04-26 13:00:00,,0.0,2.3,4692.52,5000.0,20.8,0.0,False
2024-07-10 15:00:00,5.92,770.5,2.16,5000.0,5000.0,27.7,768.34,False
2024-04-23 16:00:00,0.0,0.0,2.49,3454.33,5000.0,20.7,0.0,False
2024-06-13 17:00:00,0.0,0.0,1.74,4550.16,5000.0,28.2,0.0,False
2024-09-09 10:00:00,0.0,0.0,2.21,4704.75,5000.0,23.9,0.0,False
2024-08-18 23:00:00,0.0,0.0,2.12,3852.75,5000.0,20.9,0.0,False
2024-07-22 08:00:00,0.0,0.0,27.32,4724.89,5000.0,27.6,0.0,False
2024-05-21 10:00:00,0.0,0.0,1.99,4967.85,5000.0,19.6,0.0,False
2024-05-01 11:00:00,0.0,0.0,1.78,4919.34,5000.0,20.0,0.0,False
2024-05-01 17:00:00,0.0,0.0,1.8,4907.0,5000.0,22.8,0.0,False
2024-09-24 01:00:00,0.0,0.0,2.15,4533.08,5000.0,12.6,0.0,False
2024-05-27 06:00:00,,501.07,31.66,5000.0,5000.0,17.5,469.41,False
2024-07-17 23:00:00,0.0,0.0,2.04,4953.14,5000.0,22.0,0.0,False
2024-08-13 03:00:00,0.0,0.0,1.91,4790.28,5000.0,18.4,0.0,False
2024-04-10 10:00:00,0.0,0.0,1.89,2143.76,5000.0,14.7,0.0,False
2024-05-13 05:00:00,0.0,0.0,,4482.03,5000.0,14.9,0.0,False
2024-07-06 09:00:00,0.0,0.0,1.88,4510.85,5000.0,22.2,0.0,False
2024-07-29 21:00:00,0.0,0.0,49.29,4183.44,5000.0,23.4,0.0,False
2024-06-07 04:00:00,0.0,0.0,2.32,4520.87,5000.0,18.3,0.0,False
2024-09-21 20:00:00,0.0,0.0,41.89,3441.87,5000.0,19.4,0.0,False
2024-08-10 18:00:00,0.0,0.0,41.73,4663.52,5000.0,26.7,0.0,False
2024-10-01 06:00:00,0.0,0.0,33.55,1982.78,5000.0,11.9,0.0,False
2024-06-14 16:00:00,0.0,0.0,1.92,4070.14,5000.0,28.5,0.0,False
2024-09-23 20:00:00,0.0,0.0,35.74,4587.49,5000.0,17.6,0.0,False
2024-09-07 06:00:00,0.0,0.0,31.1,3230.97,5000.0,15.7,0.0,False
2024-06-12 22:00:00,0.0,0.0,1.72,4682.54,5000.0,21.5,0.0,False
2024-04-27 10:00:00,0.0,0.0,1.72,4731.63,5000.0,17.7,0.0,False
2024-07-05 04:00:00,1.5,,1.97,5000.0,5000.0,,180.53,False
2024-08-06 13:00:00,2.94,376.91,1.92,4887.61,5000.0,28.3,0.0,False
2024-09-25 21:00:00,0.0,0.0,44.9,3763.7,5000.0,17.6,0.0,False
2024-06-26 14:00:00,1.4,168.82,2.21,5000.0,5000.0,25.6,166.61,False
2024-06-11 12:00:00,0.94,115.16,63.66,4492.09,5000.0,26.0,0.0,False
2024-09-09 11:00:00,0.0,0.0,50.04,4654.71,5000.0,22.9,0.0,False
2024-07-03 15:00:00,0.0,0.0,2.2,4875.85,5000.0,28.4,0.0,False
2024-08-07 14:00:00,0.0,0.0,2.49,4943.29,5000.0,26.0,0.0,False
2024-06-17 22:00:00,0.0,0.0,1.79,4199.0,5000.0,20.1,0.0,False
2024-06-23 04:00:00,0.0,0.0,1.78,4995.88,5000.0,20.2,0.0,False
2024-05-03 16:00:00,,0.0,2.04,4726.53,5000.0,23.6,0.0,False
2024-06-27 13:00:00,0.0,0.0,2.42,4686.96,5000.0,28.6,0.0,False
2024-06-24 04:00:00,2.14,264.79,2.03,5000.0,5000.0,19.3,80.42,False
2024-08-26 20:00:00,,0.0,42.44,3110.96,5000.0,23.5,0.0,False
2024-07-24 10:00:00,0.0,0.0,1.93,4995.75,5000.0,25.3,0.0,False
2024-07-12 07:00:00,0.0,0.0,33.51,4924.1,5000.0,22.1,0.0,False
2024-05-30 11:00:00,0.0,0.0,63.32,,5000.0,23.9,0.0,False
2024-08-16 10:00:00,0.0,0.0,2.04,4565.98,5000.0,24.4,0.0,False
2024-08-19 15:00:00,0.0,0.0,2.28,3762.16,5000.0,28.6,0.0,False
2024-09-19 21:00:00,0.0,0.0,45.71,,5000.0,18.8,0.0,False
2024-04-13 09:00:00,0.0,0.0,1.86,3481.08,5000.0,14.2,0.0,False
2024-09-15 09:00:00,0.0,0.0,1.89,4790.02,5000.0,18.0,0.0,False
2024-04-24 14:00:00,0.0,0.0,1.71,3337.09,5000.0,23.3,0.0,False
2024-05-02 13:00:00,0.0,0.0,1.9,4993.75,5000.0,24.0,0.0,False
2024-07-25 03:00:00,0.35,42.96,2.29,4952.38,5000.0,,0.0,False
2024-05-08 21:00:00,0.0,0.0,37.07,4917.48,5000.0,19.1,0.0,False
2024-05-28 11:00:00,0.0,0.0,1.81,4493.3,5000.0,23.0,0.0,False
2024-05-23 21:00:00,0.0,0.0,50.05,4570.92,5000.0,20.5,0.0,False
2024-06-06 18:00:00,0.0,0.0,50.37,4681.12,5000.0,25.1,0.0,False
2024-09-09 03:00:00,0.0,0.0,2.04,4802.41,5000.0,15.3,0.0,False
2024-06-30 23:00:00,0.0,0.0,,4521.62,5000.0,24.1,0.0,False
2024-05-15 18:00:00,0.0,0.0,47.11,4949.02,5000.0,22.8,0.0,False
2024-09-11 12:00:00,2.06,271.86,2.49,5000.0,5000.0,22.5,204.8,False
2024-04-21 21:00:00,0.0,,45.19,3912.93,5000.0,,0.0,False
2024-05-06 06:00:00,0.0,0.0,36.37,4548.49,5000.0,16.0,0.0,False
2024-07-13 06:00:00,0.0,0.0,36.04,,5000.0,19.3,0.0,False
2024-07-19 09:00:00,0.0,0.0,2.36,4888.57,5000.0,24.5,0.0,False
2024-07-06 15:00:00,0.0,0.0,1.81,4498.8,5000.0,31.5,0.0,False
2024-09-13 13:00:00,5.02,683.0,1.81,5000.0,5000.0,26.1,111.28,False
2024-05-21 17:00:00,0.0,0.0,2.21,4781.27,5000.0,27.4,0.0,False
2024-07-23 19:00:00,0.0,0.0,45.75,4603.79,5000.0,27.7,0.0,False
2024-06-13 06:00:00,0.0,0.0,32.86,4634.75,5000.0,20.2,0.0,False
2024-09-07 14:00:00,0.0,0.0,2.26,3274.74,5000.0,25.9,0.0,False
2024-09-03 14:00:00,0.0,0.0,2.03,4396.19,5000.0,27.2,0.0,False
2024-08-18 08:00:00,0.0,0.0,28.18,4053.86,5000.0,21.3,0.0,False
2024-07-21 20:00:00,0.0,0.0,40.45,4879.21,5000.0,24.7,0.0,False
2024-05-16 13:00:00,0.0,0.0,1.94,4993.49,5000.0,25.0,0.0,False
2024-09-25 06:00:00,0.0,0.0,29.01,4013.94,5000.0,17.0,0.0,False
2024-09-11 15:00:00,1.74,231.69,2.23,5000.0,5000.0,22.9,229.46,False
2024-04-20 00:00:00,0.0,0.0,2.4,4695.61,5000.0,11.7,0.0,False
2024-08-28 21:00:00,0.0,0.0,47.21,4546.61,5000.0,24.0,0.0,False
2024-07-20 04:00:00,0.0,0.0,,4679.61,5000.0,17.8,0.0,False
2024-08-02 21:00:00,0.0,0.0,48.79,4933.94,5000.0,24.8,0.0,False
2024-10-03 08:00:00,0.0,0.0,36.75,1593.89,5000.0,15.1,0.0,False
2024-07-01 17:00:00,0.0,0.0,1.92,,5000.0,27.4,0.0,False
2024-07-04 10:00:00,0.0,0.0,2.41,4997.59,5000.0,26.3,0.0,False
2024-09-02 07:00:00,0.0,0.0,31.14,4920.88,5000.0,18.2,0.0,False
2024-08-18 03:00:00,0.0,0.0,1.89,4151.98,5000.0,18.7,0.0,False
2024-08-15 06:00:00,0.0,0.0,37.95,4946.92,5000.0,18.5,0.0,False
2024-07-14 14:00:00,0.0,0.0,2.33,4381.93,5000.0,28.4,0.0,False
2024-09-20 17:00:00,0.0,0.0,1.72,3590.01,5000.0,22.6,0.0,False
2024-04-26 12:00:00,0.0,0.0,2.43,4694.82,5000.0,21.5,0.0,False
2024-08-03 23:00:00,0.0,0.0,2.05,4995.66,5000.0,22.3,0.0,False
2024-05-25 00:00:00,0.0,0.0,2.5,4067.3,5000.0,17.3,0.0,False
2024-07-15 18:00:00,0.0,0.0,42.29,4025.61,5000.0,27.9,0.0,False
2024-07-21 05:00:00,0.0,0.0,2.16,4798.99,5000.0,19.3,0.0,False
2024-04-22 13:00:00,0.0,0.0,2.4,3786.8,5000.0,19.3,0.0,False
2024-06-21 12:00:00,0.0,0.0,2.07,4298.67,5000.0,28.4,0.0,False
2024-05-20 03:00:00,0.0,0.0,2.32,4459.13,5000.0,15.7,0.0,False
2024-04-24 20:00:00,2.06,261.23,42.85,3639.38,5000.0,20.0,0.0,False
2024-05-16 14:00:00,0.0,0.0,1.97,4991.52,5000.0,24.9,0.0,False
2024-05-23 13:00:00,0.0,0.0,2.36,4597.82,5000.0,25.2,0.0,False
2024-06-17 05:00:00,0.0,0.0,2.25,4659.85,5000.0,17.4,0.0,False
2024-06-22 08:00:00,1.48,188.66,35.22,5000.0,5000.0,19.8,153.44,False
2024-07-02 19:00:00,0.0,0.0,45.19,4533.03,5000.0,25.2,0.0,False
2024-04-17 04:00:00,0.0,0.0,2.05,4987.94,5000.0,9.0,0.0,False
2024-06-14 03:00:00,,0.0,2.22,4359.55,5000.0,16.3,0.0,False
2024-07-22 19:00:00,3.78,456.38,46.69,5000.0,5000.0,26.5,409.69,False
2024-09-29 17:00:00,0.0,0.0,2.48,2719.53,5000.0,22.0,0.0,False
2024-04-09 21:00:00,0.0,,48.16,2256.12,5000.0,14.8,0.0,False
2024-08-04 23:00:00,0.0,0.0,2.45,4521.19,5000.0,20.4,0.0,False
2024-05-26 13:00:00,0.0,0.0,1.74,4346.49,5000.0,25.3,0.0,False
2024-08-22 04:00:00,0.0,0.0,1.76,3230.89,5000.0,18.3,0.0,False
2024-06-15 16:00:00,0.0,0.0,1.83,3771.74,5000.0,27.6,0.0,False
2024-08-07 13:00:00,0.0,,54.22,4945.78,5000.0,25.4,0.0,False
2024-06-28 12:00:00,0.0,0.0,1.77,4396.7,5000.0,27.0,0.0,False
2024-04-18 01:00:00,0.0,0.0,2.09,,5000.0,11.8,0.0,False
2024-05-19 16:00:00,0.0,0.0,2.21,4641.99,5000.0,24.0,0.0,False
2024-08-02 02:00:00,0.32,39.92,2.03,4822.33,5000.0,17.0,0.0,False
2024-08-07 12:00:00,3.41,402.85,55.69,5000.0,5000.0,27.7,347.16,False
2024-08-08 21:00:00,0.0,0.0,49.01,4910.9,5000.0,23.2,0.0,False
2024-06-14 01:00:00,0.0,0.0,2.08,4364.06,5000.0,17.7,0.0,False
2024-10-04 10:00:00,1.05,133.37,1.81,1610.04,5000.0,,0.0,False
2024-09-23 14:00:00,0.0,0.0,1.96,4723.43,5000.0,21.8,0.0,False
2024-08-30 13:00:00,0.0,0.0,2.16,4110.28,5000.0,27.3,0.0,False
2024-08-17 23:00:00,0.0,0.0,2.06,4160.16,5000.0,18.9,0.0,False
2024-09-17 09:00:00,0.0,0.0,1.87,4148.74,5000.0,18.8,0.0,False
2024-07-23 15:00:00,0.0,0.0,,4702.08,5000.0,29.0,0.0,False
2024-09-03 05:00:00,0.0,0.0,2.37,4685.92,5000.0,16.7,0.0,False
2024-04-27 14:00:00,0.0,0.0,1.9,4540.4,5000.0,20.0,0.0,False
2024-07-23 14:00:00,0.0,0.0,2.46,4703.78,5000.0,28.8,0.0,False
2024-06-24 17:00:00,0.0,0.0,2.17,4982.87,5000.0,28.2,0.0,False
2024-07-15 22:00:00,0.0,0.0,2.27,3882.5,5000.0,24.2,0.0,False
2024-08-01 05:00:00,0.0,0.0,1.84,4662.52,5000.0,20.8,0.0,False
2024-07-01 11:00:00,0.0,0.0,2.26,4815.07,5000.0,27.7,0.0,False
2024-09-24 14:00:00,0.0,0.0,1.73,4252.67,5000.0,23.5,0.0,False
2024-06-28 06:00:00,0.0,0.0,30.19,4465.9,5000.0,21.3,0.0,False
2024-07-21 09:00:00,0.0,0.0,2.29,4695.06,5000.0,,0.0,False
2024-05-19 19:00:00,0.0,0.0,37.95,4561.23,5000.0,21.5,0.0,False
2024-05-17 12:00:00,0.0,0.0,1.73,4994.65,5000.0,24.3,0.0,False
2024-07-10 11:00:00,7.46,893.69,2.18,5000.0,5000.0,25.0,578.89,False
2024-05-31 12:00:00,2.94,342.05,2.37,5000.0,5000.0,24.2,339.68,False
2024-07-11 12:00:00,0.0,0.0,56.62,4875.69,5000.0,26.7,0.0,False
2024-08-14 11:00:00,0.0,0.0,2.39,4868.12,5000.0,23.6,0.0,False
2024-06-05 07:00:00,0.0,0.0,28.34,3919.72,5000.0,20.1,0.0,False
2024-06-14 14:00:00,0.0,0.0,2.11,4073.83,5000.0,28.5,0.0,False
2024-09-29 19:00:00,0.0,0.0,44.44,,5000.0,,0.0,False
2024-06-21 01:00:00,,,2.36,4416.57,5000.0,19.5,0.0,False
2024-09-05 06:00:00,0.0,0.0,33.61,4042.96,5000.0,15.8,0.0,False
2024-07-31 06:00:00,0.0,0.0,31.26,4964.98,5000.0,19.7,0.0,False
2024-07-04 15:00:00,,0.0,,4987.62,5000.0,27.0,0.0,False
2024-07-30 20:00:00,0.0,0.0,45.32,4738.43,5000.0,24.4,0.0,False
2024-06-16 14:00:00,0.0,0.0,2.05,4866.2,5000.0,24.0,0.0,False
2024-05-10 08:00:00,0.0,0.0,29.42,4787.01,5000.0,17.1,0.0,False
2024-09-23 22:00:00,0.0,0.0,1.9,4539.5,5000.0,18.4,0.0,False
2024-06-29 07:00:00,0.0,0.0,35.55,4123.38,5000.0,21.2,0.0,False
2024-06-10 12:00:00,0.0,0.0,2.03,4590.75,5000.0,26.8,0.0,False
2024-08-04 08:00:00,0.0,0.0,34.13,4889.16,5000.0,22.3,0.0,False
2024-05-11 20:00:00,0.0,0.0,37.35,4719.59,5000.0,19.7,0.0,False
2024-09-15 15:00:00,0.0,0.0,1.78,4621.65,5000.0,23.8,0.0,False
2024-08-25 03:00:00,1.67,216.69,1.83,2544.33,5000.0,18.3,0.0,False
2024-08-19 09:00:00,0.0,0.0,2.37,3940.84,5000.0,22.4,0.0,False
2024-08-17 03:00:00,0.0,0.0,2.26,4176.31,5000.0,,0.0,False
2024-09-23 18:00:00,0.0,0.0,47.01,4669.86,5000.0,22.7,0.0,False
2024-06-22 10:00:00,0.0,0.0,2.29,4997.71,5000.0,23.1,0.0,False
2024-04-26 03:00:00,0.0,0.0,1.73,4803.77,5000.0,11.5,0.0,False
2024-08-21 11:00:00,0.0,0.0,1.87,3445.79,5000.0,26.1,0.0,False
2024-05-08 04:00:00,0.0,0.0,2.04,4601.08,5000.0,14.0,0.0,False
2024-07-05 01:00:00,0.0,0.0,2.14,4800.5,5000.0,,0.0,False
2024-07-24 19:00:00,0.0,0.0,37.52,4895.25,5000.0,24.7,0.0,False
2024-05-02 08:00:00,1.42,184.23,31.2,5000.0,5000.0,15.1,153.03,False
2024-06-15 14:00:00,0.0,0.0,2.37,3775.33,5000.0,26.9,0.0,False
2024-08-15 18:00:00,0.0,,38.98,4814.81,5000.0,26.5,0.0,False
2024-07-20 21:00:00,0.0,0.0,48.62,4815.56,5000.0,23.2,0.0,False
2024-08-03 12:00:00,0.89,119.0,1.79,5000.0,5000.0,25.0,117.21,False
2024-09-07 13:00:00,0.0,0.0,2.06,3277.0,5000.0,26.7,0.0,False
2024-05-18 00:00:00,1.22,154.47,2.36,4955.25,5000.0,16.9,0.0,False
2024-05-26 05:00:00,0.0,0.0,,,5000.0,17.2,0.0,False
2024-08-16 19:00:00,,0.0,39.22,4289.55,5000.0,25.1,0.0,False
2024-06-01 13:00:00,0.0,0.0,1.82,4746.38,5000.0,,0.0,False
2024-07-08 18:00:00,0.0,0.0,41.37,4956.48,5000.0,28.9,0.0,False
2024-09-08 06:00:00,0.0,0.0,38.06,3940.37,5000.0,16.2,0.0,False
2024-05-21 04:00:00,0.0,0.0,1.82,4819.29,5000.0,15.1,0.0,False
2024-05-10 02:00:00,0.0,0.0,1.83,4893.17,5000.0,15.1,0.0,False
2024-09-06 13:00:00,0.0,0.0,70.66,3475.75,5000.0,22.5,0.0,False
2024-07-19 21:00:00,0.0,0.0,38.15,4694.31,5000.0,24.4,0.0,False
2024-07-19 01:00:00,0.0,0.0,2.01,4819.82,5000.0,20.0,0.0,False
2024-05-29 01:00:00,0.0,0.0,2.21,4782.9,5000.0,18.5,0.0,False
2024-04-14 07:00:00,0.0,0.0,34.24,3297.87,5000.0,13.5,0.0,False
2024-07-12 22:00:00,1.17,150.58,1.84,5000.0,5000.0,22.8,148.74,False
2024-05-16 02:00:00,0.0,0.0,2.26,4797.67,5000.0,14.0,0.0,False
2024-05-18 20:00:00,0.0,0.0,40.08,4599.59,5000.0,23.1,0.0,False
2024-07-08 02:00:00,0.0,0.0,2.37,4797.43,5000.0,17.6,0.0,False
2024-08-26 04:00:00,0.0,0.0,2.09,3357.12,5000.0,,0.0,False
2024-10-05 08:00:00,0.0,0.0,28.68,1420.2,5000.0,14.0,0.0,False
2024-08-27 16:00:00,4.28,587.26,2.25,4854.12,5000.0,25.4,0.0,False
2024-04-15 06:00:00,0.0,0.0,29.43,3828.99,5000.0,11.6,0.0,False
2024-08-30 10:00:00,,,1.86,4116.67,5000.0,22.8,0.0,False
2024-05-29 05:00:00,,0.0,1.9,4774.85,5000.0,17.6,0.0,False
2024-06-04 15:00:00,0.0,0.0,2.41,4196.37,5000.0,26.0,0.0,False
2024-09-10 10:00:00,0.0,0.0,1.91,4236.97,5000.0,20.3,0.0,False
2024-09-20 13:00:00,0.0,0.0,2.09,3598.67,5000.0,23.2,0.0,False
2024-04-26 14:00:00,0.0,0.0,2.23,4690.29,5000.0,21.5,0.0,False
2024-05-11 16:00:00,0.0,,1.78,4860.83,5000.0,22.4,0.0,False
2024-07-28 23:00:00,0.0,0.0,2.35,4691.96,5000.0,21.5,0.0,False
2024-10-05 17:00:00,0.0,0.0,1.9,1401.57,5000.0,18.3,0.0,False
2024-08-20 20:00:00,0.0,0.0,40.46,3320.3,5000.0,24.6,0.0,False
2024-07-27 10:00:00,0.0,0.0,1.94,4218.84,5000.0,23.3,0.0,False
2024-09-05 04:00:00,0.0,0.0,1.93,4078.69,5000.0,18.4,0.0,False
2024-09-12 19:00:00,0.0,0.0,36.29,4640.84,5000.0,,0.0,False
2024-05-03 13:00:00,0.0,0.0,61.45,4732.52,5000.0,23.7,0.0,False
2024-07-09 01:00:00,1.51,211.91,2.42,5000.0,5000.0,20.4,23.76,False
2024-04-27 00:00:00,0.0,0.0,1.81,4497.74,5000.0,13.6,0.0,False
2024-08-19 04:00:00,0.0,0.0,2.3,4039.7,5000.0,17.9,0.0,False
2024-07-02 04:00:00,0.0,0.0,2.18,4917.36,5000.0,,0.0,False
2024-05-03 07:00:00,0.0,0.0,31.39,4931.51,5000.0,16.2,0.0,False
2024-06-04 11:00:00,0.0,0.0,2.15,4205.32,5000.0,25.2,0.0,False
2024-07-08 06:00:00,0.0,0.0,33.33,4757.63,5000.0,21.8,0.0,False
2024-05-16 11:00:00,0.0,0.0,2.33,4997.67,5000.0,23.4,0.0,False
2024-07-20 06:00:00,0.0,0.0,28.72,4649.14,5000.0,22.2,0.0,False
2024-04-10 19:00:00,0.0,0.0,50.36,2038.83,5000.0,17.6,0.0,False
2024-05-26 00:00:00,0.0,0.0,2.35,4469.98,5000.0,17.9,0.0,False
2024-04-30 11:00:00,0.0,0.0,54.62,4517.62,5000.0,19.9,0.0,False
2024-07-05 08:00:00,0.0,0.0,34.88,4900.66,5000.0,21.5,0.0,False
2024-06-25 15:00:00,0.0,0.0,2.17,,5000.0,26.2,0.0,False
2024-05-14 21:00:00,0.0,0.0,47.3,4659.35,5000.0,16.9,0.0,False
2024-04-30 07:00:00,0.0,0.0,37.59,4614.68,5000.0,16.9,0.0,False
2024-04-11 17:00:00,1.84,244.62,1.88,3788.13,5000.0,19.0,0.0,False
2024-05-16 22:00:00,0.0,0.0,2.0,4806.01,5000.0,20.4,0.0,False
2024-06-13 12:00:00,0.0,0.0,2.16,4560.8,5000.0,28.6,0.0,False
2024-04-26 05:00:00,0.0,10787.70443466989,2.17,4799.21,5000.0,13.8,0.0,True
2024-09-10 14:00:00,4.25,475.1,1.93,5000.0,5000.0,25.1,473.17,False
2024-07-31 11:00:00,0.0,0.0,1.73,4885.4,5000.0,26.9,0.0,False
2024-07-29 18:00:00,0.0,0.0,46.92,4317.88,5000.0,28.0,0.0,False
2024-04-13 20:00:00,,0.0,39.56,3332.54,5000.0,15.0,0.0,False
2024-10-06 06:00:00,0.0,0.0,34.1,1177.15,5000.0,12.3,0.0,False
2024-05-23 07:00:00,0.0,0.0,38.82,4643.6,5000.0,18.3,0.0,False
2024-08-02 06:00:00,0.0,0.0,31.27,4785.11,5000.0,19.2,0.0,False
2024-06-20 23:00:00,0.0,0.0,2.41,4421.11,5000.0,20.1,0.0,False
2024-04-24 07:00:00,0.0,0.0,30.29,3556.8,5000.0,16.5,0.0,False
2024-09-27 23:00:00,0.0,0.0,2.5,3158.64,5000.0,16.1,0.0,False
2024-04-10 11:00:00,0.0,0.0,1.71,2142.05,5000.0,17.4,0.0,False
2024-05-27 17:00:00,0.0,0.0,1.81,4802.2,5000.0,26.1,0.0,False
2024-09-13 00:00:00,0.0,0.0,1.83,4542.25,5000.0,16.6,0.0,False
2024-07-22 06:00:00,0.0,0.0,36.36,4781.13,5000.0,19.4,0.0,False
2024-07-20 19:00:00,0.0,0.0,41.07,4916.68,5000.0,26.1,0.0,False
2024-07-09 18:00:00,0.0,0.0,37.89,4945.05,5000.0,28.2,0.0,False
2024-08-09 11:00:00,5.22,692.25,2.26,5000.0,5000.0,26.2,687.82,False
2024-06-19 13:00:00,1.08,126.56,1.72,5000.0,5000.0,26.9,124.84,False
2024-09-01 19:00:00,0.0,0.0,45.65,3173.6,5000.0,24.1,0.0,False
2024-07-03 04:00:00,0.0,0.0,2.15,4997.85,5000.0,18.1,0.0,False
2024-08-04 04:00:00,0.0,0.0,2.35,4997.65,5000.0,18.7,0.0,False
2024-04-24 17:00:00,0.0,0.0,,3330.44,5000.0,21.0,0.0,False
2024-06-20 12:00:00,0.0,0.0,56.83,4663.12,5000.0,26.1,0.0,False
2024-07-06 16:00:00,0.0,0.0,2.17,4496.63,5000.0,28.4,0.0,False
2024-04-13 18:00:00,0.0,0.0,39.83,3424.58,5000.0,17.1,0.0,False
2024-06-24 00:00:00,0.0,0.0,2.05,4824.18,5000.0,17.5,0.0,False
2024-08-30 21:00:00,0.0,0.0,40.95,3933.84,5000.0,21.8,0.0,False
2024-07-27 19:00:00,0.0,0.0,50.55,4112.66,5000.0,24.8,0.0,False
2024-08-15 08:00:00,0.0,0.0,39.56,4872.63,5000.0,20.7,0.0,False
2024-05-05 23:00:00,0.28,33.73,2.24,4568.14,5000.0,14.2,0.0,False
2024-06-17 06:00:00,0.0,0.0,1761.2509221557061,4627.08,5000.0,17.9,0.0,True
2024-08-07 15:00:00,0.0,0.0,,4941.42,5000.0,29.4,0.0,False
2024-05-21 22:00:00,0.0,0.0,1.71,4609.92,5000.0,18.2,0.0,False
2024-07-22 16:00:00,,427.43,2.27,5000.0,5000.0,27.2,135.17,False
2024-07-16 04:00:00,0.0,0.0,2.34,3869.87,5000.0,16.4,0.0,False
2024-05-10 19:00:00,0.0,0.0,,4674.07,5000.0,20.2,0.0,False
2024-07-03 10:00:00,0.0,0.0,2.48,4886.7,5000.0,27.1,0.0,False
2024-09-10 11:00:00,0.0,0.0,2.01,4234.96,5000.0,23.0,0.0,False
2024-07-12 19:00:00,,0.0,42.46,4779.01,5000.0,25.8,0.0,False
2024-08-28 05:00:00,0.0,0.0,2.04,4997.96,5000.0,17.5,0.0,False
2024-07-11 16:00:00,0.0,0.0,2.44,4995.08,5000.0,28.9,0.0,False
2024-05-17 07:00:00,3.21,415.93,37.25,5000.0,5000.0,18.3,378.68,False
2024-07-25 11:00:00,0.0,0.0,2.17,4873.76,5000.0,24.7,0.0,False
2024-07-09 12:00:00,0.0,0.0,1.95,4993.62,5000.0,27.0,0.0,False
2024-09-10 21:00:00,0.0,0.0,39.86,4823.57,5000.0,19.1,0.0,False
2024-04-16 15:00:00,0.0,0.0,2.45,3253.59,5000.0,,0.0,False
2024-07-17 07:00:00,1.27,162.68,35.11,4985.0,5000.0,20.2,0.0,False
2024-04-21 23:00:00,0.0,0.0,1.93,3909.19,5000.0,16.7,0.0,False
2024-04-16 05:00:00,0.0,0.0,2.19,3368.83,5000.0,9.0,0.0,False
2024-06-09 01:00:00,0.0,0.0,2.31,4308.93,5000.0,16.9,0.0,False
2024-06-24 20:00:00,4.35,546.25,44.38,5000.0,5000.0,25.0,501.87,False
2024-04-13 16:00:00,0.0,0.0,1.95,3466.43,5000.0,21.6,0.0,False
2024-07-27 20:00:00,0.0,0.0,36.32,,5000.0,24.6,0.0,False
2024-05-06 08:00:00,0.0,0.0,34.48,4474.64,5000.0,18.4,0.0,False
2024-08-10 13:00:00,0.0,0.0,63.4,4713.59,5000.0,25.9,0.0,False
2024-05-12 14:00:00,0.0,0.0,2.19,4699.62,5000.0,24.3,0.0,False
2024-04-11 04:00:00,2.5,345.58,1.95,2667.52,5000.0,9.6,0.0,False
2024-06-18 03:00:00,0.7,96.18,1.79,4497.06,5000.0,18.9,0.0,False
2024-04-10 07:00:00,0.0,0.0,29.24,2180.97,5000.0,10.3,0.0,False
2024-05-11 03:00:00,0.0,0.0,1.78,4987.52,5000.0,12.0,0.0,False
2024-05-01 15:00:00,0.0,0.0,1.87,4911.05,5000.0,24.0,0.0,False
2024-07-13 03:00:00,0.0,0.0,2.18,4995.59,5000.0,18.4,0.0,False
2024-05-14 22:00:00,0.0,0.0,1.81,4657.54,5000.0,17.7,0.0,False
2024-04-17 01:00:00,0.0,0.0,2.14,4993.86,5000.0,9.1,0.0,False
2024-06-23 01:00:00,1.08,137.96,2.13,5000.0,5000.0,18.4,135.83,False
2024-04-15 16:00:00,0.0,0.0,2.03,3569.08,5000.0,,0.0,False
2024-05-03 14:00:00,0.0,0.0,2.05,4730.47,5000.0,22.1,0.0,False
2024-06-24 08:00:00,1.93,241.84,38.85,5000.0,5000.0,23.6,202.99,False
2024-07-15 06:00:00,0.0,0.0,34.4,4146.73,5000.0,22.4,0.0,False
2024-04-11 00:00:00,0.0,0.0,2.35,1944.44,5000.0,11.8,0.0,False
2024-08-27 09:00:00,0.0,0.0,1.98,2947.42,5000.0,20.4,0.0,False
2024-06-21 00:00:00,0.0,0.0,2.18,4418.93,5000.0,20.7,0.0,False
2024-05-17 04:00:00,5.24,631.38,,5000.0,5000.0,16.1,424.42,False
2024-06-27 00:00:00,,0.0,1.71,4811.32,5000.0,19.9,0.0,False
2024-09-06 23:00:00,0.0,0.0,2.27,3275.09,5000.0,21.0,0.0,False
2024-09-09 04:00:00,0.0,0.0,1.88,4800.53,5000.0,14.3,0.0,False
2024-09-04 22:00:00,0.0,0.0,2.24,3897.66,5000.0,19.1,0.0,False
2024-10-04 20:00:00,0.0,0.0,41.3,1587.15,5000.0,19.0,0.0,False
2024-05-24 10:00:00,0.0,0.0,2.48,4445.57,5000.0,19.5,0.0,False
2024-04-19 21:00:00,0.0,0.0,,4702.05,5000.0,14.9,0.0,False
2024-09-25 20:00:00,0.0,0.0,37.69,3808.6,5000.0,19.8,0.0,False
2024-05-11 23:00:00,0.9,,1.75,4791.89,5000.0,15.3,0.0,False
2024-05-21 21:00:00,0.0,0.0,40.89,4611.63,5000.0,19.3,0.0,False
2024-08-09 08:00:00,0.0,0.0,27.42,,5000.0,21.8,0.0,False
2024-06-17 18:00:00,0.0,0.0,48.0,4327.92,5000.0,26.7,0.0,False
2024-06-21 03:00:00,0.0,0.0,1.98,4412.71,5000.0,17.7,0.0,False
2024-06-23 16:00:00,3.09,385.71,2.19,5000.0,5000.0,29.3,383.52,False
2024-08-21 08:00:00,2.34,,35.19,3452.54,5000.0,21.0,0.0,False
2024-09-23 07:00:00,0.0,0.0,36.1,4763.48,5000.0,15.8,0.0,False
2024-07-19 19:00:00,0.0,0.0,49.52,4777.37,5000.0,25.9,0.0,False
2024-06-30 05:00:00,0.0,0.0,1.95,4828.86,5000.0,17.7,0.0,False
2024-04-22 04:00:00,0.0,0.0,2.11,3898.94,5000.0,12.5,0.0,False
2024-05-12 18:00:00,0.0,0.0,,4645.17,5000.0,25.1,0.0,False
2024-06-19 23:00:00,0.0,0.0,2.47,4908.87,5000.0,20.5,0.0,False
2024-05-09 22:00:00,0.0,0.0,1.99,4901.67,5000.0,17.3,0.0,False
2024-09-13 11:00:00,0.0,0.0,1.98,4432.37,5000.0,24.4,0.0,False
2024-06-21 23:00:00,0.0,0.0,2.1,4108.67,5000.0,21.0,0.0,False
2024-08-18 13:00:00,0.0,0.0,1.84,4043.26,5000.0,26.8,0.0,False
2024-10-01 02:00:00,0.0,0.0,2.04,2022.48,5000.0,13.3,0.0,False
2024-08-22 09:00:00,0.0,0.0,2.01,3122.63,5000.0,23.0,0.0,False
2024-09-12 20:00:00,0.0,0.0,49.02,4591.82,5000.0,22.3,0.0,False
2024-06-29 02:00:00,0.0,0.0,1.72,4192.93,5000.0,19.6,0.0,False
2024-06-30 07:00:00,0.0,0.0,37.66,4757.89,5000.0,19.9,0.0,False
2024-07-03 12:00:00,0.0,0.0,1.92,4882.31,5000.0,27.0,0.0,False
2024-08-01 12:00:00,0.0,0.0,69.23,4860.35,5000.0,27.0,0.0,False
2024-06-28 14:00:00,0.0,0.0,2.12,4392.62,5000.0,29.9,0.0,False
2024-05-24 14:00:00,0.0,0.0,2.37,4254.42,5000.0,23.8,0.0,False
2024-05-18 16:00:00,0.0,0.0,2.33,4722.52,5000.0,24.0,0.0,False
2024-09-22 23:00:00,0.0,0.0,1.71,4849.01,5000.0,17.0,0.0,False
2024-07-14 19:00:00,0.0,0.0,45.96,4279.51,5000.0,27.8,0.0,False
2024-07-03 01:00:00,1.81,227.49,1.99,5000.0,5000.0,18.5,225.5,False
2024-05-29 23:00:00,0.0,0.0,1.93,4948.27,5000.0,17.1,0.0,False
2024-04-23 09:00:00,0.0,0.0,2.31,3469.8,5000.0,15.3,0.0,False
2024-09-27 05:00:00,0.0,0.0,1.74,3628.7,5000.0,12.4,0.0,False
2024-09-30 12:00:00,0.0,0.0,62.55,2297.55,5000.0,23.7,0.0,False
2024-05-03 00:00:00,0.0,0.0,1.83,4823.56,5000.0,14.5,0.0,False
2024-06-18 05:00:00,0.72,88.35,1.8,4732.91,5000.0,19.5,0.0,False
2024-09-13 15:00:00,0.0,0.0,2.27,4997.73,5000.0,24.5,0.0,False
2024-08-20 04:00:00,0.0,0.0,2.04,3566.1,5000.0,17.8,0.0,False
2024-06-29 10:00:00,0.0,0.0,2.45,4086.3,5000.0,25.0,0.0,False
2024-10-01 11:00:00,0.0,0.0,2.46,1910.01,5000.0,18.7,0.0,False
2024-06-29 00:00:00,0.0,0.0,1.88,4196.75,5000.0,21.9,0.0,False
2024-08-03 22:00:00,0.0,0.0,2.29,4997.71,5000.0,21.6,0.0,False
2024-08-06 21:00:00,,0.0,41.4,4821.02,5000.0,24.9,0.0,False
2024-09-25 19:00:00,0.0,0.0,47.55,3846.29,5000.0,19.5,0.0,False
2024-10-04 16:00:00,0.0,0.0,2.33,1723.62,5000.0,21.9,0.0,False
2024-08-16 01:00:00,0.0,0.0,2.28,4672.14,5000.0,19.0,0.0,False
2024-04-15 13:00:00,0.0,0.0,57.94,3575.49,5000.0,17.2,0.0,False
2024-06-19 00:00:00,0.0,0.0,2.33,4818.38,5000.0,19.7,0.0,False
2024-07-11 07:00:00,3.94,485.37,27.48,5000.0,5000.0,21.7,222.62,False
2024-08-20 17:00:00,0.0,0.0,1.96,3441.27,5000.0,26.7,0.0,False
2024-07-06 23:00:00,0.0,0.0,2.35,4338.74,5000.0,21.0,0.0,False
2024-08-12 05:00:00,0.74,89.0,,5000.0,5000.0,18.8,87.06,False
2024-06-30 20:00:00,0.0,0.0,40.41,4571.94,5000.0,26.9,0.0,False
2024-04-18 21:00:00,0.0,0.0,48.24,4525.12,5000.0,13.9,0.0,False
2024-07-22 12:00:00,0.0,0.0,1.88,4717.2,5000.0,26.4,0.0,False
2024-06-20 07:00:00,0.0,0.0,36.36,4829.11,5000.0,21.0,0.0,False
2024-04-28 07:00:00,0.0,0.0,33.14,4270.03,5000.0,13.7,0.0,False
2024-09-06 19:00:00,0.0,,46.82,3372.23,5000.0,21.9,0.0,False
2024-09-07 09:00:00,0.94,125.05,1.9,3285.5,5000.0,21.5,0.0,False
2024-07-03 20:00:00,0.0,0.0,37.85,4761.62,5000.0,24.2,0.0,False
2024-07-08 22:00:00,0.0,0.0,2.24,4818.75,5000.0,20.7,0.0,False
2024-09-25 23:00:00,0.0,0.0,1.73,3759.71,5000.0,15.4,0.0,False
2024-10-05 07:00:00,0.0,0.0,38.84,1448.88,5000.0,14.9,0.0,False
2024-09-14 05:00:00,0.0,0.0,1.99,4900.96,5000.0,13.9,0.0,False
2024-07-23 06:00:00,0.0,0.0,36.56,4956.67,5000.0,20.0,0.0,False
2024-07-15 16:00:00,0.0,0.0,2.27,4070.21,5000.0,29.7,0.0,False
2024-09-27 14:00:00,0.0,0.0,2.49,3370.4,5000.0,21.9,0.0,False
2024-07-18 08:00:00,2.89,394.07,28.89,5000.0,5000.0,22.1,365.18,False
2024-04-20 10:00:00,0.0,0.0,1.84,4591.49,5000.0,16.6,0.0,False
2024-09-14 04:00:00,0.0,0.0,2.49,4902.95,5000.0,16.4,0.0,False
2024-04-25 20:00:00,0.0,0.0,41.71,4864.97,5000.0,16.6,0.0,False
2024-07-14 12:00:00,0.0,0.0,68.49,4437.2,5000.0,28.8,0.0,False
2024-05-03 21:00:00,0.0,0.0,39.03,4552.9,5000.0,17.9,0.0,False
2024-09-10 07:00:00,0.0,0.0,35.35,4269.54,5000.0,17.6,0.0,False
2024-08-09 05:00:00,0.0,0.0,2.1,4894.67,5000.0,18.7,0.0,False
2024-08-10 17:00:00,0.0,0.0,1.94,4705.25,5000.0,23.8,0.0,False
2024-07-29 20:00:00,0.0,0.0,42.47,4232.73,5000.0,24.9,0.0,False
2024-09-14 16:00:00,2.03,263.65,2.33,,5000.0,24.2,261.32,False
2024-05-11 21:00:00,0.0,0.0,37.39,4682.2,5000.0,20.0,0.0,False
2024-05-12 16:00:00,0.0,0.0,2.43,4694.96,5000.0,24.1,0.0,False
2024-06-10 05:00:00,0.0,0.0,2.33,4683.06,5000.0,18.0,0.0,False
2024-06-01 03:00:00,0.0,0.0,2.24,4853.78,5000.0,14.3,0.0,False
2024-08-06 06:00:00,0.0,0.0,29.46,4330.7,5000.0,19.8,0.0,False
2024-09-16 03:00:00,0.0,0.0,2.3,4418.27,5000.0,15.5,0.0,False
2024-07-13 11:00:00,0.0,0.0,1.86,4882.78,5000.0,25.7,0.0,False
2024-06-14 06:00:00,0.0,0.0,39.6,4316.14,5000.0,,0.0,False
2024-08-19 08:00:00,0.0,0.0,30.53,3943.21,5000.0,21.1,0.0,False
2024-06-07 17:00:00,0.0,0.0,1.8,4993.87,5000.0,25.1,0.0,False
2024-06-10 15:00:00,0.0,0.0,3922.497350836486,4584.48,5000.0,27.1,0.0,True
2024-07-15 23:00:00,0.0,0.0,1.77,3880.73,5000.0,22.1,0.0,False
2024-05-31 10:00:00,3.93,487.08,2.2,4819.95,5000.0,21.1,0.0,False
2024-04-20 03:00:00,0.0,0.0,1.98,4689.1,5000.0,10.5,0.0,False
2024-07-04 04:00:00,0.0,0.0,2.39,4820.89,5000.0,19.5,0.0,False
2024-08-19 22:00:00,0.0,0.0,2.0,3578.87,5000.0,21.3,0.0,False
2024-05-30 08:00:00,0.0,0.0,31.57,4834.53,5000.0,20.2,0.0,False
2024-04-09 15:00:00,0.0,0.0,2.34,2442.34,5000.0,,0.0,False
2024-05-16 20:00:00,0.0,0.0,43.65,4847.04,5000.0,21.8,0.0,False
2024-08-01 16:00:00,0.0,0.0,2.06,4782.92,5000.0,28.6,0.0,False
2024-06-25 09:00:00,2.0,273.17,2.28,5000.0,5000.0,23.2,270.89,False
2024-04-23 00:00:00,0.0,0.0,1.96,3591.95,5000.0,12.5,0.0,False
2024-06-01 21:00:00,0.0,,38.15,4572.24,5000.0,22.7,0.0,False
2024-05-21 23:00:00,0.0,0.0,,4608.1,5000.0,18.8,0.0,False
2024-09-29 00:00:00,0.0,0.0,1.79,2850.0,5000.0,11.9,0.0,False
2024-05-13 02:00:00,0.0,0.0,2.47,4488.24,5000.0,14.9,0.0,False
2024-08-20 09:00:00,0.0,0.0,,3458.08,5000.0,21.4,0.0,False
2024-06-18 22:00:00,0.0,,2.4,4822.87,5000.0,24.0,0.0,False
2024-10-05 21:00:00,0.0,0.0,41.82,5277.734730384231,5000.0,16.8,0.0,True
2024-09-21 23:00:00,0.0,0.0,2.02,3393.54,5000.0,14.5,0.0,False
2024-09-06 06:00:00,0.0,0.0,28.63,3722.39,5000.0,16.8,0.0,False
2024-09-14 20:00:00,0.0,0.0,38.56,4961.44,5000.0,20.2,0.0,False
2024-05-05 04:00:00,0.0,0.0,2.24,4804.66,5000.0,13.1,0.0,False
2024-08-25 10:00:00,0.0,0.0,2.28,2858.7,5000.0,23.3,0.0,False
2024-08-04 03:00:00,1.62,219.47,2.07,5000.0,5000.0,17.8,207.13,False
2024-08-05 22:00:00,0.0,0.0,2.0,4375.65,5000.0,24.0,0.0,False
2024-05-31 03:00:00,0.0,0.0,2.12,4444.23,5000.0,15.7,0.0,False
2024-09-29 23:00:00,0.0,0.0,2.28,2538.04,5000.0,13.4,0.0,False
2024-06-06 23:00:00,0.0,0.0,2.21,4532.28,5000.0,20.2,0.0,False
2024-06-09 02:00:00,0.0,0.0,2.33,4306.6,5000.0,18.2,0.0,False
2024-08-10 22:00:00,0.0,0.0,2.46,4516.47,5000.0,21.4,0.0,False
2024-06-02 05:00:00,0.0,0.0,,4555.67,5000.0,15.4,0.0,False
2024-08-24 04:00:00,0.0,0.0,1.96,2426.78,5000.0,17.9,0.0,False
2024-07-05 15:00:00,0.0,0.0,1.8,4825.23,5000.0,28.0,0.0,False
2024-08-29 00:00:00,,0.0,2.02,4540.44,5000.0,18.1,0.0,False
2024-07-28 15:00:00,0.0,0.0,1931.2007608654026,3904.15,5000.0,30.6,0.0,True
2024-05-22 03:00:00,0.0,0.0,1.89,4599.9,5000.0,14.3,0.0,False
2024-04-18 07:00:00,0.0,0.0,29.98,4926.32,5000.0,12.6,0.0,False
2024-07-12 14:00:00,0.0,0.0,2.0,,5000.0,29.6,0.0,False
2024-08-26 21:00:00,0.0,0.0,51.07,3059.89,5000.0,23.7,0.0,False
2024-07-21 19:00:00,0.0,0.0,39.02,4919.66,5000.0,27.1,0.0,False
2024-10-01 16:00:00,0.0,0.0,1.89,1899.99,5000.0,20.9,0.0,False
2024-08-03 02:00:00,0.0,0.0,2.13,4924.22,5000.0,18.2,0.0,False
2024-09-28 23:00:00,0.0,0.0,1.99,2851.79,5000.0,15.2,0.0,False
2024-05-05 08:00:00,0.0,0.0,28.5,4703.38,5000.0,16.8,0.0,False
2024-08-05 14:00:00,0.48,63.7,1.86,4556.98,5000.0,27.4,0.0,False
2024-10-07 17:00:00,0.0,0.0,2.39,575.14,5000.0,20.6,0.0,False
2024-07-18 16:00:00,0.0,0.0,1.97,4983.32,5000.0,29.4,0.0,False
2024-05-01 09:00:00,0.0,0.0,1.81,4923.23,5000.0,17.7,0.0,False
2024-06-20 03:00:00,,0.0,2.41,4900.12,5000.0,17.1,0.0,False
2024-05-14 13:00:00,0.0,4138.208818702836,2.39,4052.47,5000.0,23.5,0.0,True
2024-04-11 08:00:00,0.0,0.0,35.3,3404.61,5000.0,14.4,0.0,False
2024-05-16 01:00:00,0.0,0.0,2.03,4799.93,5000.0,15.2,0.0,False
2024-05-28 02:00:00,0.0,0.0,1.99,4607.79,5000.0,14.6,0.0,False
2024-07-27 12:00:00,,0.0,2.38,4214.5,5000.0,27.4,0.0,False
2024-05-27 16:00:00,0.0,0.0,,4804.01,5000.0,27.1,0.0,False
2024-08-15 04:00:00,0.0,0.0,2.14,4987.22,5000.0,18.0,0.0,False
2024-08-09 04:00:00,0.0,0.0,1.8,4896.77,5000.0,16.2,0.0,False
2024-07-13 18:00:00,0.0,0.0,38.92,4832.24,5000.0,28.1,0.0,False
2024-09-14 12:00:00,0.0,0.0,2.31,4801.73,5000.0,25.2,0.0,False
2024-09-26 09:00:00,0.0,0.0,2.35,3639.79,5000.0,20.0,0.0,False
2024-08-08 13:00:00,0.0,0.0,1.93,4888.67,5000.0,26.0,0.0,False
2024-04-14 10:00:00,,0.0,1.83,3259.39,5000.0,18.8,0.0,False
2024-07-17 06:00:00,0.0,0.0,32.35,4857.43,5000.0,18.0,0.0,False
2024-10-02 23:00:00,0.0,0.0,2.1,1719.68,5000.0,15.4,0.0,False
2024-08-16 02:00:00,0.0,0.0,2.47,4669.67,5000.0,17.4,0.0,False
2024-10-05 13:00:00,0.0,0.0,2.47,1409.22,5000.0,20.7,0.0,False
2024-04-17 16:00:00,2.44,328.44,,5000.0,5000.0,18.3,326.56,False
2024-04-14 11:00:00,0.0,,1.83,3257.56,5000.0,15.8,0.0,False
2024-07-27 08:00:00,0.0,0.0,35.94,4223.22,5000.0,22.0,0.0,False
2024-07-31 10:00:00,0.0,,2.12,4887.13,5000.0,23.1,0.0,False
2024-05-25 14:00:00,0.0,0.0,1.91,4644.53,5000.0,22.8,0.0,False
2024-06-19 05:00:00,0.0,0.0,2.01,4957.21,5000.0,21.1,0.0,False
2024-10-07 23:00:00,0.0,0.0,2.45,405.62,5000.0,14.9,0.0,False
2024-08-30 12:00:00,0.0,0.0,2.21,4112.44,5000.0,26.0,0.0,False
2024-08-15 12:00:00,0.0,0.0,1.7,4864.42,5000.0,26.1,0.0,False
2024-04-23 12:00:00,0.0,0.0,1.84,3463.52,5000.0,18.7,0.0,False
2024-08-30 05:00:00,0.0,0.0,2.31,4213.45,5000.0,15.6,0.0,False
2024-05-05 09:00:00,0.0,0.0,,4701.54,5000.0,18.7,0.0,False
2024-04-29 21:00:00,0.0,0.0,43.14,4697.95,5000.0,18.6,0.0,False
2024-08-16 16:00:00,0.0,0.0,2.37,4382.18,5000.0,26.9,0.0,False
2024-04-28 15:00:00,0.0,0.0,,4472.3,5000.0,21.3,0.0,False
2024-08-03 11:00:00,0.83,99.57,2.01,5000.0,5000.0,25.7,97.56,False
2024-06-18 04:00:00,1.2,151.79,2.49,4646.36,5000.0,18.7,0.0,False
2024-07-22 20:00:00,3.85,499.01,46.49,5000.0,5000.0,25.2,452.52,False
2024-07-02 10:00:00,0.0,0.0,1.93,4810.48,5000.0,25.1,0.0,False
2024-06-10 16:00:00,0.0,0.0,2.18,4582.3,5000.0,27.4,0.0,False
2024-05-27 05:00:00,,462.65,1.89,5000.0,5000.0,16.6,174.24,False
2024-05-28 10:00:00,0.0,0.0,2.01,4495.11,5000.0,22.0,0.0,False
2024-06-16 17:00:00,0.0,0.0,2.47,4858.94,5000.0,29.4,0.0,False
2024-06-03 11:00:00,0.0,0.0,1.81,4495.44,5000.0,22.3,0.0,False
2024-10-03 05:00:00,0.0,0.0,2.49,1707.3,5000.0,13.0,0.0,False
2024-09-11 23:00:00,0.0,0.0,1.85,4818.64,5000.0,19.3,0.0,False
2024-08-10 06:00:00,0.0,0.0,,4959.94,5000.0,20.0,0.0,False
2024-07-21 00:00:00,0.0,0.0,1.96,4809.57,5000.0,19.9,0.0,False
2024-07-04 16:00:00,0.0,0.0,1.76,4985.86,5000.0,28.4,0.0,False
2024-06-08 00:00:00,0.0,,2.4,4812.91,5000.0,19.6,0.0,False
2024-05-10 00:00:00,0.0,0.0,2.11,4897.42,5000.0,14.9,0.0,False
2024-05-08 13:00:00,0.0,0.0,2.15,4991.93,5000.0,22.9,0.0,False
2024-07-03 08:00:00,0.0,0.0,37.26,4891.44,5000.0,21.0,0.0,False
2024-04-24 04:00:00,0.0,0.0,2.31,3629.15,5000.0,10.6,0.0,False
2024-06-21 16:00:00,0.0,0.0,2.28,4290.7,5000.0,27.8,0.0,False
2024-08-16 15:00:00,0.0,0.0,2.03,4384.55,5000.0,28.3,0.0,False
2024-09-19 03:00:00,0.0,0.0,2.18,4027.12,5000.0,14.6,0.0,False
2024-09-03 16:00:00,0.0,0.0,1.93,4392.54,5000.0,24.7,0.0,False
2024-08-24 11:00:00,0.0,0.0,2.22,2322.1,5000.0,23.9,0.0,False
2024-07-27 09:00:00,0.0,,2.44,4220.78,5000.0,23.7,0.0,False
2024-06-27 01:00:00,0.0,0.0,2.39,4808.93,5000.0,,0.0,False
2024-06-24 15:00:00,0.0,0.0,2.01,4987.02,5000.0,30.6,0.0,False
2024-05-04 15:00:00,0.0,0.0,1.93,4991.57,5000.0,22.4,0.0,False
2024-04-16 01:00:00,0.0,0.0,2.39,3376.83,5000.0,9.9,0.0,False
2024-09-23 05:00:00,0.0,0.0,2.31,4836.84,5000.0,13.1,0.0,False
2024-08-25 12:00:00,0.0,0.0,64.13,2727.12,5000.0,25.1,0.0,False
2024-07-06 01:00:00,0.0,0.0,1.89,4626.04,5000.0,19.1,0.0,False
2024-09-02 18:00:00,0.0,0.0,38.27,4832.52,5000.0,22.8,0.0,False
2024-07-15 00:00:00,0.0,0.0,2.27,4191.5,5000.0,19.4,0.0,False
2024-05-02 21:00:00,0.0,0.0,46.22,4829.78,5000.0,,0.0,False
2024-05-02 12:00:00,0.0,,2.39,4995.65,5000.0,21.9,0.0,False
2024-07-23 20:00:00,0.0,0.0,38.68,4565.11,5000.0,23.9,0.0,False
2024-07-18 05:00:00,0.0,0.0,2.42,4940.21,5000.0,20.7,0.0,False
2024-08-06 03:00:00,0.0,0.0,1.89,4364.53,5000.0,18.4,0.0,False
2024-06-22 09:00:00,2.65,318.41,2.37,5000.0,5000.0,22.7,316.04,False
2024-10-03 07:00:00,0.0,0.0,39.81,1630.64,5000.0,,0.0,False
2024-08-25 19:00:00,0.0,,37.1,2586.47,5000.0,23.9,0.0,False
2024-09-14 03:00:00,0.0,0.0,2.44,4905.44,5000.0,,0.0,False
2024-04-13 19:00:00,0.0,0.0,52.48,3372.1,5000.0,17.7,0.0,False
2024-06-08 22:00:00,0.0,0.0,1.96,4315.23,5000.0,21.9,0.0,False
2024-08-23 12:00:00,0.0,0.0,2.02,2622.37,5000.0,25.8,0.0,False
2024-07-25 00:00:00,0.44,54.54,2.23,4844.49,5000.0,19.6,0.0,False
2024-08-13 02:00:00,0.0,0.0,1.99,4792.19,5000.0,16.6,0.0,False
2024-08-12 06:00:00,0.0,0.0,29.95,4970.05,5000.0,19.5,0.0,False
2024-05-11 11:00:00,0.0,0.0,2.19,4871.81,5000.0,22.3,0.0,False
2024-04-17 00:00:00,0.0,0.0,2.05,4996.0,5000.0,10.8,0.0,False
2024-06-13 02:00:00,0.0,0.0,2.38,4673.53,5000.0,17.1,0.0,False
2024-06-08 23:00:00,0.0,0.0,1.81,4313.42,5000.0,18.6,0.0,False
2024-04-25 07:00:00,0.0,0.0,35.32,3979.28,5000.0,12.6,0.0,False
2024-05-31 09:00:00,0.0,0.0,1.91,4335.07,5000.0,23.4,0.0,False
2024-05-04 06:00:00,0.0,0.0,31.01,4503.97,5000.0,15.8,0.0,False
2024-05-30 16:00:00,0.0,0.0,2.48,4638.79,5000.0,24.8,0.0,False
2024-05-10 11:00:00,0.0,0.0,1.71,4781.09,5000.0,21.1,0.0,False
2024-07-30 22:00:00,0.79,95.08,,4789.82,5000.0,23.3,0.0,False
2024-10-03 09:00:00,0.0,0.0,2.19,1591.7,5000.0,17.1,0.0,False
2024-05-27 21:00:00,0.0,0.0,49.73,4618.57,5000.0,22.0,0.0,False
2024-06-14 22:00:00,0.0,0.0,1.8,3899.94,5000.0,20.8,0.0,False
2024-07-31 03:00:00,1.21,150.99,1.9,5000.0,5000.0,18.6,149.09,False
2024-09-18 03:00:00,0.0,0.0,2.02,4390.41,5000.0,14.3,0.0,False
2024-08-14 04:00:00,,0.0,2.44,4983.8,5000.0,,0.0,False
2024-07-05 05:00:00,0.0,0.0,,4997.91,5000.0,21.3,0.0,False
2024-06-27 02:00:00,0.0,0.0,2.2,4806.73,5000.0,17.6,0.0,False
2024-05-31 00:00:00,0.0,0.0,2.0,4450.12,5000.0,19.0,0.0,False
2024-07-15 11:00:00,0.0,0.0,1.99,4080.91,5000.0,26.8,0.0,False
2024-09-17 18:00:00,0.0,0.0,45.55,4548.37,5000.0,23.2,0.0,False
2024-05-04 03:00:00,0.0,0.0,1.98,4539.65,5000.0,12.7,0.0,False
2024-07-27 14:00:00,0.0,0.0,2.43,4209.66,5000.0,28.0,0.0,False
2024-08-05 10:00:00,0.0,0.0,1.77,4402.0,5000.0,24.3,0.0,False
2024-06-29 12:00:00,1.9,235.3,58.15,4193.18,5000.0,27.6,0.0,False
2024-04-15 02:00:00,0.0,0.0,2.09,3864.49,5000.0,10.5,0.0,False
2024-08-01 23:00:00,0.37,51.0,1.99,4692.05,5000.0,,0.0,False
2024-07-21 16:00:00,0.0,0.0,2.07,4997.93,5000.0,31.8,0.0,False
2024-10-01 20:00:00,0.0,0.0,41.51,2083.8,5000.0,18.5,0.0,False
2024-08-23 20:00:00,0.0,0.0,39.68,2478.7,5000.0,24.2,0.0,False
2024-10-06 12:00:00,0.0,0.0,64.54,986.11,5000.0,19.8,0.0,False
2024-08-05 03:00:00,0.0,0.0,1.7,4513.46,5000.0,18.4,0.0,False
2024-05-09 10:00:00,0.0,0.0,2.03,4890.46,5000.0,20.6,0.0,False
2024-09-30 08:00:00,0.0,0.0,32.75,2425.69,5000.0,15.9,0.0,False
2024-04-27 18:00:00,0.0,0.0,39.38,4494.51,5000.0,22.5,0.0,False
2024-10-01 08:00:00,0.0,0.0,31.24,,5000.0,16.9,0.0,False
2024-08-29 01:00:00,0.0,0.0,2.29,4538.15,5000.0,16.3,0.0,False
2024-04-15 05:00:00,0.0,0.0,2.27,,5000.0,11.4,0.0,False
2024-07-07 11:00:00,2.15,284.97,2.49,4753.62,5000.0,23.7,0.0,False
2024-04-26 16:00:00,0.0,0.0,2.42,4685.65,5000.0,23.0,0.0,False
2024-09-28 21:00:00,0.0,0.0,41.34,2855.85,5000.0,18.0,0.0,False
2024-06-18 01:00:00,0.86,117.25,,4310.36,5000.0,19.2,0.0,False
2024-09-16 15:00:00,0.0,0.0,1.88,4291.11,5000.0,24.2,0.0,False
2024-08-20 11:00:00,0.0,0.0,2.36,3453.38,5000.0,24.3,0.0,False
2024-04-28 22:00:00,0.0,0.0,1.88,,5000.0,15.9,0.0,False
2024-06-18 07:00:00,0.0,,38.1,4851.45,5000.0,22.4,0.0,False
2024-06-30 10:00:00,0.0,0.0,2.49,4716.31,5000.0,25.4,0.0,False
2024-07-29 17:00:00,0.0,0.0,2.29,4364.8,5000.0,27.9,0.0,False
2024-09-09 16:00:00,0.0,0.0,1.84,4534.49,5000.0,26.6,0.0,False
2024-08-18 10:00:00,0.0,0.0,1.8,4049.9,5000.0,24.4,0.0,False
2024-04-11 01:00:00,0.0,0.0,2.43,1942.01,5000.0,9.0,0.0,False
2024-05-29 12:00:00,0.0,0.0,1.78,4668.7,5000.0,23.5,0.0,False
2024-05-08 07:00:00,2.46,310.24,28.11,5000.0,5000.0,17.3,282.13,False
2024-06-15 18:00:00,0.0,0.0,50.05,3719.69,5000.0,25.8,0.0,False
2024-04-24 09:00:00,0.0,0.0,1.77,3524.47,5000.0,18.1,0.0,False
2024-05-07 08:00:00,0.0,0.0,27.8,4378.41,5000.0,15.7,0.0,False
2024-07-06 04:00:00,0.0,0.0,2.01,4619.09,5000.0,18.6,0.0,False
2024-04-14 02:00:00,0.0,0.0,,3272.51,5000.0,11.5,0.0,False
2024-06-09 00:00:00,0.0,0.0,2.18,4311.24,5000.0,17.3,0.0,False
2024-05-28 14:00:00,0.0,0.0,,4487.47,5000.0,,0.0,False
2024-04-25 15:00:00,0.0,0.0,1.98,4989.53,5000.0,21.2,0.0,False
2024-09-25 16:00:00,0.0,0.0,2.09,3931.41,5000.0,22.1,0.0,False
2024-07-05 21:00:00,0.0,0.0,51.27,4633.79,5000.0,23.4,0.0,False
2024-09-04 16:00:00,0.0,0.0,2.15,4070.55,5000.0,26.2,0.0,False
2024-09-12 00:00:00,0.0,0.0,1.8,4816.84,5000.0,16.8,0.0,False
2024-07-08 01:00:00,0.0,0.0,2.16,4799.8,5000.0,20.4,0.0,False
2024-10-05 15:00:00,0.0,0.0,2.09,,5000.0,18.6,0.0,False
2024-04-28 09:00:00,0.0,0.0,2.03,4235.25,5000.0,17.9,0.0,False
2024-06-08 15:00:00,0.0,0.0,2.4,4496.32,5000.0,27.6,0.0,False
2024-04-11 22:00:00,,0.0,1.87,4017.56,5000.0,13.5,0.0,False
2024-05-24 01:00:00,0.0,0.0,2.26,4561.63,5000.0,15.8,0.0,False
2024-05-10 18:00:00,0.0,0.0,44.68,4724.14,5000.0,22.2,0.0,False
2024-10-07 05:00:00,0.0,0.0,2.44,706.15,5000.0,12.2,0.0,False
2024-07-25 02:00:00,,40.36,2.1,4911.71,5000.0,19.3,0.0,False
2024-09-20 02:00:00,0.0,0.0,2.02,3707.96,5000.0,16.5,0.0,False
2024-07-11 02:00:00,0.0,0.0,2.45,4804.93,5000.0,22.0,0.0,False
2024-07-25 21:00:00,0.0,0.0,36.03,4822.75,5000.0,23.7,0.0,False
2024-07-18 10:00:00,0.0,0.0,2.14,4995.44,5000.0,26.5,0.0,False
2024-04-19 10:00:00,0.0,0.0,2.23,4905.09,5000.0,14.7,0.0,False
2024-05-02 06:00:00,1.38,176.12,32.47,5000.0,5000.0,14.8,105.74,False
2024-05-24 12:00:00,0.0,0.0,51.48,4325.27,5000.0,23.7,0.0,False
2024-07-13 20:00:00,0.0,0.0,40.79,4739.14,5000.0,24.2,0.0,False
2024-08-11 23:00:00,0.0,,,4914.14,5000.0,19.9,0.0,False
2024-04-19 03:00:00,1.79,227.95,1.74,5000.0,5000.0,8.5,226.21,False
2024-08-27 08:00:00,0.0,0.0,27.23,2949.4,5000.0,22.7,0.0,False
2024-08-17 19:00:00,0.68,81.74,52.17,,5000.0,24.9,0.0,False
2024-09-17 04:00:00,1.39,161.02,1.81,4241.74,5000.0,14.8,0.0,False
2024-06-18 17:00:00,0.0,0.0,2.17,4995.62,5000.0,29.1,0.0,False
2024-09-14 18:00:00,2.12,264.68,35.84,5000.0,5000.0,22.8,228.84,False
2024-07-15 17:00:00,0.0,0.0,2.31,,5000.0,26.1,0.0,False
2024-05-30 07:00:00,0.0,0.0,34.39,4866.1,5000.0,20.4,0.0,False
2024-04-24 03:00:00,0.0,0.0,2.23,3631.46,5000.0,10.6,0.0,False
2024-10-06 16:00:00,0.0,0.0,2.08,912.11,5000.0,19.4,0.0,False
2024-08-09 16:00:00,0.0,0.0,2.13,4996.1,5000.0,27.3,0.0,False
2024-08-15 02:00:00,0.0,0.0,2.32,4991.62,5000.0,18.8,0.0,False
2024-10-05 12:00:00,,0.0,2.33,1411.69,5000.0,19.4,0.0,False
2024-04-20 13:00:00,0.0,0.0,2.44,4585.59,5000.0,23.8,0.0,False
2024-09-11 20:00:00,0.0,0.0,36.83,4864.55,5000.0,22.0,0.0,False
2024-07-25 22:00:00,0.0,0.0,1.75,4821.0,5000.0,22.5,0.0,False
2024-07-19 02:00:00,0.0,0.0,2.27,4817.55,5000.0,20.7,0.0,False
2024-06-08 12:00:00,0.0,0.0,63.47,4566.18,5000.0,25.6,0.0,False
2024-06-26 09:00:00,0.0,0.0,,4710.17,5000.0,,0.0,False
2024-08-03 17:00:00,0.0,0.0,2.05,4991.73,5000.0,28.1,0.0,False
2024-08-27 23:00:00,0.0,0.0,1.95,4852.59,5000.0,19.9,0.0,False
2024-06-01 07:00:00,0.0,0.0,38.03,4784.2,5000.0,17.7,0.0,False
2024-05-07 02:00:00,0.0,0.0,2.14,4351.08,5000.0,14.3,0.0,False
2024-06-05 20:00:00,0.0,0.0,43.91,4908.52,5000.0,23.7,0.0,False
2024-07-04 03:00:00,0.0,0.0,2.01,4823.28,5000.0,18.3,0.0,False
2024-04-09 02:00:00,0.0,0.0,2.33,2743.16,5000.0,8.7,0.0,False
2024-04-09 19:00:00,0.0,0.0,47.31,2343.81,5000.0,15.7,0.0,False
2024-04-09 19:00:00,0.0,0.0,47.31,2343.81,5000.0,15.7,0.0,False
2024-08-09 10:00:00,0.0,0.0,2.17,4997.83,5000.0,25.7,0.0,False
2024-04-29 08:00:00,0.0,0.0,29.09,4899.47,5000.0,15.4,0.0,False
2024-04-14 07:00:00,0.0,0.0,34.24,3297.87,5000.0,13.5,0.0,False
2024-09-30 13:00:00,0.0,0.0,67.86,2229.69,5000.0,22.8,0.0,False
2024-07-20 13:00:00,2.13,268.26,48.77,4685.6,5000.0,28.9,0.0,False
2024-07-09 19:00:00,0.0,0.0,42.8,4902.25,5000.0,28.2,0.0,False
2024-07-23 07:00:00,0.0,0.0,37.53,4919.14,5000.0,23.6,0.0,False
2024-07-08 23:00:00,0.0,0.0,2.13,4816.62,5000.0,18.7,0.0,False
2024-05-19 14:00:00,0.0,0.0,2.07,4646.61,5000.0,25.4,0.0,False
2024-07-03 17:00:00,0.0,0.0,1.74,4871.93,5000.0,28.7,0.0,False
2024-07-26 05:00:00,0.0,0.0,2.32,4806.75,5000.0,18.0,0.0,False
2024-05-21 16:00:00,0.0,0.0,2.04,4783.48,5000.0,25.9,0.0,False
2024-06-05 03:00:00,0.0,0.0,2.1,3988.46,5000.0,18.1,0.0,False
2024-05-19 12:00:00,0.0,0.0,1.81,4651.02,5000.0,22.1,0.0,False
2024-09-09 21:00:00,0.0,0.0,47.12,4348.87,5000.0,20.8,0.0,False
2024-08-27 05:00:00,0.0,0.0,2.03,3043.2,5000.0,16.2,0.0,False
2024-05-01 02:00:00,0.0,0.0,2.25,4193.03,5000.0,15.1,0.0,False
2024-04-25 10:00:00,5.62,705.79,1.82,5000.0,5000.0,18.9,703.97,False
2024-07-22 05:00:00,0.0,0.0,2.22,4817.49,5000.0,17.5,0.0,False
2024-09-09 18:00:00,0.0,0.0,51.43,4480.78,5000.0,24.4,0.0,False
2024-07-29 01:00:00,0.0,0.0,2.41,4687.36,5000.0,19.4,0.0,False
2024-09-08 04:00:00,1.68,224.93,2.13,3980.13,5000.0,14.5,0.0,False
2024-08-29 15:00:00,0.0,0.0,1.86,4408.82,5000.0,26.0,0.0,False
2024-09-15 11:00:00,0.0,0.0,52.24,,5000.0,22.6,0.0,False
2024-08-14 17:00:00,0.0,0.0,1.97,4855.63,5000.0,26.4,0.0,False
2024-04-29 02:00:00,3.71,509.73,1.96,5000.0,5000.0,,507.77,False
2024-08-23 08:00:00,0.0,0.0,30.52,2630.5,5000.0,21.1,0.0,False
2024-05-30 00:00:00,0.0,0.0,2.04,4946.23,5000.0,,0.0,False
2024-05-21 08:00:00,0.0,0.0,27.93,4972.07,5000.0,17.8,0.0,False
2024-10-04 00:00:00,0.0,0.0,2.06,1227.74,5000.0,11.5,0.0,False
2024-09-08 01:00:00,1.81,230.67,1.83,3302.98,5000.0,17.1,0.0,False
2024-07-08 00:00:00,0.0,0.0,2.08,4801.96,5000.0,17.8,0.0,False
2024-07-11 06:00:00,0.0,0.0,34.04,4764.73,5000.0,22.6,0.0,False
2024-06-10 20:00:00,0.0,0.0,50.05,4445.04,5000.0,24.5,0.0,False
2024-05-18 22:00:00,0.0,0.0,2.37,4558.86,5000.0,21.2,0.0,False
2024-09-27 01:00:00,0.0,0.0,1.93,3637.0,5000.0,11.7,0.0,False
2024-08-04 14:00:00,0.0,0.0,2.42,4693.1,5000.0,26.1,0.0,False
2024-08-14 05:00:00,0.0,0.0,2.48,4981.32,5000.0,18.2,0.0,False
2024-06-09 13:00:00,0.0,0.0,1.87,,5000.0,25.9,0.0,False
2024-05-12 08:00:00,0.0,0.0,30.73,4897.49,5000.0,16.0,0.0,False
2024-07-02 15:00:00,0.0,0.0,1.84,4619.71,5000.0,29.4,0.0,False
2024-07-01 01:00:00,0.0,0.0,2.11,4517.47,5000.0,19.8,0.0,False
2024-05-24 04:00:00,0.0,0.0,1.8,4555.92,5000.0,15.5,0.0,False
2024-07-28 11:00:00,0.0,0.0,2.38,3912.45,5000.0,27.1,0.0,False
2024-10-02 17:00:00,0.0,0.0,2.24,1901.7,5000.0,,0.0,False
2024-07-06 07:00:00,0.0,0.0,30.93,4552.47,5000.0,21.5,0.0,False
2024-06-15 02:00:00,0.0,0.0,2.41,3890.97,5000.0,19.2,0.0,False
2024-06-01 09:00:00,0.0,0.0,2.3,4754.29,5000.0,,0.0,False
2024-07-17 18:00:00,2.15,234.88,,5000.0,5000.0,30.8,186.9,False
2024-10-07 01:00:00,0.0,0.0,1.74,714.66,5000.0,9.0,0.0,False
2024-06-20 14:00:00,0.0,0.0,2.11,4605.25,5000.0,27.0,0.0,False
2024-08-02 07:00:00,0.0,0.0,37.83,4747.28,5000.0,20.0,0.0,False
2024-05-11 14:00:00,0.0,0.0,2.49,4864.86,5000.0,25.4,0.0,False
2024-04-09 18:00:00,0.0,0.0,46.71,2391.12,5000.0,18.0,0.0,False
2024-10-05 20:00:00,0.0,0.0,43.61,1270.3,5000.0,15.6,0.0,False
2024-07-24 08:00:00,5.77,687.75,34.24,5000.0,5000.0,20.4,540.36,False
2024-09-22 02:00:00,0.0,0.0,2.13,3387.45,5000.0,13.8,0.0,False
2024-05-19 10:00:00,0.0,,2.37,4654.55,5000.0,21.4,0.0,False
2024-08-20 00:00:00,0.0,0.0,2.27,3574.44,5000.0,,0.0,False
2024-09-25 04:00:00,0.0,0.0,2.41,4044.79,5000.0,14.3,0.0,False
2024-05-07 09:00:00,0.49,63.46,2.27,4439.6,5000.0,18.1,0.0,False
2024-04-20 08:00:00,0.0,,29.38,4595.4,5000.0,13.1,0.0,False
2024-05-31 15:00:00,2.2,265.08,2.09,5000.0,5000.0,28.6,262.99,False
2024-06-04 21:00:00,0.0,0.0,49.07,4001.37,5000.0,21.9,0.0,False
2024-09-29 15:00:00,0.0,0.0,2.01,2724.16,5000.0,21.4,0.0,False
2024-06-19 06:00:00,0.0,0.0,27.5,4929.71,5000.0,18.1,0.0,False
2024-06-13 20:00:00,0.0,0.0,48.91,4410.29,5000.0,24.1,0.0,False
2024-04-29 15:00:00,0.0,0.0,2.22,4884.69,5000.0,21.0,0.0,False
2024-09-09 12:00:00,0.0,0.0,51.07,4603.64,5000.0,21.3,0.0,False
2024-07-17 11:00:00,0.0,0.0,70.58,4927.02,5000.0,26.2,0.0,False
2024-05-13 00:00:00,0.0,0.0,1.85,4493.17,5000.0,16.1,0.0,False
2024-04-29 03:00:00,2.86,380.92,1.85,5000.0,5000.0,13.1,379.07,False
2024-05-09 05:00:00,2.76,368.46,1.86,5000.0,5000.0,13.6,269.62,False
2024-08-22 22:00:00,0.0,0.0,1.79,2743.23,5000.0,21.3,0.0,False
2024-09-19 00:00:00,0.0,0.0,1.82,4033.8,5000.0,14.9,0.0,False
2024-05-23 19:00:00,0.0,0.0,44.08,4667.68,5000.0,22.0,0.0,False
2024-07-18 02:00:00,0.0,0.0,1.99,4946.87,5000.0,19.6,0.0,False
2024-05-07 06:00:00,0.0,0.0,,4312.31,5000.0,16.3,0.0,False
2024-04-20 15:00:00,0.0,0.0,1.76,,5000.0,18.4,0.0,False
2024-09-19 07:00:00,0.0,0.0,39.7,3945.49,5000.0,17.2,0.0,False
2024-08-16 12:00:00,0.0,0.0,50.35,4455.96,5000.0,27.1,0.0,False
2024-08-05 12:00:00,0.0,0.0,2.25,4397.29,5000.0,25.7,0.0,False
2024-09-16 13:00:00,0.0,0.0,1.9,4295.27,5000.0,24.5,0.0,False
2024-05-25 19:00:00,0.0,,,4548.8,5000.0,23.2,0.0,False
2024-07-08 07:00:00,,0.0,31.49,4726.14,5000.0,22.1,0.0,False
2024-05-10 04:00:00,0.0,0.0,2.3,4888.71,5000.0,13.8,0.0,False
2024-09-13 21:00:00,0.0,0.0,36.37,4919.0,5000.0,18.1,0.0,False
2024-09-24 07:00:00,0.0,0.0,34.04,4452.27,5000.0,16.4,0.0,False
2024-06-12 15:00:00,0.0,0.0,2.07,4878.38,5000.0,26.4,0.0,False
2024-07-17 21:00:00,0.0,0.0,42.9,4957.1,5000.0,,0.0,False
2024-05-21 00:00:00,0.0,0.0,2.22,4827.91,5000.0,16.2,0.0,False
2024-06-09 04:00:00,1.38,173.87,2.15,4476.5,5000.0,18.5,0.0,False
2024-08-03 04:00:00,0.0,0.0,2.32,4919.54,5000.0,21.1,0.0,False
2024-09-07 21:00:00,0.0,0.0,44.51,3079.97,5000.0,19.9,0.0,False
2024-06-01 06:00:00,0.0,0.0,27.6,4822.23,5000.0,18.3,0.0,False
2024-06-19 22:00:00,0.0,,2.18,4911.34,5000.0,21.2,0.0,False
2024-08-04 18:00:00,0.0,0.0,37.72,4648.53,5000.0,26.9,0.0,False
2024-05-23 11:00:00,0.0,0.0,2.35,4602.57,5000.0,24.0,0.0,False
2024-07-27 15:00:00,0.0,0.0,1.93,4207.73,5000.0,28.0,0.0,False
2024-09-07 08:00:00,0.0,0.0,38.3,3162.35,5000.0,20.4,0.0,False
2024-07-09 21:00:00,0.0,,47.07,4814.28,5000.0,26.2,0.0,False
2024-06-26 17:00:00,0.0,0.0,2.48,4995.72,5000.0,29.9,0.0,False
2024-05-26 07:00:00,0.0,0.0,38.34,4389.71,5000.0,20.8,0.0,False
2024-05-02 02:00:00,0.0,0.0,2.41,4716.89,5000.0,,0.0,False
2024-09-19 08:00:00,0.0,0.0,32.2,3913.29,5000.0,18.6,0.0,False
2024-06-08 13:00:00,0.0,0.0,65.62,4500.56,5000.0,26.2,0.0,False
2024-07-15 10:00:00,0.0,,,4082.9,5000.0,23.7,0.0,False
2024-09-18 13:00:00,0.0,0.0,61.12,4087.15,5000.0,22.7,0.0,False
2024-04-12 07:00:00,0.0,0.0,32.36,4009.49,5000.0,,0.0,False
2024-05-24 15:00:00,0.0,18541.54768778242,2.4,4252.02,5000.0,25.1,0.0,True
2024-04-30 02:00:00,0.0,0.0,2.36,4687.26,5000.0,11.8,0.0,False
2024-07-12 16:00:00,0.0,0.0,,4869.85,5000.0,28.2,0.0,False
2024-10-04 07:00:00,0.99,121.01,36.74,1271.37,5000.0,12.7,0.0,False
2024-09-26 14:00:00,0.0,0.0,2.28,3817.81,5000.0,21.3,0.0,False
2024-06-19 17:00:00,0.0,0.0,2.49,,5000.0,27.2,0.0,False
2024-04-23 23:00:00,0.0,0.0,2.19,3277.63,5000.0,15.5,0.0,False
2024-07-24 16:00:00,0.0,0.0,2.46,4983.78,5000.0,29.3,0.0,False
2024-08-06 04:00:00,0.0,0.0,2.27,4362.26,5000.0,18.5,0.0,False
2024-08-29 05:00:00,0.0,0.0,1.98,4529.95,5000.0,15.0,0.0,False
2024-05-27 04:00:00,0.0,0.0,2.09,4713.48,5000.0,16.0,0.0,False
2024-06-15 08:00:00,0.0,0.0,27.65,3788.33,5000.0,20.4,0.0,False
2024-08-20 07:00:00,0.0,0.0,,3496.02,5000.0,17.2,0.0,False
2024-09-21 15:00:00,0.0,0.0,,3570.92,5000.0,22.4,0.0,False
2024-09-25 05:00:00,0.0,0.0,1.84,4042.95,5000.0,12.2,0.0,False
2024-04-21 00:00:00,0.0,0.0,1.93,4383.84,5000.0,12.8,0.0,False
2024-04-09 14:00:00,0.0,0.0,2.13,2444.68,5000.0,19.0,0.0,False
2024-05-16 03:00:00,0.0,0.0,2.38,4795.29,5000.0,14.6,0.0,False
2024-07-12 13:00:00,0.0,0.0,2.25,4875.53,5000.0,26.9,0.0,False
2024-06-28 08:00:00,0.0,0.0,29.95,4404.55,5000.0,21.7,0.0,False
2024-05-02 07:00:00,2.04,247.48,36.75,5000.0,5000.0,16.2,210.73,False
2024-09-29 12:00:00,0.0,0.0,1.88,2730.42,5000.0,22.2,0.0,False
2024-09-17 06:00:00,0.0,0.0,29.47,4210.24,5000.0,14.1,0.0,False
2024-08-08 02:00:00,1.08,139.2,1.91,5000.0,5000.0,17.0,137.29,False
2024-06-03 01:00:00,0.0,0.0,1.86,4607.98,5000.0,19.1,0.0,False
2024-09-26 20:00:00,0.0,0.0,41.35,3696.55,5000.0,18.3,0.0,False
2024-09-10 02:00:00,0.0,0.0,2.03,4338.77,5000.0,14.6,0.0,False
2024-06-23 21:00:00,0.0,0.0,40.25,5338.880449007505,5000.0,24.7,0.0,True
2024-08-06 08:00:00,0.0,0.0,35.33,4262.89,5000.0,22.7,0.0,False
2024-06-11 20:00:00,0.0,0.0,47.71,4732.26,5000.0,22.8,0.0,False
2024-07-20 14:00:00,3.54,402.45,1.87,5000.0,5000.0,29.7,86.18,False
2024-06-05 01:00:00,0.0,0.0,,3992.42,5000.0,17.4,0.0,False
2024-06-09 21:00:00,0.0,0.0,38.35,4700.29,5000.0,23.7,0.0,False
2024-10-03 11:00:00,0.0,0.0,63.48,1525.92,5000.0,17.6,0.0,False
2024-06-25 18:00:00,0.0,,48.68,,5000.0,26.8,0.0,False
2024-06-01 12:00:00,0.0,0.0,1.9,,5000.0,25.1,0.0,False
2024-04-30 09:00:00,0.0,0.0,,4574.71,5000.0,,0.0,False
2024-06-11 06:00:00,0.0,0.0,35.95,4346.46,5000.0,18.6,0.0,False
2024-04-18 02:00:00,0.0,0.0,2.42,4995.49,5000.0,,0.0,False
2024-07-23 11:00:00,0.0,0.0,61.5,4824.68,5000.0,27.7,0.0,False
2024-05-18 06:00:00,0.0,0.0,28.73,5820.809708315066,5000.0,14.5,0.0,True
2024-07-21 10:00:00,0.0,0.0,1.78,4693.28,5000.0,25.4,0.0,False
2024-04-11 21:00:00,0.0,,46.04,4019.43,5000.0,,0.0,False
2024-05-20 18:00:00,0.0,0.0,40.9,4959.1,5000.0,23.7,0.0,False
2024-07-29 13:00:00,0.0,0.0,49.94,4373.78,5000.0,27.4,0.0,False
2024-09-13 06:00:00,0.0,0.0,33.32,4499.24,5000.0,15.9,0.0,False
2024-04-28 17:00:00,0.0,0.0,1.82,4468.47,5000.0,21.0,0.0,False
2024-08-01 19:00:00,0.0,0.0,49.72,4694.72,5000.0,26.3,0.0,False
2024-08-06 14:00:00,2.88,372.7,1.86,5000.0,5000.0,26.4,258.45,False
2024-06-08 09:00:00,0.0,0.0,2.07,4700.24,5000.0,22.5,0.0,False
2024-06-07 09:00:00,0.0,0.0,2.1,4415.92,5000.0,21.6,0.0,False
2024-06-09 22:00:00,0.0,0.0,2.06,4698.23,5000.0,20.2,0.0,False
2024-04-27 08:00:00,,0.0,29.06,4735.85,5000.0,16.8,0.0,False
2024-08-08 16:00:00,0.92,123.06,2.14,,5000.0,27.1,5.46,False
2024-08-31 16:00:00,0.0,0.0,2.17,3606.25,5000.0,26.1,0.0,False
2024-05-30 06:00:00,0.0,0.0,36.02,4900.49,5000.0,16.9,0.0,False
2024-08-28 14:00:00,0.0,0.0,2.34,4721.8,5000.0,26.7,0.0,False
2024-09-24 13:00:00,0.0,0.0,50.23,4254.4,5000.0,22.4,0.0,False
2024-09-16 00:00:00,0.0,0.0,1.78,4425.28,5000.0,15.0,0.0,False
2024-06-20 02:00:00,0.0,0.0,1.97,4902.53,5000.0,17.1,0.0,False
2024-07-20 18:00:00,0.0,0.0,42.25,4957.75,5000.0,27.2,0.0,False
2024-06-07 20:00:00,0.0,0.0,42.97,4858.87,5000.0,25.1,0.0,False
2024-07-14 16:00:00,0.0,0.0,2.13,4377.62,5000.0,28.7,0.0,False
2024-08-14 02:00:00,0.0,0.0,2.02,4988.66,5000.0,17.0,0.0,False
2024-08-10 07:00:00,0.0,0.0,35.64,4924.3,5000.0,19.3,0.0,False
2024-09-26 01:00:00,,0.0,2.25,3755.4,5000.0,13.0,0.0,False
2024-06-11 13:00:00,0.0,0.0,65.48,4426.61,5000.0,26.6,0.0,False
2024-07-18 01:00:00,0.0,0.0,2.41,4948.86,5000.0,18.3,0.0,False
2024-07-28 19:00:00,3.05,403.07,43.08,4213.74,5000.0,24.1,0.0,False
2024-09-06 21:00:00,0.0,0.0,46.61,3279.7,5000.0,22.9,0.0,False
2024-04-17 15:00:00,3.2,407.76,1.73,5000.0,5000.0,18.4,406.03,False
2024-09-24 22:00:00,0.0,0.0,2.18,4057.64,5000.0,17.3,0.0,False
2024-05-23 05:00:00,0.0,0.0,2.25,4721.95,5000.0,16.0,0.0,False
2024-05-26 23:00:00,0.0,0.0,1.73,4160.03,5000.0,18.7,0.0,False
2024-05-07 23:00:00,0.0,0.0,2.19,4611.41,5000.0,15.8,0.0,False
2024-04-30 19:00:00,0.0,0.0,38.63,4298.9,5000.0,21.8,0.0,False
2024-10-02 00:00:00,0.0,0.0,2.08,2035.54,5000.0,14.2,0.0,False
2024-06-03 16:00:00,0.0,0.0,1.76,4485.25,5000.0,25.9,0.0,False
2024-05-03 04:00:00,0.0,0.0,1.78,4998.22,5000.0,13.4,0.0,False
2024-09-09 08:00:00,0.0,0.0,29.18,4709.24,5000.0,19.1,0.0,False
2024-09-15 13:00:00,0.0,0.0,52.85,4625.61,5000.0,24.3,0.0,False
2024-06-12 10:00:00,0.0,0.0,2.33,,5000.0,22.2,0.0,False
2024-07-05 02:00:00,1.64,213.9,2.49,5000.0,5000.0,18.2,11.91,False
2024-06-25 12:00:00,0.81,101.87,2.0,5000.0,5000.0,28.2,97.49,False
2024-05-14 14:00:00,0.0,0.0,1.89,4050.58,5000.0,22.5,0.0,False
2024-05-05 19:00:00,0.0,,50.19,4591.03,5000.0,19.2,0.0,False
2024-09-15 21:00:00,0.0,0.0,52.24,4430.97,5000.0,18.0,0.0,False
2024-07-27 22:00:00,0.0,0.0,2.42,4027.57,5000.0,21.3,0.0,False
2024-04-10 04:00:00,0.0,0.0,1.99,2241.71,5000.0,9.2,0.0,False
2024-06-24 13:00:00,0.0,0.0,2.08,4991.39,5000.0,27.4,0.0,False
2024-09-03 06:00:00,0.0,0.0,35.56,4650.36,5000.0,16.8,0.0,False
2024-07-11 08:00:00,4.26,597.25,33.65,5000.0,5000.0,23.5,563.6,False
2024-09-16 02:00:00,0.0,0.0,2.24,4420.57,5000.0,,0.0,False
2024-06-07 03:00:00,0.0,0.0,2.25,4523.19,5000.0,18.0,0.0,False
2024-05-30 09:00:00,0.0,,2.16,4832.37,5000.0,22.2,0.0,False
2024-05-20 13:00:00,0.0,0.0,2.35,4346.92,5000.0,,0.0,False
2024-09-26 10:00:00,1.59,189.25,1.94,3827.1,5000.0,17.8,0.0,False
2024-06-25 14:00:00,0.75,95.3,2.27,5000.0,5000.0,,93.03,False
2024-08-19 13:00:00,0.0,0.0,54.38,3766.9,5000.0,26.3,0.0,False
2024-05-04 21:00:00,0.0,0.0,36.78,4819.26,5000.0,18.5,0.0,False
2024-06-15 19:00:00,2.56,311.92,38.13,3993.48,5000.0,26.6,0.0,False
2024-10-02 06:00:00,0.0,0.0,,1993.98,5000.0,11.0,0.0,False
2024-06-21 08:00:00,0.0,0.0,32.97,4307.25,5000.0,20.6,0.0,False
2024-09-10 09:00:00,0.0,0.0,2.08,4238.88,5000.0,19.4,0.0,False
2024-05-03 02:00:00,1.79,224.24,2.33,5000.0,5000.0,12.4,201.04,False
2024-05-26 21:00:00,0.0,0.0,50.08,4163.61,5000.0,21.3,0.0,False
2024-07-03 21:00:00,0.0,0.0,40.03,4721.59,5000.0,22.2,0.0,False
2024-08-02 04:00:00,0.0,0.0,1.9,4818.55,5000.0,17.8,0.0,False
2024-09-11 16:00:00,1.6,207.34,2.07,5000.0,5000.0,24.5,205.27,False
2024-06-02 11:00:00,0.0,0.0,63.7,4932.5,5000.0,24.9,0.0,False
2024-08-09 07:00:00,0.0,0.0,33.14,4824.78,5000.0,20.9,0.0,False
2024-04-10 13:00:00,0.0,0.0,1.95,2138.1,5000.0,17.9,0.0,False
2024-04-09 07:00:00,0.0,0.0,36.47,2668.91,5000.0,13.0,0.0,False
2024-07-12 17:00:00,0.0,0.0,,4867.36,5000.0,26.9,0.0,False
2024-09-26 00:00:00,0.0,0.0,2.06,3757.65,5000.0,13.2,0.0,False
2024-09-29 14:00:00,0.0,0.0,2.07,2726.17,5000.0,20.7,0.0,False
2024-05-05 15:00:00,0.0,0.0,2.4,4688.88,5000.0,22.5,0.0,False
2024-05-12 02:00:00,0.66,85.95,2.34,5000.0,5000.0,16.2,42.16,False
2024-07-15 08:00:00,0.0,0.0,31.3,4087.53,5000.0,21.7,0.0,False
2024-08-29 13:00:00,0.0,0.0,2.41,4413.03,5000.0,25.1,0.0,False
2024-08-24 03:00:00,0.0,0.0,2.33,2428.74,5000.0,18.0,0.0,False
2024-08-10 21:00:00,0.0,0.0,46.83,4518.93,5000.0,22.5,0.0,False
2024-09-05 17:00:00,0.0,0.0,2.03,3952.21,5000.0,,0.0,False
2024-04-12 04:00:00,0.0,0.0,,4005.08,5000.0,11.2,0.0,False
2024-05-31 06:00:00,0.0,0.0,29.74,4409.91,5000.0,16.3,0.0,False
2024-08-26 09:00:00,0.0,0.0,2.0,3246.5,5000.0,20.6,0.0,False
2024-09-30 20:00:00,0.0,0.0,40.02,2078.68,5000.0,16.6,0.0,False
2024-04-18 09:00:00,0.0,0.0,1.7,4896.62,5000.0,15.7,0.0,False
2024-05-07 19:00:00,0.0,,40.94,,5000.0,19.6,0.0,False
2024-05-27 18:00:00,0.0,0.0,44.99,4757.21,5000.0,25.1,0.0,False
2024-04-09 22:00:00,0.0,0.0,1.89,,5000.0,11.3,0.0,False
2024-08-25 13:00:00,0.0,0.0,53.02,2674.1,5000.0,27.5,0.0,False
2024-07-11 18:00:00,0.0,0.0,40.05,4953.07,5000.0,25.5,0.0,False
2024-07-10 22:00:00,0.0,0.0,2.17,4813.94,5000.0,22.5,0.0,False
2024-05-03 09:00:00,0.0,0.0,2.48,4900.42,5000.0,16.5,0.0,False
2024-10-05 14:00:00,0.0,0.0,1.94,1407.28,5000.0,19.9,0.0,False
2024-06-06 05:00:00,0.0,0.0,2.16,4846.1,5000.0,17.6,0.0,False
2024-04-27 17:00:00,0.0,0.0,2.36,4533.89,5000.0,21.1,0.0,False
2024-08-26 11:00:00,0.0,0.0,2.3,3242.16,5000.0,25.2,0.0,False
2024-09-26 15:00:00,0.0,0.0,2.12,3815.69,5000.0,21.7,0.0,False
2024-08-25 16:00:00,0.0,0.0,2.31,2667.58,5000.0,26.5,0.0,False
2024-06-28 11:00:00,0.0,0.0,2.42,4398.47,5000.0,26.2,0.0,False
2024-09-07 11:00:00,0.0,0.0,1.99,3281.48,5000.0,20.5,0.0,False
2024-08-25 21:00:00,0.0,0.0,51.49,2485.38,5000.0,21.7,0.0,False
2024-09-07 12:00:00,0.0,0.0,2.42,3279.06,5000.0,22.5,0.0,False
2024-09-30 05:00:00,0.0,0.0,1.99,2525.28,5000.0,11.1,0.0,False
2024-08-22 11:00:00,0.0,0.0,65.67,3055.06,5000.0,24.9,0.0,False
2024-07-28 07:00:00,0.0,0.0,27.56,3946.16,5000.0,20.5,0.0,False
2024-06-09 20:00:00,0.0,9817.365925856735,44.68,4738.64,5000.0,24.5,0.0,True
2024-04-13 02:00:00,0.0,0.0,2.17,3585.53,5000.0,11.9,0.0,False
2024-09-13 19:00:00,5.03,648.33,36.64,5000.0,5000.0,23.9,567.02,False
2024-06-06 07:00:00,0.0,0.0,30.4,,5000.0,18.5,0.0,False
2024-09-30 10:00:00,0.0,0.0,1.82,2421.49,5000.0,17.6,0.0,False
2024-04-20 18:00:00,0.0,,51.87,4526.24,5000.0,21.1,0.0,False
2024-05-04 04:00:00,0.0,0.0,2.37,4537.28,5000.0,14.6,0.0,False
2024-07-11 23:00:00,0.0,0.0,2.02,4817.29,5000.0,20.4,0.0,False
2024-08-28 00:00:00,4.15,,,5000.0,5000.0,18.7,382.05,False
2024-07-16 00:00:00,0.0,0.0,1.83,3878.9,5000.0,,0.0,False
2024-09-03 04:00:00,0.0,0.0,2.23,4688.29,5000.0,15.1,0.0,False
2024-06-04 20:00:00,0.0,0.0,37.91,4050.44,5000.0,24.4,0.0,False
2024-08-31 05:00:00,0.0,,2.05,3916.86,5000.0,15.8,0.0,False
2024-07-09 17:00:00,0.0,0.0,2.23,4982.94,5000.0,29.5,0.0,False
2024-09-21 06:00:00,0.0,0.0,30.26,3832.95,5000.0,14.9,0.0,False
2024-06-04 14:00:00,0.0,0.0,1.97,4198.78,5000.0,25.2,0.0,False
2024-06-14 04:00:00,0.0,0.0,1.87,4357.68,5000.0,18.8,0.0,False
2024-06-15 00:00:00,0.0,0.0,2.1,3895.67,5000.0,21.2,0.0,False
2024-05-31 18:00:00,1.39,182.17,48.94,5000.0,5000.0,22.9,133.23,False
2024-06-30 02:00:00,0.0,0.0,1.99,4835.19,5000.0,21.0,0.0,False
2024-09-28 10:00:00,0.0,0.0,2.24,3044.48,5000.0,18.3,0.0,False
2024-04-21 17:00:00,0.0,0.0,2.2,4077.47,5000.0,20.0,0.0,False
2024-08-18 05:00:00,0.0,0.0,2.49,4147.01,5000.0,17.5,0.0,False
2024-05-17 19:00:00,0.0,0.0,36.22,4901.94,5000.0,22.6,0.0,False
2024-07-12 10:00:00,0.0,0.0,1.8,4882.45,5000.0,27.6,0.0,False
2024-10-02 05:00:00,0.0,0.0,2.03,2025.34,5000.0,12.7,0.0,False
2024-05-22 06:00:00,0.0,0.0,35.15,4560.5,5000.0,17.9,0.0,False
2024-08-11 01:00:00,0.0,0.0,2.36,4510.06,5000.0,20.1,0.0,False
2024-06-17 00:00:00,0.0,0.0,1.7,,5000.0,19.3,0.0,False
2024-09-21 13:00:00,0.0,0.0,56.3,3575.27,5000.0,22.5,0.0,False
2024-07-31 12:00:00,0.0,0.0,1.87,4883.53,5000.0,27.2,0.0,False
2024-09-23 09:00:00,0.0,0.0,2.28,4733.32,5000.0,17.8,0.0,False
2024-07-17 22:00:00,0.0,0.0,1.92,4955.18,5000.0,21.7,0.0,False
2024-09-07 00:00:00,0.0,0.0,2.33,3272.76,5000.0,15.9,0.0,False
2024-06-27 04:00:00,0.0,0.0,2.1,4802.33,5000.0,21.0,0.0,False
2024-07-05 18:00:00,0.0,0.0,37.43,,5000.0,,0.0,False
2024-09-10 06:00:00,0.0,0.0,27.27,4304.89,5000.0,16.3,0.0,False
2024-08-16 00:00:00,0.0,0.0,2.01,4674.42,5000.0,17.3,0.0,False
2024-04-21 20:00:00,0.0,0.0,43.05,3958.12,5000.0,18.5,0.0,False
2024-07-02 22:00:00,1.97,246.72,2.18,4694.22,5000.0,21.6,0.0,False
2024-05-25 12:00:00,0.0,0.0,2.01,4648.22,5000.0,25.6,0.0,False
2024-06-02 04:00:00,0.0,0.0,2.43,4557.76,5000.0,16.1,0.0,False
2024-08-26 00:00:00,0.0,0.0,2.45,2478.23,5000.0,18.7,0.0,False
2024-10-02 08:00:00,0.0,0.0,35.89,1919.81,5000.0,15.4,0.0,False
2024-07-21 02:00:00,0.0,,2.13,4805.33,5000.0,18.4,0.0,False
2024-05-31 17:00:00,1.87,250.69,2.03,5000.0,5000.0,24.9,248.66,False
2024-04-11 03:00:00,3.05,386.19,1.88,2323.89,5000.0,9.1,0.0,False
2024-05-11 00:00:00,0.0,0.0,2.38,4993.4,5000.0,16.2,0.0,False
2024-09-02 14:00:00,0.0,0.0,1.79,4877.34,5000.0,26.7,0.0,False
2024-04-17 19:00:00,0.0,0.0,45.16,4906.33,5000.0,18.0,0.0,False
2024-04-14 01:00:00,0.0,0.0,2.04,3274.66,5000.0,9.5,0.0,False
2024-10-02 22:00:00,0.0,0.0,2.09,1721.78,5000.0,16.8,0.0,False
2024-08-10 05:00:00,0.0,0.0,1.88,4996.18,5000.0,19.1,0.0,False
2024-08-28 13:00:00,0.0,0.0,61.4,4724.14,5000.0,26.7,0.0,False
2024-07-25 23:00:00,0.0,0.0,1.98,,5000.0,21.4,0.0,False
2024-08-16 06:00:00,0.0,0.0,34.43,4628.91,5000.0,17.8,0.0,False
2024-08-23 21:00:00,0.0,0.0,36.76,2441.94,5000.0,20.3,0.0,False
2024-06-22 21:00:00,2.19,282.38,40.32,5000.0,5000.0,24.2,163.54,False
2024-06-08 10:00:00,0.0,0.0,2.26,4697.98,5000.0,25.3,0.0,False
2024-09-08 22:00:00,0.0,0.0,2.13,4812.85,5000.0,18.1,0.0,False
2024-06-03 14:00:00,0.0,0.0,2.06,4489.38,5000.0,28.8,0.0,False
2024-04-29 00:00:00,1.91,251.64,1.91,4797.84,5000.0,13.5,0.0,False
2024-04-09 20:00:00,0.0,0.0,,2304.28,5000.0,16.0,0.0,False
2024-09-02 11:00:00,0.0,0.0,1.72,4883.42,5000.0,25.5,0.0,False
2024-08-17 09:00:00,0.0,0.0,2.41,4067.31,5000.0,21.6,0.0,False
2024-04-26 21:00:00,0.0,0.0,49.46,4503.53,5000.0,16.3,0.0,False
2024-09-05 00:00:00,0.0,0.0,2.16,4087.36,5000.0,17.2,0.0,False
2024-04-27 19:00:00,0.0,0.0,47.4,4447.11,5000.0,19.4,0.0,False
2024-05-20 16:00:00,3.55,437.37,2.49,5000.0,5000.0,22.9,233.34,False
2024-06-28 00:00:00,0.0,0.0,2.5,4506.17,5000.0,19.1,0.0,False
2024-05-16 05:00:00,0.82,98.75,1.84,4889.92,5000.0,15.4,0.0,False
2024-09-10 17:00:00,0.0,0.0,1.96,4993.8,5000.0,22.4,0.0,False
2024-08-24 05:00:00,0.0,0.0,2.44,2424.34,5000.0,18.6,0.0,False
2024-04-26 10:00:00,0.0,0.0,2.23,4699.11,5000.0,20.3,0.0,False
2024-08-22 12:00:00,0.0,0.0,60.07,,5000.0,25.4,0.0,False
2024-08-25 22:00:00,0.0,0.0,2.23,2483.15,5000.0,20.7,0.0,False
2024-07-11 17:00:00,0.0,0.0,1.96,4993.12,5000.0,28.1,0.0,False
2024-10-01 10:00:00,0.0,0.0,2.05,1912.47,5000.0,18.0,0.0,False
2024-08-25 02:00:00,1.64,215.7,2.46,2329.47,5000.0,17.1,0.0,False
2024-07-17 19:00:00,2.84,378.73,41.57,5000.0,5000.0,27.6,337.16,False
2024-05-24 19:00:00,0.0,0.0,38.62,4158.57,5000.0,21.8,0.0,False
2024-05-07 10:00:00,0.0,0.0,1.93,4437.67,5000.0,16.7,0.0,False
2024-09-12 21:00:00,0.0,0.0,43.93,4547.89,5000.0,19.3,0.0,False
2024-09-28 17:00:00,0.0,0.0,,3030.11,5000.0,22.0,0.0,False
2024-09-16 17:00:00,0.0,0.0,2.23,4286.69,5000.0,23.3,0.0,False
2024-04-22 00:00:00,0.0,0.0,1.94,3907.25,5000.0,11.5,0.0,False
2024-08-26 17:00:00,0.0,0.0,2.1,3229.4,5000.0,25.3,0.0,False
2024-06-02 18:00:00,,0.0,38.51,4756.97,5000.0,26.2,0.0,False
2024-07-07 14:00:00,0.0,0.0,2.35,4997.65,5000.0,28.4,0.0,False
2024-07-30 21:00:00,0.0,0.0,41.97,4696.46,5000.0,22.1,0.0,False
2024-06-17 23:00:00,0.0,0.0,1.71,,5000.0,21.2,0.0,False
2024-05-28 07:00:00,0.0,0.0,39.39,4531.9,5000.0,18.0,0.0,False
2024-04-25 12:00:00,0.0,0.0,2.18,4996.0,5000.0,19.5,0.0,False
2024-09-29 05:00:00,0.0,0.0,2.36,,5000.0,12.0,0.0,False
2024-09-27 18:00:00,0.0,0.0,51.15,3313.31,5000.0,23.5,0.0,False
2024-05-20 14:00:00,0.0,,2.4,4344.52,5000.0,25.2,0.0,False
2024-08-06 18:00:00,0.0,0.0,39.44,4958.47,5000.0,27.0,0.0,False
2024-05-14 23:00:00,0.0,0.0,1.79,4655.75,5000.0,18.3,0.0,False
2024-06-29 17:00:00,0.0,0.0,1.96,4998.04,5000.0,28.0,0.0,False
2024-07-16 18:00:00,2.77,375.59,43.37,5000.0,5000.0,27.2,332.22,False
2024-04-19 05:00:00,2.11,272.9,1.74,5000.0,5000.0,10.8,271.16,False
2024-05-04 10:00:00,2.23,271.56,,4704.46,5000.0,19.8,0.0,False
2024-05-19 17:00:00,0.0,0.0,2.2,4639.79,5000.0,21.8,0.0,False
2024-07-18 21:00:00,0.0,0.0,38.35,4828.54,5000.0,,0.0,False
2024-07-06 21:00:00,0.0,0.0,36.74,4343.09,5000.0,22.8,0.0,False
2024-05-04 08:00:00,0.0,0.0,31.93,4437.07,5000.0,19.6,0.0,False
2024-05-22 19:00:00,0.0,0.0,44.76,4382.99,5000.0,21.8,0.0,False
2024-06-17 07:00:00,0.0,0.0,37.48,4589.6,5000.0,18.7,0.0,False
2024-07-13 10:00:00,0.0,0.0,1.87,4884.64,5000.0,22.6,0.0,False
2024-09-19 10:00:00,0.0,0.0,1.81,3909.66,5000.0,20.1,0.0,False
2024-06-14 23:00:00,0.0,0.0,2.17,3897.77,5000.0,21.2,0.0,False
2024-08-29 21:00:00,0.0,0.0,38.4,,5000.0,21.1,0.0,False
2024-05-22 08:00:00,0.0,0.0,32.14,4490.93,5000.0,17.6,0.0,False
2024-08-30 11:00:00,0.0,0.0,2.02,4114.65,5000.0,24.3,0.0,False
2024-08-11 02:00:00,,0.0,2.11,4507.95,5000.0,18.1,0.0,False
2024-04-12 18:00:00,0.0,0.0,51.15,3742.67,5000.0,18.5,0.0,False
2024-05-29 10:00:00,0.0,0.0,1.85,4672.31,5000.0,23.3,0.0,False
2024-06-29 01:00:00,0.0,0.0,2.1,4194.65,5000.0,18.3,0.0,False
2024-09-11 00:00:00,0.0,0.0,1.96,4817.32,5000.0,14.7,0.0,False
2024-09-21 02:00:00,0.0,0.0,2.3,3868.92,5000.0,13.3,0.0,False
2024-05-18 17:00:00,,0.0,2.47,4720.05,5000.0,23.1,0.0,False
2024-04-15 07:00:00,0.0,0.0,34.64,3794.35,5000.0,13.6,0.0,False
2024-08-22 10:00:00,0.0,0.0,1.9,3120.73,5000.0,21.7,0.0,False
2024-04-26 18:00:00,0.0,0.0,45.71,4637.5,5000.0,19.1,0.0,False
2024-07-24 02:00:00,0.0,0.0,2.08,4505.48,5000.0,18.6,0.0,False
2024-06-22 00:00:00,0.0,0.0,1.83,4106.84,5000.0,20.0,0.0,False
2024-06-01 14:00:00,0.0,0.0,2.13,4744.25,5000.0,25.5,0.0,False
2024-09-09 14:00:00,0.0,0.0,2.16,4538.58,5000.0,24.6,0.0,False
2024-09-02 20:00:00,0.0,0.0,,4741.44,5000.0,22.4,0.0,False
2024-07-23 17:00:00,0.0,0.0,1.84,4698.37,5000.0,26.6,0.0,False
2024-08-03 15:00:00,0.0,0.0,1.82,4996.0,5000.0,30.0,0.0,False
2024-09-19 19:00:00,0.0,0.0,42.21,3813.34,5000.0,21.2,0.0,False
2024-09-25 14:00:00,0.0,,2.4,3935.4,5000.0,23.4,0.0,False
2024-07-01 10:00:00,0.0,0.0,2.16,4817.33,5000.0,24.2,0.0,False
2024-06-12 20:00:00,0.0,0.0,39.98,4731.03,5000.0,25.4,0.0,False
2024-07-26 18:00:00,0.0,0.0,51.6,4477.14,5000.0,26.4,0.0,False
2024-08-18 11:00:00,0.0,0.0,2.35,4047.55,5000.0,24.2,0.0,False
2024-09-06 20:00:00,0.0,0.0,45.92,3326.31,5000.0,23.7,0.0,False
2024-06-19 16:00:00,0.0,0.0,2.23,4995.82,5000.0,26.5,0.0,False
2024-07-14 10:00:00,0.0,0.0,2.07,4576.65,5000.0,25.5,0.0,False
2024-09-30 22:00:00,0.0,0.0,1.93,2030.8,5000.0,16.3,0.0,False
2024-07-30 07:00:00,0.0,0.0,27.91,4937.74,5000.0,22.8,0.0,False
2024-06-26 00:00:00,0.0,0.0,2.09,4822.68,5000.0,20.1,0.0,False
2024-04-17 23:00:00,3.39,467.38,2.37,,5000.0,12.8,465.01,False
2024-04-29 22:00:00,0.0,0.0,2.23,4695.72,5000.0,15.9,0.0,False
2024-04-13 11:00:00,0.0,0.0,1.85,3476.81,5000.0,15.8,0.0,False
2024-06-06 06:00:00,0.0,0.0,32.36,4813.74,5000.0,17.6,0.0,False
2024-05-17 20:00:00,0.0,0.0,46.55,,5000.0,22.2,0.0,False
2024-08-31 19:00:00,0.0,0.0,49.57,,5000.0,23.1,0.0,False
2024-09-23 03:00:00,0.0,0.0,1.79,4840.91,5000.0,12.6,0.0,False
2024-05-25 07:00:00,0.0,0.0,27.27,4694.03,5000.0,19.4,0.0,False
2024-07-17 02:00:00,0.0,0.0,1.8,4895.73,5000.0,17.3,0.0,False
2024-08-01 11:00:00,0.0,0.0,70.42,4929.58,5000.0,26.9,0.0,False
2024-07-31 23:00:00,0.0,0.0,2.06,4675.48,5000.0,20.6,0.0,False
2024-05-10 20:00:00,2.34,296.51,48.29,4922.29,5000.0,20.2,0.0,False
2024-08-29 02:00:00,0.0,,1.83,4536.32,5000.0,16.7,0.0,False
2024-04-15 15:00:00,0.0,0.0,1.93,3571.11,5000.0,20.1,0.0,False
2024-07-02 20:00:00,0.0,0.0,44.74,4488.29,5000.0,25.6,0.0,False
2024-07-23 21:00:00,0.0,0.0,49.37,4515.74,5000.0,23.5,0.0,False
2024-09-15 01:00:00,0.0,0.0,2.39,4904.75,5000.0,15.8,0.0,False
2024-08-05 15:00:00,,0.0,2.4,4554.58,5000.0,27.7,0.0,False
2024-09-03 00:00:00,0.0,0.0,,4697.32,5000.0,17.1,0.0,False
2024-04-25 05:00:00,0.0,0.0,1.96,4042.91,5000.0,11.6,0.0,False
2024-07-31 15:00:00,0.0,0.0,2.32,4876.57,5000.0,29.0,0.0,False
2024-07-05 17:00:00,0.0,0.0,2.2,4821.2,5000.0,24.6,0.0,False
2024-06-23 07:00:00,,97.35,,5000.0,5000.0,21.1,28.52,False
2024-07-04 01:00:00,0.0,0.0,2.37,4827.58,5000.0,18.4,0.0,False
2024-09-24 04:00:00,0.0,0.0,2.1,4527.16,5000.0,13.6,0.0,False
2024-08-06 17:00:00,0.0,0.0,2.09,4997.91,5000.0,31.1,0.0,False
2024-06-01 00:00:00,0.0,0.0,2.15,4859.69,5000.0,18.0,0.0,False
2024-05-14 00:00:00,0.0,0.0,2.34,4180.68,5000.0,16.8,0.0,False
2024-08-11 12:00:00,0.0,0.0,,4383.02,5000.0,27.1,0.0,False
2024-04-11 13:00:00,0.0,0.0,2.38,3394.45,5000.0,18.4,0.0,False
2024-05-26 08:00:00,0.0,0.0,33.43,4356.28,5000.0,19.7,0.0,False
2024-06-11 00:00:00,0.0,0.0,2.37,4392.78,5000.0,18.8,0.0,False
2024-06-07 01:00:00,0.0,,2.28,4527.54,5000.0,17.1,0.0,False
2024-05-19 20:00:00,0.0,,51.85,,5000.0,22.2,0.0,False
2024-06-27 23:00:00,0.0,0.0,2.46,4508.67,5000.0,21.4,0.0,False
2024-05-11 08:00:00,0.0,0.0,38.77,4878.12,5000.0,15.5,0.0,False
2024-06-04 02:00:00,0.0,,1.87,4317.77,5000.0,17.1,0.0,False
2024-07-30 23:00:00,0.71,92.85,2.43,4880.24,5000.0,22.7,0.0,False
2024-09-03 20:00:00,0.0,0.0,40.41,4257.96,5000.0,24.6,0.0,False
2024-06-22 12:00:00,0.0,,2.2,4993.14,5000.0,,0.0,False
2024-06-04 04:00:00,0.0,0.0,2.3,4313.24,5000.0,16.3,0.0,False
2024-08-21 04:00:00,0.0,0.0,2.11,3264.56,5000.0,19.4,0.0,False
2024-08-19 20:00:00,0.0,0.0,42.37,3628.76,5000.0,25.2,0.0,False
2024-09-05 08:00:00,0.0,0.0,32.24,3971.23,5000.0,18.9,0.0,False
2024-04-27 04:00:00,1.12,149.45,2.04,4637.86,5000.0,11.7,0.0,False
2024-06-01 01:00:00,0.0,0.0,1.85,4857.84,5000.0,18.5,0.0,False
2024-04-11 23:00:00,0.0,0.0,,4015.33,5000.0,12.2,0.0,False
2024-04-10 12:00:00,0.0,0.0,,2140.05,5000.0,15.6,0.0,False
2024-07-02 23:00:00,3.31,428.78,2.15,5000.0,5000.0,21.4,120.85,False
2024-07-28 10:00:00,0.0,0.0,1.91,3914.83,5000.0,28.0,0.0,False
2024-04-26 11:00:00,0.0,0.0,1.86,4697.25,5000.0,19.3,0.0,False
2024-08-14 23:00:00,0.0,0.0,2.42,4997.58,5000.0,20.0,0.0,False
2024-04-16 09:00:00,0.0,0.0,1.93,3266.85,5000.0,17.0,0.0,False
2024-04-27 02:00:00,0.0,0.0,2.41,4492.91,5000.0,11.7,0.0,False
2024-08-09 17:00:00,0.0,0.0,1.8,4994.3,5000.0,28.5,0.0,False
2024-04-11 12:00:00,0.0,0.0,1.71,3396.83,5000.0,18.8,0.0,False
2024-07-31 01:00:00,0.72,86.29,2.26,5000.0,5000.0,18.9,84.03,False
2024-09-18 12:00:00,0.0,0.0,49.91,4148.27,5000.0,20.7,0.0,False
2024-09-16 10:00:00,0.0,0.0,2.18,4301.47,5000.0,20.2,0.0,False
2024-09-17 03:00:00,0.0,0.0,2.18,4082.53,5000.0,13.0,0.0,False
2024-04-30 10:00:00,0.0,0.0,2.47,,5000.0,16.7,0.0,False
2024-08-01 18:00:00,0.0,0.0,36.1,4744.44,5000.0,26.8,0.0,False
2024-06-06 00:00:00,0.0,0.0,,4856.46,5000.0,20.6,0.0,False
2024-07-30 08:00:00,0.0,0.0,39.33,4898.41,5000.0,20.4,0.0,False
2024-08-24 15:00:00,0.0,0.0,2.19,2313.72,5000.0,29.0,0.0,False
2024-08-08 20:00:00,0.0,0.0,40.09,4959.91,5000.0,25.9,0.0,False
2024-05-09 09:00:00,0.0,0.0,2.3,4892.49,5000.0,19.4,0.0,False
2024-08-31 02:00:00,0.0,0.0,2.04,3923.3,5000.0,12.8,0.0,False
2024-07-15 21:00:00,0.0,0.0,48.13,3884.77,5000.0,23.9,0.0,False
2024-09-18 08:00:00,0.0,0.0,36.43,4272.61,5000.0,17.1,0.0,False
2024-09-27 22:00:00,0.0,0.0,2.21,3161.14,5000.0,15.7,0.0,False
2024-06-01 08:00:00,0.0,0.0,27.61,4756.59,5000.0,22.3,0.0,False
2024-09-30 07:00:00,0.0,0.0,33.27,2458.44,5000.0,14.9,0.0,False
2024-09-03 23:00:00,0.0,0.0,1.84,4205.08,5000.0,17.2,0.0,False
2024-08-14 08:00:00,0.0,,39.3,4875.2,5000.0,21.6,0.0,False
2024-04-30 12:00:00,0.0,0.0,67.3,4450.32,5000.0,21.8,0.0,False
2024-05-02 23:00:00,0.0,0.0,1.99,4825.39,5000.0,15.2,0.0,False
2024-06-22 07:00:00,1.88,260.44,35.27,5000.0,5000.0,21.7,72.78,False
2024-07-29 02:00:00,0.0,0.0,1.94,4685.42,5000.0,19.0,0.0,False
2024-06-30 08:00:00,0.0,0.0,36.74,4721.15,5000.0,22.4,0.0,False
2024-07-05 09:00:00,0.8,,1.9,4997.56,5000.0,24.3,0.0,False
2024-04-14 06:00:00,0.0,0.0,34.23,3332.11,5000.0,10.7,0.0,False
2024-05-11 05:00:00,0.0,0.0,2.31,4983.46,5000.0,13.8,0.0,False
2024-09-17 00:00:00,0.0,0.0,2.15,4088.96,5000.0,16.0,0.0,False
2024-05-22 16:00:00,0.0,0.0,1.83,4474.09,5000.0,23.9,0.0,False
2024-09-11 19:00:00,0.0,0.0,50.64,4901.38,5000.0,22.6,0.0,False
2024-06-03 20:00:00,0.0,0.0,43.45,4366.96,5000.0,21.9,0.0,False
2024-04-25 21:00:00,0.0,0.0,48.73,4816.24,5000.0,17.6,0.0,False
2024-04-18 16:00:00,0.0,0.0,1.8,4711.87,5000.0,19.8,0.0,False
2024-07-02 14:00:00,0.0,0.0,1.99,4621.55,5000.0,28.9,0.0,False
2024-07-01 21:00:00,0.0,0.0,45.72,4620.1,5000.0,26.0,0.0,False
2024-07-17 20:00:00,3.12,410.86,51.96,5000.0,5000.0,24.0,358.9,False
2024-08-14 14:00:00,0.0,0.0,1.78,4861.73,5000.0,24.9,0.0,False
2024-09-11 13:00:00,2.8,346.88,2.44,5000.0,5000.0,23.4,344.44,False
2024-09-28 16:00:00,0.0,0.0,2.29,3031.91,5000.0,22.0,0.0,False
2024-08-22 20:00:00,0.0,0.0,46.93,2795.0,5000.0,24.5,0.0,False
2024-05-16 19:00:00,0.0,0.0,44.31,4890.69,5000.0,,0.0,False
2024-07-15 05:00:00,0.0,0.0,1.72,4181.13,5000.0,19.8,0.0,False
2024-09-07 15:00:00,0.0,0.0,2.34,3272.4,5000.0,25.4,0.0,False
2024-07-31 00:00:00,1.3,164.21,1.96,5000.0,5000.0,20.1,42.49,False
2024-09-21 01:00:00,0.0,0.0,2.27,3871.22,5000.0,15.9,0.0,False
2024-08-14 09:00:00,0.0,0.0,2.46,4872.74,5000.0,21.6,0.0,False
2024-08-19 11:00:00,0.0,,62.18,3876.48,5000.0,23.8,0.0,False
2024-09-01 03:00:00,0.0,0.0,1.94,3403.27,5000.0,16.3,0.0,False
2024-08-19 01:00:00,0.0,0.0,2.45,3848.24,5000.0,17.0,0.0,False
2024-09-26 16:00:00,,0.0,2.31,3813.38,5000.0,21.8,0.0,False
2024-08-25 06:00:00,0.0,0.0,32.21,,5000.0,19.0,0.0,False
2024-07-14 09:00:00,0.0,0.0,2.36,4578.72,5000.0,22.9,0.0,False
2024-08-18 17:00:00,0.0,0.0,1.75,4035.69,5000.0,26.3,0.0,False
2024-10-01 09:00:00,0.0,0.0,1.82,1914.52,5000.0,19.2,0.0,False
2024-09-08 15:00:00,0.0,0.0,2.07,4997.93,5000.0,24.7,0.0,False
2024-07-30 17:00:00,0.0,0.0,1.7,4879.45,5000.0,27.3,0.0,False
2024-09-10 20:00:00,0.0,0.0,47.2,4863.43,5000.0,22.8,0.0,False
2024-04-12 12:00:00,0.0,0.0,52.94,3857.34,5000.0,19.3,0.0,False
2024-07-14 08:00:00,0.0,0.0,36.21,4581.08,5000.0,22.1,0.0,False
2024-06-25 00:00:00,0.0,0.0,1.98,4993.86,5000.0,,0.0,False
2024-06-07 14:00:00,4.03,535.61,1.98,5000.0,5000.0,,533.63,False
2024-08-16 03:00:00,0.0,0.0,2.17,4667.5,5000.0,19.4,0.0,False
2024-05-21 11:00:00,0.0,0.0,63.32,4904.53,5000.0,23.2,0.0,False
2024-09-18 22:00:00,0.0,0.0,1.84,4037.43,5000.0,,0.0,False
2024-06-22 19:00:00,0.0,0.0,42.24,4957.76,5000.0,25.3,0.0,False
2024-08-02 13:00:00,0.0,0.0,2.21,4708.19,5000.0,28.0,0.0,False
2024-08-09 01:00:00,0.0,0.0,2.29,4902.49,5000.0,17.4,0.0,False
2024-08-14 21:00:00,0.44,,51.69,4940.19,5000.0,20.5,0.0,False
2024-06-07 02:00:00,0.0,0.0,2.1,4525.44,5000.0,17.0,0.0,False
2024-07-08 08:00:00,0.0,0.0,30.21,4695.93,5000.0,24.0,0.0,False
2024-07-01 23:00:00,0.0,0.0,,4615.77,5000.0,22.4,0.0,False
2024-09-14 10:00:00,0.0,0.0,2.0,4806.12,5000.0,19.8,0.0,False
2024-04-09 08:00:00,0.0,0.0,35.29,2633.62,5000.0,10.8,0.0,False
2024-07-01 14:00:00,0.0,0.0,2.42,4808.16,5000.0,28.1,0.0,False
2024-07-13 15:00:00,0.0,0.0,1.78,4874.84,5000.0,,0.0,False
2024-06-25 23:00:00,0.0,0.0,2.23,4824.77,5000.0,21.1,0.0,False
2024-09-03 21:00:00,0.0,0.0,49.32,4208.64,5000.0,21.2,0.0,False
2024-08-13 11:00:00,0.62,83.44,67.01,4748.2,5000.0,25.8,0.0,False
2024-09-03 19:00:00,0.0,0.0,43.25,4298.37,5000.0,22.2,0.0,False
2024-07-23 16:00:00,0.0,0.0,1.87,4700.21,5000.0,,0.0,False
2024-05-03 17:00:00,0.0,0.0,2.24,4724.29,5000.0,20.6,0.0,False
2024-04-14 05:00:00,0.0,0.0,1.92,3366.34,5000.0,10.6,0.0,False
2024-05-02 18:00:00,0.0,0.0,38.58,4957.8,5000.0,18.5,0.0,False
2024-07-10 09:00:00,0.0,0.0,2.31,4689.66,5000.0,24.5,0.0,False
2024-06-22 11:00:00,0.0,0.0,2.37,4995.34,5000.0,25.6,0.0,False
2024-04-24 10:00:00,0.0,,2.14,3522.33,5000.0,18.6,0.0,False
2024-05-13 21:00:00,0.0,0.0,46.05,,5000.0,18.2,0.0,False
2024-04-12 11:00:00,0.0,0.0,65.01,3910.28,5000.0,18.5,0.0,False
2024-04-30 01:00:00,0.0,0.0,1.77,4689.62,5000.0,12.3,0.0,False
2024-08-15 20:00:00,0.0,0.0,51.62,4723.06,5000.0,22.5,0.0,False
2024-06-08 20:00:00,0.0,0.0,38.0,4363.41,5000.0,22.4,0.0,False
2024-07-16 08:00:00,0.0,0.0,31.92,3772.01,5000.0,23.8,0.0,False
2024-07-01 22:00:00,0.0,0.0,2.01,4618.09,5000.0,,0.0,False
2024-04-28 00:00:00,0.0,0.0,1.77,4353.4,5000.0,12.9,0.0,False
2024-10-06 14:00:00,0.0,0.0,1.82,916.46,5000.0,20.4,0.0,False
2024-04-27 09:00:00,0.0,0.0,2.5,4733.35,5000.0,16.9,0.0,False
2024-07-19 03:00:00,0.0,0.0,1.81,4815.74,5000.0,18.3,0.0,False
2024-10-02 07:00:00,0.0,0.0,38.28,1955.7,5000.0,14.5,0.0,False
2024-06-17 10:00:00,0.0,0.0,1.9,4545.73,5000.0,22.1,0.0,False
2024-06-26 04:00:00,0.0,0.0,2.12,4813.83,5000.0,18.5,0.0,False
2024-08-30 14:00:00,0.0,0.0,2.28,4108.0,5000.0,26.5,0.0,False
2024-08-23 01:00:00,0.0,0.0,2.12,2736.25,5000.0,16.2,0.0,False
2024-04-14 09:00:00,0.0,0.0,1.74,3261.22,5000.0,13.3,0.0,False
2024-04-29 12:00:00,,0.0,2.33,4891.06,5000.0,22.7,0.0,False
2024-08-13 00:00:00,0.0,0.0,2.37,4796.42,5000.0,21.8,0.0,False
2024-05-31 16:00:00,1.54,172.2,1.74,5000.0,5000.0,26.5,170.46,False
2024-07-23 09:00:00,0.0,0.0,2.22,4888.27,5000.0,24.4,0.0,False
2024-08-10 12:00:00,0.0,0.0,57.19,4776.99,5000.0,26.8,0.0,False
2024-07-04 00:00:00,0.0,0.0,2.34,4829.95,5000.0,19.8,0.0,False
2024-09-06 22:00:00,0.0,0.0,2.34,3277.36,5000.0,19.3,0.0,False
2024-09-10 00:00:00,0.0,0.0,1.94,4343.22,5000.0,16.5,0.0,False
2024-07-02 08:00:00,,0.0,36.38,4814.49,5000.0,24.0,0.0,False
2024-09-18 11:00:00,0.0,0.0,70.12,4198.18,5000.0,21.4,0.0,False
2024-05-30 15:00:00,0.0,0.0,2.26,4641.27,5000.0,27.7,0.0,False
2024-09-16 01:00:00,0.0,0.0,2.47,4422.81,5000.0,12.0,0.0,False
2024-05-16 21:00:00,0.0,0.0,39.03,4808.01,5000.0,19.0,0.0,False
2024-05-05 12:00:00,0.0,0.0,,4694.96,5000.0,20.7,0.0,False
2024-04-29 09:00:00,0.0,0.0,1.98,4897.49,5000.0,18.4,0.0,False
2024-04-09 00:00:00,0.0,0.0,2.31,2747.69,5000.0,,0.0,False
2024-06-16 01:00:00,0.0,0.0,2.46,4997.54,5000.0,17.5,0.0,False
2024-05-20 15:00:00,3.55,455.68,1.74,4798.46,5000.0,24.5,0.0,False
2024-09-03 12:00:00,0.0,0.0,58.67,4464.95,5000.0,24.4,0.0,False
2024-05-19 00:00:00,,0.0,,4554.62,5000.0,14.6,0.0,False
2024-08-22 08:00:00,0.0,0.0,34.11,3124.64,5000.0,21.4,0.0,False
2024-05-10 23:00:00,0.0,0.0,2.42,4995.78,5000.0,15.7,0.0,False
2024-08-22 01:00:00,0.0,0.0,2.25,3236.95,5000.0,18.2,0.0,False
2024-08-03 13:00:00,,234.25,1.91,5000.0,5000.0,29.2,232.34,False
2024-08-30 08:00:00,0.0,,32.6,4120.67,5000.0,19.8,0.0,False
2024-10-07 21:00:00,0.0,0.0,42.29,,5000.0,18.6,0.0,False
2024-05-19 13:00:00,0.0,0.0,2.34,4648.68,5000.0,23.5,0.0,False
2024-05-28 04:00:00,0.0,0.0,1.77,4603.84,5000.0,16.0,0.0,False
2024-04-17 20:00:00,0.0,0.0,41.06,4865.27,5000.0,18.0,0.0,False
2024-07-01 16:00:00,0.0,0.0,1.75,4804.26,5000.0,26.7,0.0,False
2024-08-24 02:00:00,0.0,0.0,1.95,2431.07,5000.0,18.1,0.0,False
2024-06-21 19:00:00,0.0,0.0,46.17,4202.75,5000.0,25.9,0.0,False
2024-04-17 08:00:00,0.0,0.0,31.04,4876.4,5000.0,14.4,0.0,False
2024-08-25 00:00:00,0.0,0.0,2.5,2118.22,5000.0,17.7,0.0,False
2024-07-01 00:00:00,0.0,0.0,2.04,4519.58,5000.0,20.5,0.0,False
2024-07-12 03:00:00,0.0,0.0,2.23,4995.94,5000.0,19.4,0.0,False
2024-09-10 01:00:00,0.0,0.0,2.42,4340.8,5000.0,,0.0,False
2024-08-16 05:00:00,0.0,,1.99,4663.34,5000.0,18.6,0.0,False
2024-06-01 16:00:00,0.0,0.0,1.86,4740.13,5000.0,25.7,0.0,False
2024-07-28 18:00:00,0.0,0.0,46.08,3853.75,5000.0,27.7,0.0,False
2024-08-22 15:00:00,0.0,0.0,2.44,2941.31,5000.0,26.2,0.0,False
2024-06-07 21:00:00,0.0,0.0,39.16,4819.71,5000.0,22.7,0.0,False
2024-09-26 02:00:00,0.0,,2.41,3752.99,5000.0,13.0,0.0,False
2024-07-05 07:00:00,0.0,0.0,33.88,4935.54,5000.0,21.0,0.0,False
2024-08-05 04:00:00,0.0,,2.28,4511.18,5000.0,17.5,0.0,False
2024-07-12 09:00:00,0.0,0.0,2.46,4884.25,5000.0,23.6,0.0,False
2024-06-13 04:00:00,0.0,0.0,2.38,4669.32,5000.0,15.9,0.0,False
2024-09-16 07:00:00,0.0,0.0,37.42,4343.83,5000.0,16.6,0.0,False
2024-08-27 18:00:00,3.26,439.9,41.93,5000.0,5000.0,28.3,397.97,False
2024-09-05 21:00:00,0.0,0.0,47.37,3767.65,5000.0,21.0,0.0,False
2024-04-29 23:00:00,0.0,0.0,2.04,4693.68,5000.0,14.9,0.0,False
2024-09-21 08:00:00,0.0,0.0,31.29,3770.58,5000.0,16.8,0.0,False
2024-06-12 12:00:00,,0.0,1.9,4884.74,5000.0,29.9,0.0,False
2024-06-19 08:00:00,0.0,0.0,29.84,4862.2,5000.0,20.8,0.0,False
2024-07-08 17:00:00,0.0,0.0,2.15,4997.85,5000.0,28.5,0.0,False
2024-09-07 22:00:00,0.0,0.0,,3078.25,5000.0,17.2,0.0,False
2024-07-11 01:00:00,0.0,0.0,2.34,4807.38,5000.0,19.3,0.0,False
2024-08-08 19:00:00,0.81,,43.82,5000.0,5000.0,24.9,63.24,False
2024-10-06 08:00:00,0.0,0.0,32.22,,5000.0,14.0,0.0,False
2024-05-13 13:00:00,0.0,0.0,1.74,4370.25,5000.0,24.2,0.0,False
2024-05-29 02:00:00,0.0,0.0,2.28,4780.62,5000.0,,0.0,False
2024-08-26 22:00:00,0.0,0.0,1.98,3057.91,5000.0,21.2,0.0,False
2024-09-08 10:00:00,2.23,306.36,2.09,4507.31,5000.0,20.4,0.0,False
2024-09-13 02:00:00,0.0,0.0,1.92,4538.54,5000.0,,0.0,False
2024-08-02 03:00:00,0.0,0.0,1.88,4820.45,5000.0,18.9,0.0,False
2024-07-15 12:00:00,0.0,0.0,2.39,4078.52,5000.0,28.1,0.0,False
2024-06-29 13:00:00,1.13,145.31,54.48,4284.01,5000.0,29.2,0.0,False
2024-04-18 18:00:00,0.0,0.0,46.6,4663.24,5000.0,16.3,0.0,False
2024-04-14 00:00:00,0.0,0.0,1.88,3276.7,5000.0,11.1,0.0,False
2024-05-18 05:00:00,0.0,0.0,1.93,4992.2,5000.0,15.3,0.0,False
2024-09-14 22:00:00,0.0,0.0,2.15,4911.42,5000.0,17.9,0.0,False
2024-07-26 03:00:00,0.0,0.0,1.88,4811.39,5000.0,19.1,0.0,False
2024-04-20 17:00:00,0.0,0.0,1.9,4578.11,5000.0,21.2,0.0,False
2024-07-13 21:00:00,0.0,0.0,39.43,4699.71,5000.0,25.4,0.0,False
2024-06-12 17:00:00,0.0,0.0,2.29,,5000.0,28.0,0.0,False
2024-05-18 14:00:00,0.0,0.0,1.95,4726.73,5000.0,22.9,0.0,False
2024-09-21 18:00:00,0.0,0.0,43.14,3523.4,5000.0,21.4,0.0,False
2024-07-29 14:00:00,0.0,0.0,1.96,4371.82,5000.0,27.4,0.0,False
2024-07-08 10:00:00,0.0,0.0,1.97,4692.25,5000.0,25.7,0.0,False
2024-06-29 08:00:00,0.0,0.0,32.29,4091.09,5000.0,20.9,0.0,False
2024-04-15 23:00:00,0.0,0.0,2.21,3381.58,5000.0,13.4,0.0,False
2024-05-21 09:00:00,0.0,0.0,2.23,4969.84,5000.0,20.1,0.0,False
2024-08-21 19:00:00,0.0,0.0,46.99,3344.9,5000.0,24.2,0.0,False
2024-07-10 01:00:00,0.0,0.0,1.82,4806.49,5000.0,21.2,0.0,False
2024-08-01 08:00:00,0.0,0.0,33.19,4557.82,5000.0,23.3,0.0,False
2024-09-01 06:00:00,0.0,0.0,39.27,3359.87,5000.0,18.0,0.0,False
2024-06-10 19:00:00,0.0,0.0,40.98,4495.09,5000.0,26.5,0.0,False
2024-08-18 15:00:00,0.0,0.0,1.78,4039.41,5000.0,27.2,0.0,False
2024-06-06 14:00:00,0.0,0.0,2.04,4737.55,5000.0,27.0,0.0,False
2024-06-27 07:00:00,0.0,0.0,,4729.98,5000.0,21.4,0.0,False
2024-04-23 03:00:00,0.0,0.0,2.09,3585.03,5000.0,10.0,0.0,False
2024-04-25 01:00:00,0.0,0.0,2.02,4051.06,5000.0,13.1,0.0,False
2024-05-01 10:00:00,0.0,0.0,2.11,4921.12,5000.0,19.5,0.0,False
2024-10-02 02:00:00,0.0,0.0,2.07,2031.04,5000.0,11.9,0.0,False
2024-05-06 16:00:00,0.0,0.0,2.16,4546.92,5000.0,23.7,0.0,False
2024-06-19 07:00:00,0.0,0.0,37.67,4892.04,5000.0,20.2,0.0,False
2024-05-16 08:00:00,0.86,107.93,35.99,5000.0,5000.0,19.9,71.94,False
2024-09-04 14:00:00,0.0,0.0,1.83,4075.13,5000.0,24.1,0.0,False
2024-08-12 10:00:00,1.76,211.31,1.83,5000.0,5000.0,25.9,209.48,False
2024-05-05 07:00:00,0.0,0.0,31.86,4731.88,5000.0,13.6,0.0,False
2024-05-09 13:00:00,0.0,0.0,51.42,4729.74,5000.0,22.8,0.0,False
2024-04-16 13:00:00,0.0,0.0,2.19,3258.34,5000.0,17.2,0.0,False
2024-06-27 10:00:00,0.0,0.0,1.74,4694.08,5000.0,27.0,0.0,False
2024-07-24 15:00:00,0.0,0.0,1.72,4986.24,5000.0,,0.0,False
2024-06-18 18:00:00,0.0,0.0,39.09,,5000.0,24.7,0.0,False
2024-06-03 03:00:00,0.0,0.0,1.99,4603.95,5000.0,18.1,0.0,False
2024-05-06 11:00:00,0.0,0.0,62.44,4408.17,5000.0,18.6,0.0,False
2024-07-22 22:00:00,0.0,0.0,2.08,4956.01,5000.0,21.8,0.0,False
